0.00000 0.00859 
0.00300 0.00859 
0.00600 0.00869 
0.00900 0.00879 
0.01200 0.00889 
0.01500 0.00899 
0.01800 0.00909 
0.02100 0.00919 
0.02400 0.00930 
0.02700 0.00940 
0.03000 0.00951 
0.03300 0.00961 
0.03600 0.00972 
0.03900 0.00982 
0.04201 0.00993 
0.04501 0.01004 
0.04801 0.01015 
0.05101 0.01026 
0.05401 0.01037 
0.05701 0.01048 
0.06001 0.01059 
0.06301 0.01071 
0.06601 0.01082 
0.06901 0.01093 
0.07201 0.01105 
0.07501 0.01117 
0.07801 0.01128 
0.08101 0.01140 
0.08401 0.01152 
0.08701 0.01164 
0.09001 0.01176 
0.09301 0.01188 
0.09601 0.01200 
0.09901 0.01212 
0.10201 0.01224 
0.10501 0.01237 
0.10801 0.01249 
0.11101 0.01262 
0.11401 0.01274 
0.11701 0.01287 
0.12001 0.01300 
0.12301 0.01313 
0.12601 0.01326 
0.12901 0.01339 
0.13201 0.01352 
0.13501 0.01365 
0.13801 0.01378 
0.14102 0.01392 
0.14402 0.01405 
0.14702 0.01418 
0.15002 0.01432 
0.15302 0.01446 
0.15602 0.01459 
0.15902 0.01473 
0.16202 0.01487 
0.16502 0.01501 
0.16802 0.01515 
0.17102 0.01529 
0.17402 0.01543 
0.17702 0.01557 
0.18002 0.01572 
0.18302 0.01586 
0.18602 0.01601 
0.18902 0.01615 
0.19202 0.01630 
0.19502 0.01645 
0.19802 0.01659 
0.20102 0.01674 
0.20402 0.01689 
0.20702 0.01704 
0.21002 0.01719 
0.21302 0.01735 
0.21602 0.01750 
0.21902 0.01765 
0.22202 0.01781 
0.22502 0.01796 
0.22802 0.01812 
0.23102 0.01827 
0.23402 0.01843 
0.23702 0.01859 
0.24002 0.01875 
0.24303 0.01891 
0.24603 0.01907 
0.24903 0.01923 
0.25203 0.01939 
0.25503 0.01955 
0.25803 0.01971 
0.26103 0.01988 
0.26403 0.02004 
0.26703 0.02021 
0.27003 0.02037 
0.27303 0.02054 
0.27603 0.02071 
0.27903 0.02088 
0.28203 0.02105 
0.28503 0.02122 
0.28803 0.02139 
0.29103 0.02156 
0.29403 0.02173 
0.29703 0.02190 
0.30003 0.02208 
0.30303 0.02225 
0.30603 0.02243 
0.30903 0.02260 
0.31203 0.02278 
0.31503 0.02296 
0.31803 0.02313 
0.32103 0.02331 
0.32403 0.02349 
0.32703 0.02367 
0.33003 0.02385 
0.33303 0.02403 
0.33603 0.02422 
0.33903 0.02440 
0.34204 0.02458 
0.34504 0.02477 
0.34804 0.02495 
0.35104 0.02514 
0.35404 0.02532 
0.35704 0.02551 
0.36004 0.02570 
0.36304 0.02589 
0.36604 0.02607 
0.36904 0.02626 
0.37204 0.02645 
0.37504 0.02664 
0.37804 0.02684 
0.38104 0.02703 
0.38404 0.02722 
0.38704 0.02742 
0.39004 0.02761 
0.39304 0.02780 
0.39604 0.02800 
0.39904 0.02820 
0.40204 0.02839 
0.40504 0.02859 
0.40804 0.02879 
0.41104 0.02899 
0.41404 0.02919 
0.41704 0.02939 
0.42004 0.02959 
0.42304 0.02979 
0.42604 0.02999 
0.42904 0.03019 
0.43204 0.03040 
0.43504 0.03060 
0.43804 0.03081 
0.44105 0.03101 
0.44405 0.03122 
0.44705 0.03142 
0.45005 0.03163 
0.45305 0.03184 
0.45605 0.03205 
0.45905 0.03225 
0.46205 0.03246 
0.46505 0.03267 
0.46805 0.03288 
0.47105 0.03310 
0.47405 0.03331 
0.47705 0.03352 
0.48005 0.03373 
0.48305 0.03395 
0.48605 0.03416 
0.48905 0.03437 
0.49205 0.03459 
0.49505 0.03480 
0.49805 0.03502 
0.50105 0.03524 
0.50405 0.03545 
0.50705 0.03567 
0.51005 0.03589 
0.51305 0.03611 
0.51605 0.03633 
0.51905 0.03655 
0.52205 0.03677 
0.52505 0.03699 
0.52805 0.03721 
0.53105 0.03743 
0.53405 0.03766 
0.53705 0.03788 
0.54005 0.03810 
0.54306 0.03833 
0.54606 0.03855 
0.54906 0.03878 
0.55206 0.03900 
0.55506 0.03923 
0.55806 0.03946 
0.56106 0.03968 
0.56406 0.03991 
0.56706 0.04014 
0.57006 0.04037 
0.57306 0.04060 
0.57606 0.04083 
0.57906 0.04106 
0.58206 0.04129 
0.58506 0.04152 
0.58806 0.04175 
0.59106 0.04198 
0.59406 0.04221 
0.59706 0.04245 
0.60006 0.04268 
0.60306 0.04291 
0.60606 0.04315 
0.60906 0.04338 
0.61206 0.04362 
0.61506 0.04385 
0.61806 0.04409 
0.62106 0.04432 
0.62406 0.04456 
0.62706 0.04480 
0.63006 0.04504 
0.63306 0.04527 
0.63606 0.04551 
0.63906 0.04575 
0.64207 0.04600 
0.64507 0.04625 
0.64807 0.04650 
0.65107 0.04677 
0.65407 0.04708 
0.65707 0.04738 
0.66007 0.04768 
0.66307 0.04799 
0.66607 0.04830 
0.66907 0.04861 
0.67207 0.04892 
0.67507 0.04923 
0.67807 0.04954 
0.68107 0.04985 
0.68407 0.05017 
0.68707 0.05048 
0.69007 0.05080 
0.69307 0.05112 
0.69607 0.05143 
0.69907 0.05175 
0.70207 0.05208 
0.70507 0.05240 
0.70807 0.05272 
0.71107 0.05305 
0.71407 0.05337 
0.71707 0.05370 
0.72007 0.05403 
0.72307 0.05436 
0.72607 0.05469 
0.72907 0.05502 
0.73207 0.05535 
0.73507 0.05568 
0.73807 0.05602 
0.74108 0.05636 
0.74408 0.05669 
0.74708 0.05703 
0.75008 0.05737 
0.75308 0.05771 
0.75608 0.05805 
0.75908 0.05840 
0.76208 0.05874 
0.76508 0.05909 
0.76808 0.05944 
0.77108 0.05978 
0.77408 0.06013 
0.77708 0.06048 
0.78008 0.06083 
0.78308 0.06119 
0.78608 0.06154 
0.78908 0.06189 
0.79208 0.06225 
0.79508 0.06261 
0.79808 0.06297 
0.80108 0.06333 
0.80408 0.06369 
0.80708 0.06405 
0.81008 0.06441 
0.81308 0.06477 
0.81608 0.06514 
0.81908 0.06551 
0.82208 0.06587 
0.82508 0.06624 
0.82808 0.06661 
0.83108 0.06698 
0.83408 0.06736 
0.83708 0.06773 
0.84008 0.06810 
0.84309 0.06848 
0.84609 0.06886 
0.84909 0.06923 
0.85209 0.06961 
0.85509 0.06999 
0.85809 0.07038 
0.86109 0.07076 
0.86409 0.07114 
0.86709 0.07153 
0.87009 0.07192 
0.87309 0.07230 
0.87609 0.07269 
0.87909 0.07308 
0.88209 0.07347 
0.88509 0.07387 
0.88809 0.07426 
0.89109 0.07465 
0.89409 0.07505 
0.89709 0.07545 
0.90009 0.07585 
0.90309 0.07625 
0.90609 0.07665 
0.90909 0.07705 
0.91209 0.07745 
0.91509 0.07786 
0.91809 0.07826 
0.92109 0.07867 
0.92409 0.07908 
0.92709 0.07949 
0.93009 0.07989 
0.93309 0.08031 
0.93609 0.08072 
0.93909 0.08113 
0.94210 0.08155 
0.94510 0.08196 
0.94810 0.08238 
0.95110 0.08274 
0.95410 0.08302 
0.95710 0.08329 
0.96010 0.08356 
0.96310 0.08383 
0.96610 0.08410 
0.96910 0.08438 
0.97210 0.08465 
0.97510 0.08492 
0.97810 0.08519 
0.98110 0.08546 
0.98410 0.08573 
0.98710 0.08600 
0.99010 0.08627 
0.99310 0.08654 
0.99610 0.08681 
0.99910 0.08708 
1.00210 0.08735 
1.00510 0.08761 
1.00810 0.08788 
1.01110 0.08815 
1.01410 0.08842 
1.01710 0.08869 
1.02010 0.08895 
1.02310 0.08922 
1.02610 0.08949 
1.02910 0.08975 
1.03210 0.09002 
1.03510 0.09028 
1.03810 0.09055 
1.04111 0.09081 
1.04411 0.09108 
1.04711 0.09134 
1.05011 0.09161 
1.05311 0.09187 
1.05611 0.09214 
1.05911 0.09240 
1.06211 0.09266 
1.06511 0.09293 
1.06811 0.09319 
1.07111 0.09345 
1.07411 0.09372 
1.07711 0.09398 
1.08011 0.09424 
1.08311 0.09450 
1.08611 0.09476 
1.08911 0.09502 
1.09211 0.09528 
1.09511 0.09554 
1.09811 0.09580 
1.10111 0.09606 
1.10411 0.09632 
1.10711 0.09658 
1.11011 0.09684 
1.11311 0.09710 
1.11611 0.09736 
1.11911 0.09761 
1.12211 0.09787 
1.12511 0.09813 
1.12811 0.09839 
1.13111 0.09864 
1.13411 0.09890 
1.13711 0.09915 
1.14011 0.09941 
1.14312 0.09966 
1.14612 0.09991 
1.14912 0.10017 
1.15212 0.10042 
1.15512 0.10068 
1.15812 0.10093 
1.16112 0.10119 
1.16412 0.10144 
1.16712 0.10169 
1.17012 0.10194 
1.17312 0.10219 
1.17612 0.10245 
1.17912 0.10270 
1.18212 0.10295 
1.18512 0.10320 
1.18812 0.10345 
1.19112 0.10370 
1.19412 0.10395 
1.19712 0.10420 
1.20012 0.10444 
1.20312 0.10469 
1.20612 0.10494 
1.20912 0.10519 
1.21212 0.10543 
1.21512 0.10568 
1.21812 0.10593 
1.22112 0.10617 
1.22412 0.10642 
1.22712 0.10666 
1.23012 0.10691 
1.23312 0.10715 
1.23612 0.10740 
1.23912 0.10764 
1.24213 0.10788 
1.24513 0.10812 
1.24813 0.10836 
1.25113 0.10861 
1.25413 0.10885 
1.25713 0.10909 
1.26013 0.10933 
1.26313 0.10957 
1.26613 0.10981 
1.26913 0.11005 
1.27213 0.11030 
1.27513 0.11053 
1.27813 0.11077 
1.28113 0.11101 
1.28413 0.11125 
1.28713 0.11149 
1.29013 0.11172 
1.29313 0.11196 
1.29613 0.11220 
1.29913 0.11244 
1.30213 0.11251 
1.30513 0.11252 
1.30813 0.11253 
1.31113 0.11253 
1.31413 0.11254 
1.31713 0.11255 
1.32013 0.11255 
1.32313 0.11256 
1.32613 0.11256 
1.32913 0.11256 
1.33213 0.11256 
1.33513 0.11256 
1.33813 0.11256 
1.34114 0.11256 
1.34414 0.11255 
1.34714 0.11255 
1.35014 0.11255 
1.35314 0.11255 
1.35614 0.11254 
1.35914 0.11253 
1.36214 0.11253 
1.36514 0.11252 
1.36814 0.11251 
1.37114 0.11250 
1.37414 0.11250 
1.37714 0.11249 
1.38014 0.11247 
1.38314 0.11246 
1.38614 0.11245 
1.38914 0.11244 
1.39214 0.11242 
1.39514 0.11241 
1.39814 0.11239 
1.40114 0.11237 
1.40414 0.11236 
1.40714 0.11234 
1.41014 0.11232 
1.41314 0.11230 
1.41614 0.11228 
1.41914 0.11226 
1.42214 0.11224 
1.42514 0.11221 
1.42814 0.11219 
1.43114 0.11217 
1.43414 0.11214 
1.43714 0.11212 
1.44014 0.11209 
1.44315 0.11206 
1.44615 0.11203 
1.44915 0.11201 
1.45215 0.11198 
1.45515 0.11195 
1.45815 0.11192 
1.46115 0.11189 
1.46415 0.11186 
1.46715 0.11182 
1.47015 0.11179 
1.47315 0.11176 
1.47615 0.11172 
1.47915 0.11169 
1.48215 0.11165 
1.48515 0.11162 
1.48815 0.11158 
1.49115 0.11154 
1.49415 0.11151 
1.49715 0.11147 
1.50015 0.11143 
1.50315 0.11137 
1.50615 0.11131 
1.50915 0.11125 
1.51215 0.11119 
1.51515 0.11112 
1.51815 0.11106 
1.52115 0.11100 
1.52415 0.11093 
1.52715 0.11087 
1.53015 0.11080 
1.53315 0.11074 
1.53615 0.11067 
1.53915 0.11061 
1.54216 0.11054 
1.54516 0.11047 
1.54816 0.11040 
1.55116 0.11033 
1.55416 0.11026 
1.55716 0.11019 
1.56016 0.11012 
1.56316 0.11005 
1.56616 0.10998 
1.56916 0.10991 
1.57216 0.10983 
1.57516 0.10976 
1.57816 0.10969 
1.58116 0.10961 
1.58416 0.10953 
1.58716 0.10946 
1.59016 0.10938 
1.59316 0.10931 
1.59616 0.10923 
1.59916 0.10915 
1.60216 0.10907 
1.60516 0.10899 
1.60816 0.10892 
1.61116 0.10884 
1.61416 0.10876 
1.61716 0.10867 
1.62016 0.10859 
1.62316 0.10851 
1.62616 0.10843 
1.62916 0.10835 
1.63216 0.10826 
1.63516 0.10818 
1.63816 0.10810 
1.64117 0.10801 
1.64417 0.10793 
1.64717 0.10784 
1.65017 0.10776 
1.65317 0.10767 
1.65617 0.10758 
1.65917 0.10750 
1.66217 0.10741 
1.66517 0.10732 
1.66817 0.10723 
1.67117 0.10715 
1.67417 0.10706 
1.67717 0.10697 
1.68017 0.10688 
1.68317 0.10679 
1.68617 0.10670 
1.68917 0.10661 
1.69217 0.10651 
1.69517 0.10642 
1.69817 0.10633 
1.70117 0.10624 
1.70417 0.10614 
1.70717 0.10605 
1.71017 0.10596 
1.71317 0.10586 
1.71617 0.10577 
1.71917 0.10567 
1.72217 0.10558 
1.72517 0.10548 
1.72817 0.10539 
1.73117 0.10529 
1.73417 0.10519 
1.73717 0.10509 
1.74017 0.10500 
1.74318 0.10490 
1.74618 0.10480 
1.74918 0.10470 
1.75218 0.10465 
1.75518 0.10462 
1.75818 0.10459 
1.76118 0.10456 
1.76418 0.10453 
1.76718 0.10450 
1.77018 0.10447 
1.77318 0.10444 
1.77618 0.10440 
1.77918 0.10437 
1.78218 0.10433 
1.78518 0.10430 
1.78818 0.10427 
1.79118 0.10423 
1.79418 0.10419 
1.79718 0.10416 
1.80018 0.10412 
1.80318 0.10408 
1.80618 0.10405 
1.80918 0.10401 
1.81218 0.10397 
1.81518 0.10393 
1.81818 0.10389 
1.82118 0.10385 
1.82418 0.10381 
1.82718 0.10377 
1.83018 0.10373 
1.83318 0.10369 
1.83618 0.10365 
1.83918 0.10361 
1.84219 0.10357 
1.84519 0.10352 
1.84819 0.10348 
1.85119 0.10344 
1.85419 0.10339 
1.85719 0.10335 
1.86019 0.10330 
1.86319 0.10326 
1.86619 0.10321 
1.86919 0.10317 
1.87219 0.10312 
1.87519 0.10308 
1.87819 0.10303 
1.88119 0.10298 
1.88419 0.10293 
1.88719 0.10289 
1.89019 0.10284 
1.89319 0.10279 
1.89619 0.10274 
1.89919 0.10269 
1.90219 0.10264 
1.90519 0.10259 
1.90819 0.10254 
1.91119 0.10249 
1.91419 0.10244 
1.91719 0.10239 
1.92019 0.10233 
1.92319 0.10228 
1.92619 0.10223 
1.92919 0.10218 
1.93219 0.10212 
1.93519 0.10207 
1.93819 0.10202 
1.94120 0.10196 
1.94420 0.10191 
1.94720 0.10185 
1.95020 0.10180 
1.95320 0.10174 
1.95620 0.10169 
1.95920 0.10163 
1.96220 0.10157 
1.96520 0.10152 
1.96820 0.10146 
1.97120 0.10141 
1.97420 0.10135 
1.97720 0.10129 
1.98020 0.10123 
1.98320 0.10117 
1.98620 0.10111 
1.98920 0.10106 
1.99220 0.10100 
1.99520 0.10094 
1.99820 0.10088 
2.00120 0.10082 
2.00420 0.10076 
2.00720 0.10070 
2.01020 0.10064 
2.01320 0.10057 
2.01620 0.10051 
2.01920 0.10045 
2.02220 0.10039 
2.02520 0.10033 
2.02820 0.10026 
2.03120 0.10020 
2.03420 0.10014 
2.03720 0.10007 
2.04020 0.10001 
2.04321 0.09995 
2.04621 0.09988 
2.04921 0.09982 
2.05221 0.09975 
2.05521 0.09969 
2.05821 0.09962 
2.06121 0.09956 
2.06421 0.09949 
2.06721 0.09943 
2.07021 0.09936 
2.07321 0.09929 
2.07621 0.09923 
2.07921 0.09916 
2.08221 0.09909 
2.08521 0.09902 
2.08821 0.09896 
2.09121 0.09889 
2.09421 0.09882 
2.09721 0.09875 
2.10021 0.09868 
2.10321 0.09861 
2.10621 0.09854 
2.10921 0.09847 
2.11221 0.09841 
2.11521 0.09834 
2.11821 0.09827 
2.12121 0.09820 
2.12421 0.09812 
2.12721 0.09805 
2.13021 0.09798 
2.13321 0.09791 
2.13621 0.09784 
2.13921 0.09777 
2.14222 0.09770 
2.14522 0.09763 
2.14822 0.09755 
2.15122 0.09748 
2.15422 0.09741 
2.15722 0.09734 
2.16022 0.09726 
2.16322 0.09719 
2.16622 0.09712 
2.16922 0.09704 
2.17222 0.09697 
2.17522 0.09689 
2.17822 0.09682 
2.18122 0.09675 
2.18422 0.09667 
2.18722 0.09660 
2.19022 0.09652 
2.19322 0.09645 
2.19622 0.09637 
2.19922 0.09630 
2.20222 0.09622 
2.20522 0.09614 
2.20822 0.09607 
2.21122 0.09599 
2.21422 0.09592 
2.21722 0.09584 
2.22022 0.09576 
2.22322 0.09569 
2.22622 0.09561 
2.22922 0.09553 
2.23222 0.09545 
2.23522 0.09538 
2.23822 0.09530 
2.24123 0.09522 
2.24423 0.09514 
2.24723 0.09506 
2.25023 0.09500 
2.25323 0.09508 
2.25623 0.09516 
2.25923 0.09524 
2.26223 0.09532 
2.26523 0.09540 
2.26823 0.09548 
2.27123 0.09556 
2.27423 0.09564 
2.27723 0.09572 
2.28023 0.09580 
2.28323 0.09588 
2.28623 0.09596 
2.28923 0.09604 
2.29223 0.09612 
2.29523 0.09620 
2.29823 0.09628 
2.30123 0.09636 
2.30423 0.09644 
2.30723 0.09652 
2.31023 0.09660 
2.31323 0.09668 
2.31623 0.09676 
2.31923 0.09684 
2.32223 0.09692 
2.32523 0.09700 
2.32823 0.09708 
2.33123 0.09716 
2.33423 0.09724 
2.33723 0.09732 
2.34023 0.09740 
2.34324 0.09748 
2.34624 0.09756 
2.34924 0.09764 
2.35224 0.09772 
2.35524 0.09780 
2.35824 0.09788 
2.36124 0.09796 
2.36424 0.09804 
2.36724 0.09812 
2.37024 0.09820 
2.37324 0.09828 
2.37624 0.09836 
2.37924 0.09844 
2.38224 0.09852 
2.38524 0.09860 
2.38824 0.09868 
2.39124 0.09876 
2.39424 0.09884 
2.39724 0.09893 
2.40024 0.09901 
2.40324 0.09909 
2.40624 0.09917 
2.40924 0.09925 
2.41224 0.09933 
2.41524 0.09941 
2.41824 0.09949 
2.42124 0.09957 
2.42424 0.09965 
2.42724 0.09973 
2.43024 0.09981 
2.43324 0.09989 
2.43624 0.09997 
2.43924 0.10005 
2.44225 0.10013 
2.44525 0.10021 
2.44825 0.10029 
2.45125 0.10037 
2.45425 0.10046 
2.45725 0.10054 
2.46025 0.10062 
2.46325 0.10070 
2.46625 0.10078 
2.46925 0.10086 
2.47225 0.10094 
2.47525 0.10102 
2.47825 0.10110 
2.48125 0.10118 
2.48425 0.10126 
2.48725 0.10134 
2.49025 0.10142 
2.49325 0.10150 
2.49625 0.10159 
2.49925 0.10167 
2.50225 0.10175 
2.50525 0.10183 
2.50825 0.10192 
2.51125 0.10200 
2.51425 0.10208 
2.51725 0.10217 
2.52025 0.10225 
2.52325 0.10234 
2.52625 0.10242 
2.52925 0.10251 
2.53225 0.10259 
2.53525 0.10267 
2.53825 0.10276 
2.54126 0.10284 
2.54426 0.10293 
2.54726 0.10301 
2.55026 0.10310 
2.55326 0.10318 
2.55626 0.10327 
2.55926 0.10335 
2.56226 0.10343 
2.56526 0.10352 
2.56826 0.10360 
2.57126 0.10369 
2.57426 0.10377 
2.57726 0.10386 
2.58026 0.10394 
2.58326 0.10403 
2.58626 0.10411 
2.58926 0.10420 
2.59226 0.10428 
2.59526 0.10437 
2.59826 0.10445 
2.60126 0.10454 
2.60426 0.10462 
2.60726 0.10471 
2.61026 0.10479 
2.61326 0.10487 
2.61626 0.10496 
2.61926 0.10504 
2.62226 0.10513 
2.62526 0.10521 
2.62826 0.10530 
2.63126 0.10538 
2.63426 0.10547 
2.63726 0.10555 
2.64026 0.10564 
2.64327 0.10572 
2.64627 0.10581 
2.64927 0.10589 
2.65227 0.10598 
2.65527 0.10606 
2.65827 0.10614 
2.66127 0.10623 
2.66427 0.10631 
2.66727 0.10639 
2.67027 0.10648 
2.67327 0.10656 
2.67627 0.10665 
2.67927 0.10673 
2.68227 0.10682 
2.68527 0.10690 
2.68827 0.10699 
2.69127 0.10707 
2.69427 0.10716 
2.69727 0.10724 
2.70027 0.10733 
2.70327 0.10742 
2.70627 0.10750 
2.70927 0.10759 
2.71227 0.10767 
2.71527 0.10776 
2.71827 0.10784 
2.72127 0.10793 
2.72427 0.10802 
2.72727 0.10810 
2.73027 0.10819 
2.73327 0.10827 
2.73627 0.10836 
2.73927 0.10844 
2.74228 0.10853 
2.74528 0.10862 
2.74828 0.10870 
2.75128 0.10869 
2.75428 0.10856 
2.75728 0.10843 
2.76028 0.10830 
2.76328 0.10817 
2.76628 0.10804 
2.76928 0.10791 
2.77228 0.10777 
2.77528 0.10764 
2.77828 0.10751 
2.78128 0.10738 
2.78428 0.10725 
2.78728 0.10712 
2.79028 0.10699 
2.79328 0.10686 
2.79628 0.10673 
2.79928 0.10660 
2.80228 0.10647 
2.80528 0.10634 
2.80828 0.10621 
2.81128 0.10606 
2.81428 0.10593 
2.81728 0.10580 
2.82028 0.10567 
2.82328 0.10554 
2.82628 0.10541 
2.82928 0.10528 
2.83228 0.10516 
2.83528 0.10503 
2.83828 0.10490 
2.84129 0.10477 
2.84429 0.10464 
2.84729 0.10451 
2.85029 0.10438 
2.85329 0.10425 
2.85629 0.10413 
2.85929 0.10400 
2.86229 0.10387 
2.86529 0.10374 
2.86829 0.10361 
2.87129 0.10348 
2.87429 0.10335 
2.87729 0.10323 
2.88029 0.10310 
2.88329 0.10297 
2.88629 0.10284 
2.88929 0.10272 
2.89229 0.10259 
2.89529 0.10246 
2.89829 0.10233 
2.90129 0.10220 
2.90429 0.10208 
2.90729 0.10195 
2.91029 0.10182 
2.91329 0.10170 
2.91629 0.10157 
2.91929 0.10144 
2.92229 0.10132 
2.92529 0.10119 
2.92829 0.10106 
2.93129 0.10094 
2.93429 0.10081 
2.93729 0.10068 
2.94029 0.10056 
2.94330 0.10043 
2.94630 0.10030 
2.94930 0.10018 
2.95230 0.10005 
2.95530 0.09990 
2.95830 0.09977 
2.96130 0.09965 
2.96430 0.09952 
2.96730 0.09940 
2.97030 0.09927 
2.97330 0.09915 
2.97630 0.09902 
2.97930 0.09890 
2.98230 0.09877 
2.98530 0.09865 
2.98830 0.09852 
2.99130 0.09840 
2.99430 0.09827 
2.99730 0.09815 
3.00030 0.09803 
3.00330 0.09790 
3.00630 0.09778 
3.00930 0.09765 
3.01230 0.09753 
3.01530 0.09740 
3.01830 0.09728 
3.02130 0.09716 
3.02430 0.09703 
3.02730 0.09691 
3.03030 0.09679 
3.03330 0.09666 
3.03630 0.09654 
3.03930 0.09642 
3.04231 0.09629 
3.04531 0.09617 
3.04831 0.09605 
3.05131 0.09593 
3.05431 0.09580 
3.05731 0.09568 
3.06031 0.09556 
3.06331 0.09544 
3.06631 0.09532 
3.06931 0.09519 
3.07231 0.09507 
3.07531 0.09495 
3.07831 0.09483 
3.08131 0.09470 
3.08431 0.09458 
3.08731 0.09446 
3.09031 0.09434 
3.09331 0.09422 
3.09631 0.09409 
3.09931 0.09394 
3.10231 0.09382 
3.10531 0.09370 
3.10831 0.09357 
3.11131 0.09345 
3.11431 0.09333 
3.11731 0.09321 
3.12031 0.09309 
3.12331 0.09297 
3.12631 0.09285 
3.12931 0.09273 
3.13231 0.09261 
3.13531 0.09249 
3.13831 0.09237 
3.14132 0.09226 
3.14432 0.09214 
3.14732 0.09202 
3.15032 0.09190 
3.15332 0.09178 
3.15632 0.09166 
3.15932 0.09154 
3.16232 0.09142 
3.16532 0.09130 
3.16832 0.09118 
3.17132 0.09107 
3.17432 0.09095 
3.17732 0.09083 
3.18032 0.09071 
3.18332 0.09059 
3.18632 0.09048 
3.18932 0.09036 
3.19232 0.09024 
3.19532 0.09012 
3.19832 0.09000 
3.20132 0.08989 
3.20432 0.08977 
3.20732 0.08965 
3.21032 0.08953 
3.21332 0.08941 
3.21632 0.08930 
3.21932 0.08918 
3.22232 0.08906 
3.22532 0.08894 
3.22832 0.08883 
3.23132 0.08871 
3.23432 0.08859 
3.23732 0.08848 
3.24032 0.08836 
3.24333 0.08820 
3.24633 0.08809 
3.24933 0.08797 
3.25233 0.08778 
3.25533 0.08758 
3.25833 0.08737 
3.26133 0.08716 
3.26433 0.08696 
3.26733 0.08675 
3.27033 0.08655 
3.27333 0.08635 
3.27633 0.08615 
3.27933 0.08595 
3.28233 0.08575 
3.28533 0.08555 
3.28833 0.08535 
3.29133 0.08515 
3.29433 0.08495 
3.29733 0.08476 
3.30033 0.08456 
3.30333 0.08437 
3.30633 0.08417 
3.30933 0.08398 
3.31233 0.08378 
3.31533 0.08359 
3.31833 0.08340 
3.32133 0.08321 
3.32433 0.08302 
3.32733 0.08283 
3.33033 0.08264 
3.33333 0.08245 
3.33633 0.08227 
3.33933 0.08208 
3.34234 0.08189 
3.34534 0.08171 
3.34834 0.08152 
3.35134 0.08134 
3.35434 0.08116 
3.35734 0.08097 
3.36034 0.08079 
3.36334 0.08061 
3.36634 0.08043 
3.36934 0.08025 
3.37234 0.08007 
3.37534 0.07989 
3.37834 0.07971 
3.38134 0.07954 
3.38434 0.07936 
3.38734 0.07914 
3.39034 0.07897 
3.39334 0.07879 
3.39634 0.07862 
3.39934 0.07844 
3.40234 0.07827 
3.40534 0.07810 
3.40834 0.07793 
3.41134 0.07776 
3.41434 0.07759 
3.41734 0.07742 
3.42034 0.07725 
3.42334 0.07708 
3.42634 0.07691 
3.42934 0.07675 
3.43234 0.07658 
3.43534 0.07641 
3.43834 0.07625 
3.44135 0.07608 
3.44435 0.07592 
3.44735 0.07575 
3.45035 0.07559 
3.45335 0.07543 
3.45635 0.07526 
3.45935 0.07510 
3.46235 0.07494 
3.46535 0.07478 
3.46835 0.07462 
3.47135 0.07446 
3.47435 0.07430 
3.47735 0.07414 
3.48035 0.07398 
3.48335 0.07382 
3.48635 0.07366 
3.48935 0.07351 
3.49235 0.07335 
3.49535 0.07319 
3.49835 0.07304 
3.50135 0.07288 
3.50435 0.07273 
3.50735 0.07257 
3.51035 0.07242 
3.51335 0.07227 
3.51635 0.07212 
3.51935 0.07196 
3.52235 0.07181 
3.52535 0.07166 
3.52835 0.07151 
3.53135 0.07131 
3.53435 0.07116 
3.53735 0.07101 
3.54035 0.07087 
3.54336 0.07072 
3.54636 0.07057 
3.54936 0.07042 
3.55236 0.07028 
3.55536 0.07013 
3.55836 0.06998 
3.56136 0.06984 
3.56436 0.06969 
3.56736 0.06955 
3.57036 0.06940 
3.57336 0.06926 
3.57636 0.06912 
3.57936 0.06897 
3.58236 0.06883 
3.58536 0.06869 
3.58836 0.06855 
3.59136 0.06840 
3.59436 0.06826 
3.59736 0.06812 
3.60036 0.06798 
3.60336 0.06784 
3.60636 0.06770 
3.60936 0.06757 
3.61236 0.06743 
3.61536 0.06729 
3.61836 0.06715 
3.62136 0.06701 
3.62436 0.06688 
3.62736 0.06674 
3.63036 0.06660 
3.63336 0.06647 
3.63636 0.06633 
3.63936 0.06620 
3.64237 0.06606 
3.64537 0.06593 
3.64837 0.06579 
3.65137 0.06566 
3.65437 0.06553 
3.65737 0.06539 
3.66037 0.06526 
3.66337 0.06513 
3.66637 0.06499 
3.66937 0.06486 
3.67237 0.06473 
3.67537 0.06455 
3.67837 0.06442 
3.68137 0.06429 
3.68437 0.06417 
3.68737 0.06404 
3.69037 0.06391 
3.69337 0.06378 
3.69637 0.06365 
3.69937 0.06352 
3.70237 0.06340 
3.70537 0.06327 
3.70837 0.06314 
3.71137 0.06302 
3.71437 0.06289 
3.71737 0.06277 
3.72037 0.06264 
3.72337 0.06252 
3.72637 0.06239 
3.72937 0.06227 
3.73237 0.06214 
3.73537 0.06202 
3.73837 0.06190 
3.74138 0.06177 
3.74438 0.06165 
3.74738 0.06153 
3.75038 0.06141 
3.75338 0.06129 
3.75638 0.06116 
3.75938 0.06104 
3.76238 0.06092 
3.76538 0.06080 
3.76838 0.06068 
3.77138 0.06056 
3.77438 0.06044 
3.77738 0.06032 
3.78038 0.06020 
3.78338 0.06008 
3.78638 0.05996 
3.78938 0.05984 
3.79238 0.05972 
3.79538 0.05961 
3.79838 0.05949 
3.80138 0.05937 
3.80438 0.05925 
3.80738 0.05914 
3.81038 0.05902 
3.81338 0.05890 
3.81638 0.05879 
3.81938 0.05863 
3.82238 0.05852 
3.82538 0.05840 
3.82838 0.05829 
3.83138 0.05818 
3.83438 0.05806 
3.83738 0.05795 
3.84038 0.05784 
3.84339 0.05772 
3.84639 0.05761 
3.84939 0.05750 
3.85239 0.05739 
3.85539 0.05728 
3.85839 0.05717 
3.86139 0.05706 
3.86439 0.05695 
3.86739 0.05684 
3.87039 0.05673 
3.87339 0.05662 
3.87639 0.05651 
3.87939 0.05640 
3.88239 0.05629 
3.88539 0.05618 
3.88839 0.05607 
3.89139 0.05596 
3.89439 0.05585 
3.89739 0.05574 
3.90039 0.05563 
3.90339 0.05553 
3.90639 0.05542 
3.90939 0.05531 
3.91239 0.05520 
3.91539 0.05510 
3.91839 0.05499 
3.92139 0.05488 
3.92439 0.05478 
3.92739 0.05467 
3.93039 0.05457 
3.93339 0.05446 
3.93639 0.05436 
3.93939 0.05425 
3.94240 0.05415 
3.94540 0.05404 
3.94840 0.05394 
3.95140 0.05384 
3.95440 0.05373 
3.95740 0.05363 
3.96040 0.05353 
3.96340 0.05339 
3.96640 0.05329 
3.96940 0.05318 
3.97240 0.05308 
3.97540 0.05298 
3.97840 0.05288 
3.98140 0.05278 
3.98440 0.05268 
3.98740 0.05258 
3.99040 0.05248 
3.99340 0.05238 
3.99640 0.05228 
3.99940 0.05218 
4.00240 0.05210 
4.00540 0.05203 
4.00840 0.05195 
4.01140 0.05188 
4.01440 0.05181 
4.01740 0.05173 
4.02040 0.05166 
4.02340 0.05159 
4.02640 0.05151 
4.02940 0.05144 
4.03240 0.05137 
4.03540 0.05129 
4.03840 0.05122 
4.04141 0.05115 
4.04441 0.05107 
4.04741 0.05100 
4.05041 0.05093 
4.05341 0.05086 
4.05641 0.05078 
4.05941 0.05071 
4.06241 0.05064 
4.06541 0.05057 
4.06841 0.05049 
4.07141 0.05042 
4.07441 0.05035 
4.07741 0.05028 
4.08041 0.05021 
4.08341 0.05013 
4.08641 0.05006 
4.08941 0.04999 
4.09241 0.04992 
4.09541 0.04985 
4.09841 0.04978 
4.10141 0.04970 
4.10441 0.04963 
4.10741 0.04953 
4.11041 0.04946 
4.11341 0.04939 
4.11641 0.04932 
4.11941 0.04925 
4.12241 0.04918 
4.12541 0.04911 
4.12841 0.04904 
4.13141 0.04897 
4.13441 0.04890 
4.13741 0.04882 
4.14041 0.04875 
4.14342 0.04868 
4.14642 0.04861 
4.14942 0.04854 
4.15242 0.04847 
4.15542 0.04840 
4.15842 0.04833 
4.16142 0.04827 
4.16442 0.04820 
4.16742 0.04813 
4.17042 0.04806 
4.17342 0.04799 
4.17642 0.04792 
4.17942 0.04785 
4.18242 0.04778 
4.18542 0.04771 
4.18842 0.04764 
4.19142 0.04757 
4.19442 0.04750 
4.19742 0.04744 
4.20042 0.04737 
4.20342 0.04730 
4.20642 0.04723 
4.20942 0.04716 
4.21242 0.04709 
4.21542 0.04702 
4.21842 0.04695 
4.22142 0.04689 
4.22442 0.04682 
4.22742 0.04675 
4.23042 0.04668 
4.23342 0.04661 
4.23642 0.04654 
4.23942 0.04647 
4.24243 0.04640 
4.24543 0.04634 
4.24843 0.04627 
4.25143 0.04618 
4.25443 0.04611 
4.25743 0.04605 
4.26043 0.04598 
4.26343 0.04591 
4.26643 0.04585 
4.26943 0.04578 
4.27243 0.04571 
4.27543 0.04565 
4.27843 0.04558 
4.28143 0.04551 
4.28443 0.04545 
4.28743 0.04538 
4.29043 0.04531 
4.29343 0.04525 
4.29643 0.04518 
4.29943 0.04512 
4.30243 0.04505 
4.30543 0.04498 
4.30843 0.04492 
4.31143 0.04485 
4.31443 0.04479 
4.31743 0.04472 
4.32043 0.04466 
4.32343 0.04459 
4.32643 0.04453 
4.32943 0.04446 
4.33243 0.04439 
4.33543 0.04433 
4.33843 0.04426 
4.34143 0.04420 
4.34444 0.04413 
4.34744 0.04406 
4.35044 0.04400 
4.35344 0.04393 
4.35644 0.04387 
4.35944 0.04380 
4.36244 0.04374 
4.36544 0.04367 
4.36844 0.04361 
4.37144 0.04354 
4.37444 0.04348 
4.37744 0.04341 
4.38044 0.04335 
4.38344 0.04328 
4.38644 0.04322 
4.38944 0.04315 
4.39244 0.04309 
4.39544 0.04302 
4.39844 0.04295 
4.40144 0.04289 
4.40444 0.04283 
4.40744 0.04276 
4.41044 0.04270 
4.41344 0.04264 
4.41644 0.04257 
4.41944 0.04251 
4.42244 0.04245 
4.42544 0.04239 
4.42844 0.04232 
4.43144 0.04226 
4.43444 0.04220 
4.43744 0.04214 
4.44044 0.04207 
4.44345 0.04201 
4.44645 0.04195 
4.44945 0.04189 
4.45245 0.04182 
4.45545 0.04176 
4.45845 0.04170 
4.46145 0.04163 
4.46445 0.04157 
4.46745 0.04151 
4.47045 0.04145 
4.47345 0.04138 
4.47645 0.04132 
4.47945 0.04126 
4.48245 0.04120 
4.48545 0.04113 
4.48845 0.04107 
4.49145 0.04101 
4.49445 0.04095 
4.49745 0.04089 
4.50045 0.04082 
4.50345 0.04076 
4.50645 0.04070 
4.50945 0.04064 
4.51245 0.04058 
4.51545 0.04052 
4.51845 0.04046 
4.52145 0.04039 
4.52445 0.04033 
4.52745 0.04027 
4.53045 0.04021 
4.53345 0.04015 
4.53645 0.04009 
4.53945 0.04003 
4.54246 0.03997 
4.54546 0.03991 
4.54846 0.03985 
4.55146 0.03979 
4.55446 0.03974 
4.55746 0.03968 
4.56046 0.03962 
4.56346 0.03956 
4.56646 0.03950 
4.56946 0.03944 
4.57246 0.03938 
4.57546 0.03932 
4.57846 0.03926 
4.58146 0.03920 
4.58446 0.03914 
4.58746 0.03908 
4.59046 0.03902 
4.59346 0.03896 
4.59646 0.03890 
4.59946 0.03884 
4.60246 0.03878 
4.60546 0.03872 
4.60846 0.03866 
4.61146 0.03860 
4.61446 0.03854 
4.61746 0.03848 
4.62046 0.03843 
4.62346 0.03837 
4.62646 0.03831 
4.62946 0.03825 
4.63246 0.03819 
4.63546 0.03813 
4.63846 0.03807 
4.64146 0.03802 
4.64447 0.03796 
4.64747 0.03790 
4.65047 0.03784 
4.65347 0.03778 
4.65647 0.03773 
4.65947 0.03767 
4.66247 0.03761 
4.66547 0.03755 
4.66847 0.03750 
4.67147 0.03744 
4.67447 0.03738 
4.67747 0.03732 
4.68047 0.03726 
4.68347 0.03722 
4.68647 0.03716 
4.68947 0.03711 
4.69247 0.03705 
4.69547 0.03699 
4.69847 0.03694 
4.70147 0.03688 
4.70447 0.03682 
4.70747 0.03677 
4.71047 0.03671 
4.71347 0.03665 
4.71647 0.03660 
4.71947 0.03654 
4.72247 0.03648 
4.72547 0.03643 
4.72847 0.03637 
4.73147 0.03631 
4.73447 0.03626 
4.73747 0.03620 
4.74047 0.03615 
4.74348 0.03609 
4.74648 0.03604 
4.74948 0.03598 
4.75248 0.03592 
4.75548 0.03587 
4.75848 0.03581 
4.76148 0.03576 
4.76448 0.03570 
4.76748 0.03565 
4.77048 0.03559 
4.77348 0.03554 
4.77648 0.03548 
4.77948 0.03543 
4.78248 0.03537 
4.78548 0.03532 
4.78848 0.03526 
4.79148 0.03521 
4.79448 0.03515 
4.79748 0.03509 
4.80048 0.03504 
4.80348 0.03498 
4.80648 0.03493 
4.80948 0.03487 
4.81248 0.03482 
4.81548 0.03476 
4.81848 0.03471 
4.82148 0.03465 
4.82448 0.03460 
4.82748 0.03457 
4.83048 0.03452 
4.83348 0.03446 
4.83648 0.03441 
4.83948 0.03436 
4.84249 0.03430 
4.84549 0.03425 
4.84849 0.03420 
4.85149 0.03414 
4.85449 0.03409 
4.85749 0.03404 
4.86049 0.03398 
4.86349 0.03393 
4.86649 0.03388 
4.86949 0.03383 
4.87249 0.03377 
4.87549 0.03372 
4.87849 0.03367 
4.88149 0.03361 
4.88449 0.03356 
4.88749 0.03351 
4.89049 0.03346 
4.89349 0.03340 
4.89649 0.03335 
4.89949 0.03330 
4.90249 0.03325 
4.90549 0.03319 
4.90849 0.03314 
4.91149 0.03309 
4.91449 0.03303 
4.91749 0.03298 
4.92049 0.03293 
4.92349 0.03288 
4.92649 0.03282 
4.92949 0.03277 
4.93249 0.03272 
4.93549 0.03267 
4.93849 0.03261 
4.94149 0.03256 
4.94450 0.03251 
4.94750 0.03246 
4.95050 0.03241 
4.95350 0.03235 
4.95650 0.03230 
4.95950 0.03225 
4.96250 0.03220 
4.96550 0.03215 
4.96850 0.03210 
4.97150 0.03208 
4.97450 0.03203 
4.97750 0.03198 
4.98050 0.03193 
4.98350 0.03188 
4.98650 0.03183 
4.98950 0.03178 
4.99250 0.03173 
4.99550 0.03168 
4.99850 0.03163 
5.00150 0.03158 
5.00450 0.03153 
5.00750 0.03148 
5.01050 0.03143 
5.01350 0.03138 
5.01650 0.03133 
5.01950 0.03128 
5.02250 0.03123 
5.02550 0.03118 
5.02850 0.03113 
5.03150 0.03108 
5.03450 0.03103 
5.03750 0.03098 
5.04050 0.03093 
5.04351 0.03088 
5.04651 0.03083 
5.04951 0.03078 
5.05251 0.03073 
5.05551 0.03068 
5.05851 0.03063 
5.06151 0.03058 
5.06451 0.03053 
5.06751 0.03048 
5.07051 0.03043 
5.07351 0.03038 
5.07651 0.03033 
5.07951 0.03028 
5.08251 0.03023 
5.08551 0.03018 
5.08851 0.03013 
5.09151 0.03009 
5.09451 0.03004 
5.09751 0.02999 
5.10051 0.02994 
5.10351 0.02989 
5.10651 0.02984 
5.10951 0.02979 
5.11251 0.02979 
5.11551 0.02975 
5.11851 0.02970 
5.12151 0.02965 
5.12451 0.02960 
5.12751 0.02956 
5.13051 0.02951 
5.13351 0.02946 
5.13651 0.02941 
5.13951 0.02936 
5.14252 0.02932 
5.14552 0.02927 
5.14852 0.02922 
5.15152 0.02917 
5.15452 0.02912 
5.15752 0.02908 
5.16052 0.02903 
5.16352 0.02898 
5.16652 0.02893 
5.16952 0.02889 
5.17252 0.02884 
5.17552 0.02879 
5.17852 0.02874 
5.18152 0.02870 
5.18452 0.02865 
5.18752 0.02860 
5.19052 0.02855 
5.19352 0.02851 
5.19652 0.02846 
5.19952 0.02841 
5.20252 0.02837 
5.20552 0.02832 
5.20852 0.02827 
5.21152 0.02823 
5.21452 0.02818 
5.21752 0.02814 
5.22052 0.02809 
5.22352 0.02804 
5.22652 0.02800 
5.22952 0.02795 
5.23252 0.02790 
5.23552 0.02786 
5.23852 0.02781 
5.24152 0.02777 
5.24453 0.02772 
5.24753 0.02767 
5.25053 0.02763 
5.25353 0.02758 
5.25653 0.02759 
5.25953 0.02755 
5.26253 0.02750 
5.26553 0.02745 
5.26853 0.02741 
5.27153 0.02736 
5.27453 0.02732 
5.27753 0.02727 
5.28053 0.02723 
5.28353 0.02718 
5.28653 0.02714 
5.28953 0.02709 
5.29253 0.02705 
5.29553 0.02700 
5.29853 0.02696 
5.30153 0.02691 
5.30453 0.02687 
5.30753 0.02682 
5.31053 0.02678 
5.31353 0.02673 
5.31653 0.02669 
5.31953 0.02664 
5.32253 0.02660 
5.32553 0.02655 
5.32853 0.02651 
5.33153 0.02647 
5.33453 0.02642 
5.33753 0.02638 
5.34053 0.02633 
5.34354 0.02629 
5.34654 0.02625 
5.34954 0.02620 
5.35254 0.02616 
5.35554 0.02611 
5.35854 0.02607 
5.36154 0.02603 
5.36454 0.02598 
5.36754 0.02594 
5.37054 0.02589 
5.37354 0.02585 
5.37654 0.02580 
5.37954 0.02576 
5.38254 0.02572 
5.38554 0.02567 
5.38854 0.02563 
5.39154 0.02558 
5.39454 0.02554 
5.39754 0.02550 
5.40054 0.02552 
5.40354 0.02547 
5.40654 0.02543 
5.40954 0.02539 
5.41254 0.02534 
5.41554 0.02530 
5.41854 0.02526 
5.42154 0.02522 
5.42454 0.02517 
5.42754 0.02513 
5.43054 0.02509 
5.43354 0.02505 
5.43654 0.02500 
5.43954 0.02496 
5.44255 0.02492 
5.44555 0.02488 
5.44855 0.02484 
5.45155 0.02479 
5.45455 0.02475 
5.45755 0.02471 
5.46055 0.02467 
5.46355 0.02463 
5.46655 0.02458 
5.46955 0.02454 
5.47255 0.02450 
5.47555 0.02446 
5.47855 0.02442 
5.48155 0.02437 
5.48455 0.02433 
5.48755 0.02429 
5.49055 0.02425 
5.49355 0.02420 
5.49655 0.02416 
5.49955 0.02412 
5.50255 0.02408 
5.50555 0.02404 
5.50855 0.02400 
5.51155 0.02395 
5.51455 0.02391 
5.51755 0.02387 
5.52055 0.02383 
5.52355 0.02379 
5.52655 0.02375 
5.52955 0.02371 
5.53255 0.02366 
5.53555 0.02362 
5.53855 0.02358 
5.54155 0.02354 
5.54456 0.02357 
5.54756 0.02353 
5.55056 0.02349 
5.55356 0.02345 
5.55656 0.02341 
5.55956 0.02337 
5.56256 0.02333 
5.56556 0.02329 
5.56856 0.02325 
5.57156 0.02321 
5.57456 0.02317 
5.57756 0.02313 
5.58056 0.02309 
5.58356 0.02305 
5.58656 0.02301 
5.58956 0.02297 
5.59256 0.02293 
5.59556 0.02288 
5.59856 0.02284 
5.60156 0.02280 
5.60456 0.02276 
5.60756 0.02272 
5.61056 0.02268 
5.61356 0.02264 
5.61656 0.02260 
5.61956 0.02256 
5.62256 0.02252 
5.62556 0.02248 
5.62856 0.02245 
5.63156 0.02241 
5.63456 0.02237 
5.63756 0.02233 
5.64056 0.02229 
5.64357 0.02225 
5.64657 0.02221 
5.64957 0.02217 
5.65257 0.02213 
5.65557 0.02209 
5.65857 0.02205 
5.66157 0.02201 
5.66457 0.02197 
5.66757 0.02194 
5.67057 0.02190 
5.67357 0.02186 
5.67657 0.02182 
5.67957 0.02178 
5.68257 0.02174 
5.68557 0.02170 
5.68857 0.02173 
5.69157 0.02170 
5.69457 0.02166 
5.69757 0.02162 
5.70057 0.02158 
5.70357 0.02154 
5.70657 0.02150 
5.70957 0.02147 
5.71257 0.02143 
5.71557 0.02139 
5.71857 0.02135 
5.72157 0.02131 
5.72457 0.02127 
5.72757 0.02124 
5.73057 0.02120 
5.73357 0.02116 
5.73657 0.02112 
5.73957 0.02109 
5.74258 0.02105 
5.74558 0.02101 
5.74858 0.02097 
5.75158 0.02093 
5.75458 0.02090 
5.75758 0.02086 
5.76058 0.02082 
5.76358 0.02078 
5.76658 0.02075 
5.76958 0.02071 
5.77258 0.02067 
5.77558 0.02064 
5.77858 0.02060 
5.78158 0.02056 
5.78458 0.02053 
5.78758 0.02049 
5.79058 0.02045 
5.79358 0.02042 
5.79658 0.02038 
5.79958 0.02034 
5.80258 0.02031 
5.80558 0.02027 
5.80858 0.02023 
5.81158 0.02020 
5.81458 0.02016 
5.81758 0.02012 
5.82058 0.02009 
5.82358 0.02005 
5.82658 0.02001 
5.82958 0.01998 
5.83258 0.02000 
5.83558 0.01997 
5.83858 0.01993 
5.84158 0.01989 
5.84459 0.01986 
5.84759 0.01982 
5.85059 0.01979 
5.85359 0.01975 
5.85659 0.01971 
5.85959 0.01968 
5.86259 0.01964 
5.86559 0.01961 
5.86859 0.01957 
5.87159 0.01954 
5.87459 0.01950 
5.87759 0.01946 
5.88059 0.01943 
5.88359 0.01939 
5.88659 0.01936 
5.88959 0.01932 
5.89259 0.01929 
5.89559 0.01925 
5.89859 0.01922 
5.90159 0.01918 
5.90459 0.01915 
5.90759 0.01911 
5.91059 0.01908 
5.91359 0.01904 
5.91659 0.01901 
5.91959 0.01897 
5.92259 0.01894 
5.92559 0.01890 
5.92859 0.01887 
5.93159 0.01883 
5.93459 0.01880 
5.93759 0.01876 
5.94059 0.01873 
5.94360 0.01869 
5.94660 0.01866 
5.94960 0.01862 
5.95260 0.01859 
5.95560 0.01856 
5.95860 0.01852 
5.96160 0.01849 
5.96460 0.01845 
5.96760 0.01842 
5.97060 0.01838 
5.97360 0.01835 
5.97660 0.01837 
5.97960 0.01834 
5.98260 0.01831 
5.98560 0.01827 
5.98860 0.01824 
5.99160 0.01820 
5.99460 0.01817 
5.99760 0.01814 
6.00060 0.01810 
6.00360 0.01807 
6.00660 0.01804 
6.00960 0.01800 
6.01260 0.01797 
6.01560 0.01794 
6.01860 0.01790 
6.02160 0.01787 
6.02460 0.01784 
6.02760 0.01780 
6.03060 0.01777 
6.03360 0.01774 
6.03660 0.01771 
6.03960 0.01767 
6.04261 0.01764 
6.04561 0.01761 
6.04861 0.01757 
6.05161 0.01754 
6.05461 0.01751 
6.05761 0.01747 
6.06061 0.01744 
6.06361 0.01741 
6.06661 0.01737 
6.06961 0.01734 
6.07261 0.01731 
6.07561 0.01728 
6.07861 0.01724 
6.08161 0.01721 
6.08461 0.01718 
6.08761 0.01715 
6.09061 0.01711 
6.09361 0.01708 
6.09661 0.01705 
6.09961 0.01702 
6.10261 0.01698 
6.10561 0.01695 
6.10861 0.01692 
6.11161 0.01689 
6.11461 0.01686 
6.11761 0.01682 
6.12061 0.01684 
6.12361 0.01681 
6.12661 0.01678 
6.12961 0.01675 
6.13261 0.01672 
6.13561 0.01668 
6.13861 0.01665 
6.14161 0.01662 
6.14462 0.01659 
6.14762 0.01656 
6.15062 0.01653 
6.15362 0.01650 
6.15662 0.01647 
6.15962 0.01643 
6.16262 0.01640 
6.16562 0.01637 
6.16862 0.01634 
6.17162 0.01631 
6.17462 0.01628 
6.17762 0.01625 
6.18062 0.01621 
6.18362 0.01618 
6.18662 0.01615 
6.18962 0.01612 
6.19262 0.01609 
6.19562 0.01606 
6.19862 0.01603 
6.20162 0.01600 
6.20462 0.01597 
6.20762 0.01594 
6.21062 0.01591 
6.21362 0.01587 
6.21662 0.01584 
6.21962 0.01581 
6.22262 0.01578 
6.22562 0.01575 
6.22862 0.01572 
6.23162 0.01569 
6.23462 0.01566 
6.23762 0.01563 
6.24062 0.01560 
6.24363 0.01557 
6.24663 0.01554 
6.24963 0.01551 
6.25263 0.01548 
6.25563 0.01545 
6.25863 0.01542 
6.26163 0.01539 
6.26463 0.01541 
6.26763 0.01538 
6.27063 0.01535 
6.27363 0.01532 
6.27663 0.01529 
6.27963 0.01526 
6.28263 0.01523 
6.28563 0.01520 
6.28863 0.01517 
6.29163 0.01514 
6.29463 0.01511 
6.29763 0.01508 
6.30063 0.01505 
6.30363 0.01502 
6.30663 0.01499 
6.30963 0.01496 
6.31263 0.01493 
6.31563 0.01490 
6.31863 0.01488 
6.32163 0.01485 
6.32463 0.01482 
6.32763 0.01479 
6.33063 0.01476 
6.33363 0.01473 
6.33663 0.01470 
6.33963 0.01467 
6.34264 0.01464 
6.34564 0.01462 
6.34864 0.01459 
6.35164 0.01456 
6.35464 0.01453 
6.35764 0.01450 
6.36064 0.01447 
6.36364 0.01445 
6.36664 0.01442 
6.36964 0.01439 
6.37264 0.01436 
6.37564 0.01433 
6.37864 0.01431 
6.38164 0.01428 
6.38464 0.01425 
6.38764 0.01422 
6.39064 0.01419 
6.39364 0.01416 
6.39664 0.01414 
6.39964 0.01411 
6.40264 0.01408 
6.40564 0.01405 
6.40864 0.01406 
6.41164 0.01403 
6.41464 0.01400 
6.41764 0.01397 
6.42064 0.01395 
6.42364 0.01392 
6.42664 0.01389 
6.42964 0.01386 
6.43264 0.01384 
6.43564 0.01381 
6.43864 0.01378 
6.44164 0.01375 
6.44465 0.01373 
6.44765 0.01370 
6.45065 0.01367 
6.45365 0.01365 
6.45665 0.01362 
6.45965 0.01359 
6.46265 0.01357 
6.46565 0.01354 
6.46865 0.01351 
6.47165 0.01349 
6.47465 0.01346 
6.47765 0.01343 
6.48065 0.01341 
6.48365 0.01338 
6.48665 0.01335 
6.48965 0.01333 
6.49265 0.01330 
6.49565 0.01327 
6.49865 0.01325 
6.50165 0.01322 
6.50465 0.01319 
6.50765 0.01317 
6.51065 0.01314 
6.51365 0.01311 
6.51665 0.01309 
6.51965 0.01306 
6.52265 0.01304 
6.52565 0.01301 
6.52865 0.01298 
6.53165 0.01296 
6.53465 0.01293 
6.53765 0.01291 
6.54065 0.01288 
6.54366 0.01285 
6.54666 0.01283 
6.54966 0.01280 
6.55266 0.01280 
6.55566 0.01277 
6.55866 0.01275 
6.56166 0.01272 
6.56466 0.01270 
6.56766 0.01267 
6.57066 0.01264 
6.57366 0.01262 
6.57666 0.01259 
6.57966 0.01257 
6.58266 0.01254 
6.58566 0.01252 
6.58866 0.01249 
6.59166 0.01247 
6.59466 0.01244 
6.59766 0.01242 
6.60066 0.01239 
6.60366 0.01237 
6.60666 0.01234 
6.60966 0.01232 
6.61266 0.01229 
6.61566 0.01227 
6.61866 0.01224 
6.62166 0.01222 
6.62466 0.01219 
6.62766 0.01217 
6.63066 0.01215 
6.63366 0.01212 
6.63666 0.01210 
6.63966 0.01207 
6.64267 0.01205 
6.64567 0.01202 
6.64867 0.01200 
6.65167 0.01197 
6.65467 0.01195 
6.65767 0.01193 
6.66067 0.01190 
6.66367 0.01188 
6.66667 0.01185 
6.66967 0.01183 
6.67267 0.01181 
6.67567 0.01178 
6.67867 0.01176 
6.68167 0.01173 
6.68467 0.01171 
6.68767 0.01169 
6.69067 0.01166 
6.69367 0.01164 
6.69667 0.01163 
6.69967 0.01160 
6.70267 0.01158 
6.70567 0.01156 
6.70867 0.01153 
6.71167 0.01151 
6.71467 0.01149 
6.71767 0.01146 
6.72067 0.01144 
6.72367 0.01142 
6.72667 0.01139 
6.72967 0.01137 
6.73267 0.01135 
6.73567 0.01132 
6.73867 0.01130 
6.74167 0.01128 
6.74468 0.01126 
6.74768 0.01123 
6.75068 0.01121 
6.75368 0.01119 
6.75668 0.01116 
6.75968 0.01114 
6.76268 0.01112 
6.76568 0.01110 
6.76868 0.01107 
6.77168 0.01105 
6.77468 0.01103 
6.77768 0.01101 
6.78068 0.01098 
6.78368 0.01096 
6.78668 0.01094 
6.78968 0.01092 
6.79268 0.01089 
6.79568 0.01087 
6.79868 0.01085 
6.80168 0.01083 
6.80468 0.01080 
6.80768 0.01078 
6.81068 0.01076 
6.81368 0.01074 
6.81668 0.01072 
6.81968 0.01069 
6.82268 0.01067 
6.82568 0.01065 
6.82868 0.01063 
6.83168 0.01061 
6.83468 0.01059 
6.83768 0.01056 
6.84068 0.01055 
6.84369 0.01053 
6.84669 0.01051 
6.84969 0.01048 
6.85269 0.01046 
6.85569 0.01044 
6.85869 0.01042 
6.86169 0.01040 
6.86469 0.01038 
6.86769 0.01036 
6.87069 0.01033 
6.87369 0.01031 
6.87669 0.01029 
6.87969 0.01027 
6.88269 0.01025 
6.88569 0.01023 
6.88869 0.01021 
6.89169 0.01019 
6.89469 0.01017 
6.89769 0.01014 
6.90069 0.01012 
6.90369 0.01010 
6.90669 0.01008 
6.90969 0.01006 
6.91269 0.01004 
6.91569 0.01002 
6.91869 0.01000 
6.92169 0.00998 
6.92469 0.00996 
6.92769 0.00994 
6.93069 0.00992 
6.93369 0.00990 
6.93669 0.00988 
6.93969 0.00986 
6.94270 0.00984 
6.94570 0.00981 
6.94870 0.00979 
6.95170 0.00977 
6.95470 0.00975 
6.95770 0.00973 
6.96070 0.00971 
6.96370 0.00969 
6.96670 0.00967 
6.96970 0.00965 
6.97270 0.00963 
6.97570 0.00961 
6.97870 0.00959 
6.98170 0.00957 
6.98470 0.00956 
6.98770 0.00954 
6.99070 0.00952 
6.99370 0.00950 
6.99670 0.00948 
6.99970 0.00946 
7.00270 0.00944 
7.00570 0.00942 
7.00870 0.00940 
7.01170 0.00938 
7.01470 0.00936 
7.01770 0.00934 
7.02070 0.00932 
7.02370 0.00930 
7.02670 0.00928 
7.02970 0.00926 
7.03270 0.00925 
7.03570 0.00923 
7.03870 0.00921 
7.04170 0.00919 
7.04471 0.00917 
7.04771 0.00915 
7.05071 0.00913 
7.05371 0.00911 
7.05671 0.00909 
7.05971 0.00907 
7.06271 0.00906 
7.06571 0.00904 
7.06871 0.00902 
7.07171 0.00900 
7.07471 0.00898 
7.07771 0.00896 
7.08071 0.00894 
7.08371 0.00892 
7.08671 0.00891 
7.08971 0.00889 
7.09271 0.00887 
7.09571 0.00885 
7.09871 0.00883 
7.10171 0.00881 
7.10471 0.00880 
7.10771 0.00878 
7.11071 0.00876 
7.11371 0.00874 
7.11671 0.00872 
7.11971 0.00870 
7.12271 0.00869 
7.12571 0.00867 
7.12871 0.00865 
7.13171 0.00863 
7.13471 0.00862 
7.13771 0.00860 
7.14071 0.00858 
7.14372 0.00856 
7.14672 0.00854 
7.14972 0.00853 
7.15272 0.00851 
7.15572 0.00849 
7.15872 0.00847 
7.16172 0.00846 
7.16472 0.00844 
7.16772 0.00842 
7.17072 0.00840 
7.17372 0.00839 
7.17672 0.00837 
7.17972 0.00835 
7.18272 0.00833 
7.18572 0.00832 
7.18872 0.00830 
7.19172 0.00828 
7.19472 0.00826 
7.19772 0.00825 
7.20072 0.00823 
7.20372 0.00821 
7.20672 0.00819 
7.20972 0.00818 
7.21272 0.00816 
7.21572 0.00814 
7.21872 0.00813 
7.22172 0.00811 
7.22472 0.00809 
7.22772 0.00808 
7.23072 0.00806 
7.23372 0.00804 
7.23672 0.00803 
7.23972 0.00801 
7.24273 0.00799 
7.24573 0.00797 
7.24873 0.00796 
7.25173 0.00794 
7.25473 0.00792 
7.25773 0.00791 
7.26073 0.00789 
7.26373 0.00788 
7.26673 0.00786 
7.26973 0.00784 
7.27273 0.00783 
7.27573 0.00781 
7.27873 0.00779 
7.28173 0.00778 
7.28473 0.00776 
7.28773 0.00775 
7.29073 0.00773 
7.29373 0.00771 
7.29673 0.00770 
7.29973 0.00768 
7.30273 0.00766 
7.30573 0.00765 
7.30873 0.00763 
7.31173 0.00762 
7.31473 0.00760 
7.31773 0.00758 
7.32073 0.00757 
7.32373 0.00755 
7.32673 0.00754 
7.32973 0.00752 
7.33273 0.00751 
7.33573 0.00749 
7.33873 0.00747 
7.34173 0.00746 
7.34474 0.00744 
7.34774 0.00743 
7.35074 0.00741 
7.35374 0.00740 
7.35674 0.00738 
7.35974 0.00737 
7.36274 0.00735 
7.36574 0.00733 
7.36874 0.00732 
7.37174 0.00730 
7.37474 0.00729 
7.37774 0.00727 
7.38074 0.00726 
7.38374 0.00724 
7.38674 0.00723 
7.38974 0.00721 
7.39274 0.00720 
7.39574 0.00718 
7.39874 0.00717 
7.40174 0.00715 
7.40474 0.00714 
7.40774 0.00712 
7.41074 0.00711 
7.41374 0.00709 
7.41674 0.00708 
7.41974 0.00706 
7.42274 0.00705 
7.42574 0.00703 
7.42874 0.00702 
7.43174 0.00700 
7.43474 0.00699 
7.43774 0.00697 
7.44074 0.00696 
7.44375 0.00694 
7.44675 0.00693 
7.44975 0.00692 
7.45275 0.00690 
7.45575 0.00689 
7.45875 0.00687 
7.46175 0.00686 
7.46475 0.00684 
7.46775 0.00683 
7.47075 0.00681 
7.47375 0.00680 
7.47675 0.00679 
7.47975 0.00677 
7.48275 0.00676 
7.48575 0.00674 
7.48875 0.00673 
7.49175 0.00671 
7.49475 0.00670 
7.49775 0.00669 
7.50075 0.00667 
7.50375 0.00666 
7.50675 0.00664 
7.50975 0.00663 
7.51275 0.00662 
7.51575 0.00660 
7.51875 0.00659 
7.52175 0.00657 
7.52475 0.00656 
7.52775 0.00655 
7.53075 0.00653 
7.53375 0.00652 
7.53675 0.00651 
7.53975 0.00649 
7.54276 0.00648 
7.54576 0.00647 
7.54876 0.00645 
7.55176 0.00644 
7.55476 0.00642 
7.55776 0.00641 
7.56076 0.00640 
7.56376 0.00638 
7.56676 0.00637 
7.56976 0.00636 
7.57276 0.00634 
7.57576 0.00633 
7.57876 0.00632 
7.58176 0.00630 
7.58476 0.00629 
7.58776 0.00628 
7.59076 0.00626 
7.59376 0.00625 
7.59676 0.00624 
7.59976 0.00622 
7.60276 0.00621 
7.60576 0.00620 
7.60876 0.00619 
7.61176 0.00617 
7.61476 0.00616 
7.61776 0.00615 
7.62076 0.00613 
7.62376 0.00612 
7.62676 0.00611 
7.62976 0.00609 
7.63276 0.00608 
7.63576 0.00607 
7.63876 0.00606 
7.64176 0.00604 
7.64477 0.00603 
7.64777 0.00602 
7.65077 0.00601 
7.65377 0.00599 
7.65677 0.00598 
7.65977 0.00597 
7.66277 0.00595 
7.66577 0.00594 
7.66877 0.00593 
7.67177 0.00592 
7.67477 0.00590 
7.67777 0.00589 
7.68077 0.00588 
7.68377 0.00587 
7.68677 0.00585 
7.68977 0.00584 
7.69277 0.00583 
7.69577 0.00582 
7.69877 0.00581 
7.70177 0.00579 
7.70477 0.00578 
7.70777 0.00577 
7.71077 0.00576 
7.71377 0.00574 
7.71677 0.00573 
7.71977 0.00572 
7.72277 0.00571 
7.72577 0.00570 
7.72877 0.00568 
7.73177 0.00567 
7.73477 0.00566 
7.73777 0.00565 
7.74077 0.00564 
7.74378 0.00562 
7.74678 0.00561 
7.74978 0.00560 
7.75278 0.00559 
7.75578 0.00558 
7.75878 0.00557 
7.76178 0.00555 
7.76478 0.00554 
7.76778 0.00553 
7.77078 0.00552 
7.77378 0.00551 
7.77678 0.00550 
7.77978 0.00548 
7.78278 0.00547 
7.78578 0.00546 
7.78878 0.00545 
7.79178 0.00544 
7.79478 0.00543 
7.79778 0.00541 
7.80078 0.00540 
7.80378 0.00539 
7.80678 0.00538 
7.80978 0.00537 
7.81278 0.00536 
7.81578 0.00535 
7.81878 0.00533 
7.82178 0.00532 
7.82478 0.00531 
7.82778 0.00530 
7.83078 0.00529 
7.83378 0.00528 
7.83678 0.00527 
7.83978 0.00526 
7.84279 0.00525 
7.84579 0.00523 
7.84879 0.00522 
7.85179 0.00521 
7.85479 0.00520 
7.85779 0.00519 
7.86079 0.00518 
7.86379 0.00517 
7.86679 0.00516 
7.86979 0.00515 
7.87279 0.00514 
7.87579 0.00512 
7.87879 0.00511 
7.88179 0.00510 
7.88479 0.00509 
7.88779 0.00508 
7.89079 0.00507 
7.89379 0.00506 
7.89679 0.00505 
7.89979 0.00504 
7.90279 0.00503 
7.90579 0.00502 
7.90879 0.00501 
7.91179 0.00500 
7.91479 0.00498 
7.91779 0.00497 
7.92079 0.00496 
7.92379 0.00495 
7.92679 0.00494 
7.92979 0.00493 
7.93279 0.00492 
7.93579 0.00491 
7.93879 0.00490 
7.94179 0.00489 
7.94480 0.00488 
7.94780 0.00487 
7.95080 0.00486 
7.95380 0.00485 
7.95680 0.00484 
7.95980 0.00483 
7.96280 0.00482 
7.96580 0.00481 
7.96880 0.00480 
7.97180 0.00479 
7.97480 0.00478 
7.97780 0.00477 
7.98080 0.00476 
7.98380 0.00475 
7.98680 0.00474 
7.98980 0.00473 
7.99280 0.00472 
7.99580 0.00471 
7.99880 0.00470 
8.00180 0.00469 
8.00480 0.00468 
8.00780 0.00467 
8.01080 0.00466 
8.01380 0.00465 
8.01680 0.00464 
8.01980 0.00463 
8.02280 0.00462 
8.02580 0.00461 
8.02880 0.00460 
8.03180 0.00459 
8.03480 0.00458 
8.03780 0.00457 
8.04080 0.00456 
8.04381 0.00455 
8.04681 0.00454 
8.04981 0.00453 
8.05281 0.00452 
8.05581 0.00451 
8.05881 0.00450 
8.06181 0.00449 
8.06481 0.00448 
8.06781 0.00447 
8.07081 0.00446 
8.07381 0.00445 
8.07681 0.00444 
8.07981 0.00444 
8.08281 0.00443 
8.08581 0.00442 
8.08881 0.00441 
8.09181 0.00440 
8.09481 0.00439 
8.09781 0.00438 
8.10081 0.00437 
8.10381 0.00436 
8.10681 0.00435 
8.10981 0.00434 
8.11281 0.00433 
8.11581 0.00432 
8.11881 0.00431 
8.12181 0.00431 
8.12481 0.00430 
8.12781 0.00429 
8.13081 0.00428 
8.13381 0.00427 
8.13681 0.00426 
8.13981 0.00425 
8.14282 0.00424 
8.14582 0.00423 
8.14882 0.00422 
8.15182 0.00421 
8.15482 0.00421 
8.15782 0.00420 
8.16082 0.00419 
8.16382 0.00418 
8.16682 0.00417 
8.16982 0.00416 
8.17282 0.00415 
8.17582 0.00414 
8.17882 0.00413 
8.18182 0.00413 
8.18482 0.00412 
8.18782 0.00411 
8.19082 0.00410 
8.19382 0.00409 
8.19682 0.00408 
8.19982 0.00407 
8.20282 0.00406 
8.20582 0.00406 
8.20882 0.00405 
8.21182 0.00404 
8.21482 0.00403 
8.21782 0.00402 
8.22082 0.00401 
8.22382 0.00400 
8.22682 0.00400 
8.22982 0.00399 
8.23282 0.00398 
8.23582 0.00397 
8.23882 0.00396 
8.24182 0.00395 
8.24483 0.00395 
8.24783 0.00394 
8.25083 0.00393 
8.25383 0.00392 
8.25683 0.00391 
8.25983 0.00390 
8.26283 0.00390 
8.26583 0.00389 
8.26883 0.00388 
8.27183 0.00387 
8.27483 0.00386 
8.27783 0.00385 
8.28083 0.00385 
8.28383 0.00384 
8.28683 0.00383 
8.28983 0.00382 
8.29283 0.00381 
8.29583 0.00380 
8.29883 0.00380 
8.30183 0.00379 
8.30483 0.00378 
8.30783 0.00377 
8.31083 0.00376 
8.31383 0.00376 
8.31683 0.00375 
8.31983 0.00374 
8.32283 0.00373 
8.32583 0.00372 
8.32883 0.00372 
8.33183 0.00371 
8.33483 0.00370 
8.33783 0.00369 
8.34083 0.00368 
8.34384 0.00368 
8.34684 0.00367 
8.34984 0.00366 
8.35284 0.00365 
8.35584 0.00365 
8.35884 0.00364 
8.36184 0.00363 
8.36484 0.00362 
8.36784 0.00361 
8.37084 0.00361 
8.37384 0.00360 
8.37684 0.00359 
8.37984 0.00358 
8.38284 0.00358 
8.38584 0.00357 
8.38884 0.00356 
8.39184 0.00355 
8.39484 0.00355 
8.39784 0.00354 
8.40084 0.00353 
8.40384 0.00352 
8.40684 0.00352 
8.40984 0.00351 
8.41284 0.00350 
8.41584 0.00349 
8.41884 0.00349 
8.42184 0.00348 
8.42484 0.00347 
8.42784 0.00346 
8.43084 0.00346 
8.43384 0.00345 
8.43684 0.00344 
8.43984 0.00343 
8.44285 0.00343 
8.44585 0.00342 
8.44885 0.00341 
8.45185 0.00340 
8.45485 0.00340 
8.45785 0.00339 
8.46085 0.00338 
8.46385 0.00338 
8.46685 0.00337 
8.46985 0.00336 
8.47285 0.00335 
8.47585 0.00335 
8.47885 0.00334 
8.48185 0.00333 
8.48485 0.00333 
8.48785 0.00332 
8.49085 0.00331 
8.49385 0.00330 
8.49685 0.00330 
8.49985 0.00329 
8.50285 0.00328 
8.50585 0.00328 
8.50885 0.00327 
8.51185 0.00326 
8.51485 0.00326 
8.51785 0.00325 
8.52085 0.00324 
8.52385 0.00323 
8.52685 0.00323 
8.52985 0.00322 
8.53285 0.00321 
8.53585 0.00321 
8.53885 0.00320 
8.54185 0.00319 
8.54486 0.00319 
8.54786 0.00318 
8.55086 0.00317 
8.55386 0.00317 
8.55686 0.00316 
8.55986 0.00315 
8.56286 0.00315 
8.56586 0.00314 
8.56886 0.00313 
8.57186 0.00313 
8.57486 0.00312 
8.57786 0.00311 
8.58086 0.00311 
8.58386 0.00310 
8.58686 0.00309 
8.58986 0.00309 
8.59286 0.00308 
8.59586 0.00307 
8.59886 0.00307 
8.60186 0.00306 
8.60486 0.00305 
8.60786 0.00305 
8.61086 0.00304 
8.61386 0.00303 
8.61686 0.00303 
8.61986 0.00302 
8.62286 0.00301 
8.62586 0.00301 
8.62886 0.00300 
8.63186 0.00299 
8.63486 0.00299 
8.63786 0.00298 
8.64086 0.00297 
8.64387 0.00297 
8.64687 0.00296 
8.64987 0.00296 
8.65287 0.00295 
8.65587 0.00294 
8.65887 0.00294 
8.66187 0.00293 
8.66487 0.00292 
8.66787 0.00292 
8.67087 0.00291 
8.67387 0.00291 
8.67687 0.00290 
8.67987 0.00289 
8.68287 0.00289 
8.68587 0.00288 
8.68887 0.00287 
8.69187 0.00287 
8.69487 0.00286 
8.69787 0.00286 
8.70087 0.00285 
8.70387 0.00284 
8.70687 0.00284 
8.70987 0.00283 
8.71287 0.00283 
8.71587 0.00282 
8.71887 0.00281 
8.72187 0.00281 
8.72487 0.00280 
8.72787 0.00280 
8.73087 0.00279 
8.73387 0.00278 
8.73687 0.00278 
8.73987 0.00277 
8.74287 0.00277 
8.74588 0.00276 
8.74888 0.00275 
8.75188 0.00275 
8.75488 0.00274 
8.75788 0.00274 
8.76088 0.00273 
8.76388 0.00272 
8.76688 0.00272 
8.76988 0.00271 
8.77288 0.00271 
8.77588 0.00270 
8.77888 0.00269 
8.78188 0.00269 
8.78488 0.00268 
8.78788 0.00268 
8.79088 0.00267 
8.79388 0.00267 
8.79688 0.00266 
8.79988 0.00265 
8.80288 0.00265 
8.80588 0.00264 
8.80888 0.00264 
8.81188 0.00263 
8.81488 0.00263 
8.81788 0.00262 
8.82088 0.00261 
8.82388 0.00261 
8.82688 0.00260 
8.82988 0.00260 
8.83288 0.00259 
8.83588 0.00259 
8.83888 0.00258 
8.84188 0.00258 
8.84489 0.00257 
8.84789 0.00256 
8.85089 0.00256 
8.85389 0.00255 
8.85689 0.00255 
8.85989 0.00254 
8.86289 0.00254 
8.86589 0.00253 
8.86889 0.00253 
8.87189 0.00252 
8.87489 0.00252 
8.87789 0.00251 
8.88089 0.00250 
8.88389 0.00250 
8.88689 0.00249 
8.88989 0.00249 
8.89289 0.00248 
8.89589 0.00248 
8.89889 0.00247 
8.90189 0.00247 
8.90489 0.00246 
8.90789 0.00246 
8.91089 0.00245 
8.91389 0.00245 
8.91689 0.00244 
8.91989 0.00244 
8.92289 0.00243 
8.92589 0.00243 
8.92889 0.00242 
8.93189 0.00241 
8.93489 0.00241 
8.93789 0.00240 
8.94089 0.00240 
8.94390 0.00239 
8.94690 0.00239 
8.94990 0.00238 
8.95290 0.00238 
8.95590 0.00237 
8.95890 0.00237 
8.96190 0.00236 
8.96490 0.00236 
8.96790 0.00235 
8.97090 0.00235 
8.97390 0.00234 
8.97690 0.00234 
8.97990 0.00233 
8.98290 0.00233 
8.98590 0.00232 
8.98890 0.00232 
8.99190 0.00231 
8.99490 0.00231 
8.99790 0.00230 
9.00090 0.00230 
9.00390 0.00229 
9.00690 0.00229 
9.00990 0.00228 
9.01290 0.00228 
9.01590 0.00227 
9.01890 0.00227 
9.02190 0.00226 
9.02490 0.00226 
9.02790 0.00225 
9.03090 0.00225 
9.03390 0.00224 
9.03690 0.00224 
9.03990 0.00223 
9.04290 0.00223 
9.04591 0.00222 
9.04891 0.00222 
9.05191 0.00221 
9.05491 0.00221 
9.05791 0.00221 
9.06091 0.00220 
9.06391 0.00220 
9.06691 0.00219 
9.06991 0.00219 
9.07291 0.00218 
9.07591 0.00218 
9.07891 0.00217 
9.08191 0.00217 
9.08491 0.00216 
9.08791 0.00216 
9.09091 0.00215 
9.09391 0.00215 
9.09691 0.00214 
9.09991 0.00214 
9.10291 0.00214 
9.10591 0.00213 
9.10891 0.00213 
9.11191 0.00212 
9.11491 0.00212 
9.11791 0.00211 
9.12091 0.00211 
9.12391 0.00210 
9.12691 0.00210 
9.12991 0.00209 
9.13291 0.00209 
9.13591 0.00208 
9.13891 0.00208 
9.14191 0.00208 
9.14492 0.00207 
9.14792 0.00207 
9.15092 0.00206 
9.15392 0.00206 
9.15692 0.00205 
9.15992 0.00205 
9.16292 0.00204 
9.16592 0.00204 
9.16892 0.00204 
9.17192 0.00203 
9.17492 0.00203 
9.17792 0.00202 
9.18092 0.00202 
9.18392 0.00201 
9.18692 0.00201 
9.18992 0.00201 
9.19292 0.00200 
9.19592 0.00200 
9.19892 0.00199 
9.20192 0.00199 
9.20492 0.00198 
9.20792 0.00198 
9.21092 0.00197 
9.21392 0.00197 
9.21692 0.00197 
9.21992 0.00196 
9.22292 0.00196 
9.22592 0.00195 
9.22892 0.00195 
9.23192 0.00195 
9.23492 0.00194 
9.23792 0.00194 
9.24092 0.00193 
9.24393 0.00193 
9.24693 0.00192 
9.24993 0.00192 
9.25293 0.00192 
9.25593 0.00191 
9.25893 0.00191 
9.26193 0.00190 
9.26493 0.00190 
9.26793 0.00190 
9.27093 0.00189 
9.27393 0.00189 
9.27693 0.00188 
9.27993 0.00188 
9.28293 0.00187 
9.28593 0.00187 
9.28893 0.00187 
9.29193 0.00186 
9.29493 0.00186 
9.29793 0.00185 
9.30093 0.00185 
9.30393 0.00185 
9.30693 0.00184 
9.30993 0.00184 
9.31293 0.00183 
9.31593 0.00183 
9.31893 0.00183 
9.32193 0.00182 
9.32493 0.00182 
9.32793 0.00181 
9.33093 0.00181 
9.33393 0.00181 
9.33693 0.00180 
9.33993 0.00180 
9.34293 0.00180 
9.34594 0.00179 
9.34894 0.00179 
9.35194 0.00178 
9.35494 0.00178 
9.35794 0.00178 
9.36094 0.00177 
9.36394 0.00177 
9.36694 0.00176 
9.36994 0.00176 
9.37294 0.00176 
9.37594 0.00175 
9.37894 0.00175 
9.38194 0.00175 
9.38494 0.00174 
9.38794 0.00174 
9.39094 0.00173 
9.39394 0.00173 
9.39694 0.00173 
9.39994 0.00172 
9.40294 0.00172 
9.40594 0.00172 
9.40894 0.00171 
9.41194 0.00171 
9.41494 0.00170 
9.41794 0.00170 
9.42094 0.00170 
9.42394 0.00169 
9.42694 0.00169 
9.42994 0.00169 
9.43294 0.00168 
9.43594 0.00168 
9.43894 0.00167 
9.44194 0.00167 
9.44495 0.00167 
9.44795 0.00166 
9.45095 0.00166 
9.45395 0.00166 
9.45695 0.00165 
9.45995 0.00165 
9.46295 0.00165 
9.46595 0.00164 
9.46895 0.00164 
9.47195 0.00164 
9.47495 0.00163 
9.47795 0.00163 
9.48095 0.00162 
9.48395 0.00162 
9.48695 0.00162 
9.48995 0.00161 
9.49295 0.00161 
9.49595 0.00161 
9.49895 0.00160 
9.50195 0.00160 
9.50495 0.00160 
9.50795 0.00159 
9.51095 0.00159 
9.51395 0.00159 
9.51695 0.00158 
9.51995 0.00158 
9.52295 0.00158 
9.52595 0.00157 
9.52895 0.00157 
9.53195 0.00157 
9.53495 0.00156 
9.53795 0.00156 
9.54095 0.00156 
9.54396 0.00155 
9.54696 0.00155 
9.54996 0.00155 
9.55296 0.00154 
9.55596 0.00154 
9.55896 0.00153 
9.56196 0.00153 
9.56496 0.00153 
9.56796 0.00152 
9.57096 0.00152 
9.57396 0.00152 
9.57696 0.00152 
9.57996 0.00151 
9.58296 0.00151 
9.58596 0.00151 
9.58896 0.00150 
9.59196 0.00150 
9.59496 0.00150 
9.59796 0.00149 
9.60096 0.00149 
9.60396 0.00149 
9.60696 0.00148 
9.60996 0.00148 
9.61296 0.00148 
9.61596 0.00147 
9.61896 0.00147 
9.62196 0.00147 
9.62496 0.00146 
9.62796 0.00146 
9.63096 0.00146 
9.63396 0.00145 
9.63696 0.00145 
9.63996 0.00145 
9.64296 0.00144 
9.64597 0.00144 
9.64897 0.00144 
9.65197 0.00143 
9.65497 0.00143 
9.65797 0.00143 
9.66097 0.00143 
9.66397 0.00142 
9.66697 0.00142 
9.66997 0.00142 
9.67297 0.00141 
9.67597 0.00141 
9.67897 0.00141 
9.68197 0.00140 
9.68497 0.00140 
9.68797 0.00140 
9.69097 0.00139 
9.69397 0.00139 
9.69697 0.00139 
9.69997 0.00139 
9.70297 0.00138 
9.70597 0.00138 
9.70897 0.00138 
9.71197 0.00137 
9.71497 0.00137 
9.71797 0.00137 
9.72097 0.00136 
9.72397 0.00136 
9.72697 0.00136 
9.72997 0.00136 
9.73297 0.00135 
9.73597 0.00135 
9.73897 0.00135 
9.74197 0.00134 
9.74498 0.00134 
9.74798 0.00134 
9.75098 0.00133 
9.75398 0.00133 
9.75698 0.00133 
9.75998 0.00133 
9.76298 0.00132 
9.76598 0.00132 
9.76898 0.00132 
9.77198 0.00131 
9.77498 0.00131 
9.77798 0.00131 
9.78098 0.00131 
9.78398 0.00130 
9.78698 0.00130 
9.78998 0.00130 
9.79298 0.00129 
9.79598 0.00129 
9.79898 0.00129 
9.80198 0.00129 
9.80498 0.00128 
9.80798 0.00128 
9.81098 0.00128 
9.81398 0.00127 
9.81698 0.00127 
9.81998 0.00127 
9.82298 0.00127 
9.82598 0.00126 
9.82898 0.00126 
9.83198 0.00126 
9.83498 0.00126 
9.83798 0.00125 
9.84098 0.00125 
9.84399 0.00125 
9.84699 0.00124 
9.84999 0.00124 
9.85299 0.00124 
9.85599 0.00124 
9.85899 0.00123 
9.86199 0.00123 
9.86499 0.00123 
9.86799 0.00123 
9.87099 0.00122 
9.87399 0.00122 
9.87699 0.00122 
9.87999 0.00121 
9.88299 0.00121 
9.88599 0.00121 
9.88899 0.00121 
9.89199 0.00120 
9.89499 0.00120 
9.89799 0.00120 
9.90099 0.00120 
9.90399 0.00119 
9.90699 0.00119 
9.90999 0.00119 
9.91299 0.00119 
9.91599 0.00118 
9.91899 0.00118 
9.92199 0.00118 
9.92499 0.00118 
9.92799 0.00117 
9.93099 0.00117 
9.93399 0.00117 
9.93699 0.00117 
9.93999 0.00116 
9.94299 0.00116 
9.94600 0.00116 
9.94900 0.00116 
9.95200 0.00115 
9.95500 0.00115 
9.95800 0.00115 
9.96100 0.00115 
9.96400 0.00114 
9.96700 0.00114 
9.97000 0.00114 
9.97300 0.00113 
9.97600 0.00113 
9.97900 0.00113 
9.98200 0.00113 
9.98500 0.00113 
9.98800 0.00112 
9.99100 0.00112 
9.99400 0.00112 
9.99700 0.00112 
10.00000 0.00111 
10.00300 0.00111 
10.00600 0.00111 
10.00900 0.00111 
10.01200 0.00110 
10.01500 0.00110 
10.01800 0.00110 
10.02100 0.00110 
10.02400 0.00109 
10.02700 0.00109 
10.03000 0.00109 
10.03300 0.00109 
10.03600 0.00108 
10.03900 0.00108 
10.04200 0.00108 
10.04501 0.00108 
10.04801 0.00107 
10.05101 0.00107 
10.05401 0.00107 
10.05701 0.00107 
10.06001 0.00106 
10.06301 0.00106 
10.06601 0.00106 
10.06901 0.00106 
10.07201 0.00106 
10.07501 0.00105 
10.07801 0.00105 
10.08101 0.00105 
10.08401 0.00105 
10.08701 0.00104 
10.09001 0.00104 
10.09301 0.00104 
10.09601 0.00104 
10.09901 0.00103 
10.10201 0.00103 
10.10501 0.00103 
10.10801 0.00103 
10.11101 0.00103 
10.11401 0.00102 
10.11701 0.00102 
10.12001 0.00102 
10.12301 0.00102 
10.12601 0.00101 
10.12901 0.00101 
10.13201 0.00101 
10.13501 0.00101 
10.13801 0.00101 
10.14101 0.00100 
10.14402 0.00100 
10.14702 0.00100 
10.15002 0.00100 
10.15302 0.00099 
10.15602 0.00099 
10.15902 0.00099 
10.16202 0.00099 
10.16502 0.00099 
10.16802 0.00098 
10.17102 0.00098 
10.17402 0.00098 
10.17702 0.00098 
10.18002 0.00098 
10.18302 0.00097 
10.18602 0.00097 
10.18902 0.00097 
10.19202 0.00097 
10.19502 0.00096 
10.19802 0.00096 
10.20102 0.00096 
10.20402 0.00096 
10.20702 0.00096 
10.21002 0.00095 
10.21302 0.00095 
10.21602 0.00095 
10.21902 0.00095 
10.22202 0.00095 
10.22502 0.00094 
10.22802 0.00094 
10.23102 0.00094 
10.23402 0.00094 
10.23702 0.00094 
10.24002 0.00093 
10.24302 0.00093 
10.24603 0.00093 
10.24903 0.00093 
10.25203 0.00093 
10.25503 0.00092 
10.25803 0.00092 
10.26103 0.00092 
10.26403 0.00092 
10.26703 0.00092 
10.27003 0.00092 
10.27303 0.00091 
10.27603 0.00091 
10.27903 0.00091 
10.28203 0.00091 
10.28503 0.00091 
10.28803 0.00091 
10.29103 0.00090 
10.29403 0.00090 
10.29703 0.00090 
10.30003 0.00090 
10.30303 0.00090 
10.30603 0.00090 
10.30903 0.00089 
10.31203 0.00089 
10.31503 0.00089 
10.31803 0.00089 
10.32103 0.00089 
10.32403 0.00089 
10.32703 0.00088 
10.33003 0.00088 
10.33303 0.00088 
10.33603 0.00088 
10.33903 0.00088 
10.34203 0.00088 
10.34504 0.00087 
10.34804 0.00087 
10.35104 0.00087 
10.35404 0.00087 
10.35704 0.00087 
10.36004 0.00087 
10.36304 0.00086 
10.36604 0.00086 
10.36904 0.00086 
10.37204 0.00086 
10.37504 0.00086 
10.37804 0.00086 
10.38104 0.00085 
10.38404 0.00085 
10.38704 0.00085 
10.39004 0.00085 
10.39304 0.00085 
10.39604 0.00085 
10.39904 0.00085 
10.40204 0.00084 
10.40504 0.00084 
10.40804 0.00084 
10.41104 0.00084 
10.41404 0.00084 
10.41704 0.00084 
10.42004 0.00083 
10.42304 0.00083 
10.42604 0.00083 
10.42904 0.00083 
10.43204 0.00083 
10.43504 0.00083 
10.43804 0.00083 
10.44104 0.00082 
10.44405 0.00082 
10.44705 0.00082 
10.45005 0.00082 
10.45305 0.00082 
10.45605 0.00082 
10.45905 0.00081 
10.46205 0.00081 
10.46505 0.00081 
10.46805 0.00081 
10.47105 0.00081 
10.47405 0.00081 
10.47705 0.00081 
10.48005 0.00080 
10.48305 0.00080 
10.48605 0.00080 
10.48905 0.00080 
10.49205 0.00080 
10.49505 0.00080 
10.49805 0.00080 
10.50105 0.00079 
10.50405 0.00079 
10.50705 0.00079 
10.51005 0.00079 
10.51305 0.00079 
10.51605 0.00079 
10.51905 0.00079 
10.52205 0.00078 
10.52505 0.00078 
10.52805 0.00078 
10.53105 0.00078 
10.53405 0.00078 
10.53705 0.00078 
10.54005 0.00078 
10.54305 0.00077 
10.54606 0.00077 
10.54906 0.00077 
10.55206 0.00077 
10.55506 0.00077 
10.55806 0.00077 
10.56106 0.00077 
10.56406 0.00076 
10.56706 0.00076 
10.57006 0.00076 
10.57306 0.00076 
10.57606 0.00076 
10.57906 0.00076 
10.58206 0.00076 
10.58506 0.00075 
10.58806 0.00075 
10.59106 0.00075 
10.59406 0.00075 
10.59706 0.00075 
10.60006 0.00075 
10.60306 0.00075 
10.60606 0.00074 
10.60906 0.00074 
10.61206 0.00074 
10.61506 0.00074 
10.61806 0.00074 
10.62106 0.00074 
10.62406 0.00074 
10.62706 0.00073 
10.63006 0.00073 
10.63306 0.00073 
10.63606 0.00073 
10.63906 0.00073 
10.64206 0.00073 
10.64507 0.00073 
10.64807 0.00073 
10.65107 0.00072 
10.65407 0.00072 
10.65707 0.00072 
10.66007 0.00072 
10.66307 0.00072 
10.66607 0.00072 
10.66907 0.00072 
10.67207 0.00071 
10.67507 0.00071 
10.67807 0.00071 
10.68107 0.00071 
10.68407 0.00071 
10.68707 0.00071 
10.69007 0.00071 
10.69307 0.00071 
10.69607 0.00070 
10.69907 0.00070 
10.70207 0.00070 
10.70507 0.00070 
10.70807 0.00070 
10.71107 0.00070 
10.71407 0.00070 
10.71707 0.00070 
10.72007 0.00069 
10.72307 0.00069 
10.72607 0.00069 
10.72907 0.00069 
10.73207 0.00069 
10.73507 0.00069 
10.73807 0.00069 
10.74107 0.00069 
10.74408 0.00068 
10.74708 0.00068 
10.75008 0.00068 
10.75308 0.00068 
10.75608 0.00068 
10.75908 0.00068 
10.76208 0.00068 
10.76508 0.00068 
10.76808 0.00067 
10.77108 0.00067 
10.77408 0.00067 
10.77708 0.00067 
10.78008 0.00067 
10.78308 0.00067 
10.78608 0.00067 
10.78908 0.00067 
10.79208 0.00066 
10.79508 0.00066 
10.79808 0.00066 
10.80108 0.00066 
10.80408 0.00066 
10.80708 0.00066 
10.81008 0.00066 
10.81308 0.00066 
10.81608 0.00065 
10.81908 0.00065 
10.82208 0.00065 
10.82508 0.00065 
10.82808 0.00065 
10.83108 0.00065 
10.83408 0.00065 
10.83708 0.00065 
10.84008 0.00064 
10.84308 0.00064 
10.84609 0.00064 
10.84909 0.00064 
10.85209 0.00064 
10.85509 0.00064 
10.85809 0.00064 
10.86109 0.00064 
10.86409 0.00064 
10.86709 0.00063 
10.87009 0.00063 
10.87309 0.00063 
10.87609 0.00063 
10.87909 0.00063 
10.88209 0.00063 
10.88509 0.00063 
10.88809 0.00063 
10.89109 0.00062 
10.89409 0.00062 
10.89709 0.00062 
10.90009 0.00062 
10.90309 0.00062 
10.90609 0.00062 
10.90909 0.00062 
10.91209 0.00062 
10.91509 0.00062 
10.91809 0.00061 
10.92109 0.00061 
10.92409 0.00061 
10.92709 0.00061 
10.93009 0.00061 
10.93309 0.00061 
10.93609 0.00061 
10.93909 0.00061 
10.94209 0.00061 
10.94510 0.00060 
10.94810 0.00060 
10.95110 0.00060 
10.95410 0.00060 
10.95710 0.00060 
10.96010 0.00060 
10.96310 0.00060 
10.96610 0.00060 
10.96910 0.00060 
10.97210 0.00059 
10.97510 0.00059 
10.97810 0.00059 
10.98110 0.00059 
10.98410 0.00059 
10.98710 0.00059 
10.99010 0.00059 
10.99310 0.00059 
10.99610 0.00059 
10.99910 0.00058 
11.00210 0.00058 
11.00510 0.00058 
11.00810 0.00058 
11.01110 0.00058 
11.01410 0.00058 
11.01710 0.00058 
11.02010 0.00058 
11.02310 0.00058 
11.02610 0.00058 
11.02910 0.00057 
11.03210 0.00057 
11.03510 0.00057 
11.03810 0.00057 
11.04110 0.00057 
11.04411 0.00057 
11.04711 0.00057 
11.05011 0.00057 
11.05311 0.00057 
11.05611 0.00056 
11.05911 0.00056 
11.06211 0.00056 
11.06511 0.00056 
11.06811 0.00056 
11.07111 0.00056 
11.07411 0.00056 
11.07711 0.00056 
11.08011 0.00056 
11.08311 0.00056 
11.08611 0.00055 
11.08911 0.00055 
11.09211 0.00055 
11.09511 0.00055 
11.09811 0.00055 
11.10111 0.00055 
11.10411 0.00055 
11.10711 0.00055 
11.11011 0.00055 
11.11311 0.00055 
11.11611 0.00054 
11.11911 0.00054 
11.12211 0.00054 
11.12511 0.00054 
11.12811 0.00054 
11.13111 0.00054 
11.13411 0.00054 
11.13711 0.00054 
11.14011 0.00054 
11.14311 0.00054 
11.14612 0.00053 
11.14912 0.00053 
11.15212 0.00053 
11.15512 0.00053 
11.15812 0.00053 
11.16112 0.00053 
11.16412 0.00053 
11.16712 0.00053 
11.17012 0.00053 
11.17312 0.00053 
11.17612 0.00052 
11.17912 0.00052 
11.18212 0.00052 
11.18512 0.00052 
11.18812 0.00052 
11.19112 0.00052 
11.19412 0.00052 
11.19712 0.00052 
11.20012 0.00052 
11.20312 0.00052 
11.20612 0.00051 
11.20912 0.00051 
11.21212 0.00051 
11.21512 0.00051 
11.21812 0.00051 
11.22112 0.00051 
11.22412 0.00051 
11.22712 0.00051 
11.23012 0.00051 
11.23312 0.00051 
11.23612 0.00051 
11.23912 0.00050 
11.24212 0.00050 
11.24513 0.00050 
11.24813 0.00050 
11.25113 0.00050 
11.25413 0.00050 
11.25713 0.00050 
11.26013 0.00050 
11.26313 0.00050 
11.26613 0.00050 
11.26913 0.00050 
11.27213 0.00049 
11.27513 0.00049 
11.27813 0.00049 
11.28113 0.00049 
11.28413 0.00049 
11.28713 0.00049 
11.29013 0.00049 
11.29313 0.00049 
11.29613 0.00049 
11.29913 0.00049 
11.30213 0.00049 
11.30513 0.00048 
11.30813 0.00048 
11.31113 0.00048 
11.31413 0.00048 
11.31713 0.00048 
11.32013 0.00048 
11.32313 0.00048 
11.32613 0.00048 
11.32913 0.00048 
11.33213 0.00048 
11.33513 0.00048 
11.33813 0.00047 
11.34113 0.00047 
11.34414 0.00047 
11.34714 0.00047 
11.35014 0.00047 
11.35314 0.00047 
11.35614 0.00047 
11.35914 0.00047 
11.36214 0.00047 
11.36514 0.00047 
11.36814 0.00047 
11.37114 0.00047 
11.37414 0.00046 
11.37714 0.00046 
11.38014 0.00046 
11.38314 0.00046 
11.38614 0.00046 
11.38914 0.00046 
11.39214 0.00046 
11.39514 0.00046 
11.39814 0.00046 
11.40114 0.00046 
11.40414 0.00046 
11.40714 0.00045 
11.41014 0.00045 
11.41314 0.00045 
11.41614 0.00045 
11.41914 0.00045 
11.42214 0.00045 
11.42514 0.00045 
11.42814 0.00045 
11.43114 0.00045 
11.43414 0.00045 
11.43714 0.00045 
11.44014 0.00045 
11.44314 0.00044 
11.44615 0.00044 
11.44915 0.00044 
11.45215 0.00044 
11.45515 0.00044 
11.45815 0.00044 
11.46115 0.00044 
11.46415 0.00044 
11.46715 0.00044 
11.47015 0.00044 
11.47315 0.00044 
11.47615 0.00044 
11.47915 0.00044 
11.48215 0.00043 
11.48515 0.00043 
11.48815 0.00043 
11.49115 0.00043 
11.49415 0.00043 
11.49715 0.00043 
11.50015 0.00043 
11.50315 0.00043 
11.50615 0.00043 
11.50915 0.00043 
11.51215 0.00043 
11.51515 0.00043 
11.51815 0.00042 
11.52115 0.00042 
11.52415 0.00042 
11.52715 0.00042 
11.53015 0.00042 
11.53315 0.00042 
11.53615 0.00042 
11.53915 0.00042 
11.54215 0.00042 
11.54516 0.00042 
11.54816 0.00042 
11.55116 0.00042 
11.55416 0.00042 
11.55716 0.00041 
11.56016 0.00041 
11.56316 0.00041 
11.56616 0.00041 
11.56916 0.00041 
11.57216 0.00041 
11.57516 0.00041 
11.57816 0.00041 
11.58116 0.00041 
11.58416 0.00041 
11.58716 0.00041 
11.59016 0.00041 
11.59316 0.00041 
11.59616 0.00041 
11.59916 0.00040 
11.60216 0.00040 
11.60516 0.00040 
11.60816 0.00040 
11.61116 0.00040 
11.61416 0.00040 
11.61716 0.00040 
11.62016 0.00040 
11.62316 0.00040 
11.62616 0.00040 
11.62916 0.00040 
11.63216 0.00040 
11.63516 0.00040 
11.63816 0.00039 
11.64116 0.00039 
11.64417 0.00039 
11.64717 0.00039 
11.65017 0.00039 
11.65317 0.00039 
11.65617 0.00039 
11.65917 0.00039 
11.66217 0.00039 
11.66517 0.00039 
11.66817 0.00039 
11.67117 0.00039 
11.67417 0.00039 
11.67717 0.00039 
11.68017 0.00038 
11.68317 0.00038 
11.68617 0.00038 
11.68917 0.00038 
11.69217 0.00038 
11.69517 0.00038 
11.69817 0.00038 
11.70117 0.00038 
11.70417 0.00038 
11.70717 0.00038 
11.71017 0.00038 
11.71317 0.00038 
11.71617 0.00038 
11.71917 0.00038 
11.72217 0.00037 
11.72517 0.00037 
11.72817 0.00037 
11.73117 0.00037 
11.73417 0.00037 
11.73717 0.00037 
11.74017 0.00037 
11.74317 0.00037 
11.74618 0.00037 
11.74918 0.00037 
11.75218 0.00037 
11.75518 0.00037 
11.75818 0.00037 
11.76118 0.00037 
11.76418 0.00037 
11.76718 0.00036 
11.77018 0.00036 
11.77318 0.00036 
11.77618 0.00036 
11.77918 0.00036 
11.78218 0.00036 
11.78518 0.00036 
11.78818 0.00036 
11.79118 0.00036 
11.79418 0.00036 
11.79718 0.00036 
11.80018 0.00036 
11.80318 0.00036 
11.80618 0.00036 
11.80918 0.00036 
11.81218 0.00035 
11.81518 0.00035 
11.81818 0.00035 
11.82118 0.00035 
11.82418 0.00035 
11.82718 0.00035 
11.83018 0.00035 
11.83318 0.00035 
11.83618 0.00035 
11.83918 0.00035 
11.84218 0.00035 
11.84519 0.00035 
11.84819 0.00035 
11.85119 0.00035 
11.85419 0.00035 
11.85719 0.00035 
11.86019 0.00034 
11.86319 0.00034 
11.86619 0.00034 
11.86919 0.00034 
11.87219 0.00034 
11.87519 0.00034 
11.87819 0.00034 
11.88119 0.00034 
11.88419 0.00034 
11.88719 0.00034 
11.89019 0.00034 
11.89319 0.00034 
11.89619 0.00034 
11.89919 0.00034 
11.90219 0.00034 
11.90519 0.00034 
11.90819 0.00033 
11.91119 0.00033 
11.91419 0.00033 
11.91719 0.00033 
11.92019 0.00033 
11.92319 0.00033 
11.92619 0.00033 
11.92919 0.00033 
11.93219 0.00033 
11.93519 0.00033 
11.93819 0.00033 
11.94119 0.00033 
11.94420 0.00033 
11.94720 0.00033 
11.95020 0.00033 
11.95320 0.00033 
11.95620 0.00032 
11.95920 0.00032 
11.96220 0.00032 
11.96520 0.00032 
11.96820 0.00032 
11.97120 0.00032 
11.97420 0.00032 
11.97720 0.00032 
11.98020 0.00032 
11.98320 0.00032 
11.98620 0.00032 
11.98920 0.00032 
11.99220 0.00032 
11.99520 0.00032 
11.99820 0.00032 
12.00120 0.00032 
12.00420 0.00032 
12.00720 0.00031 
12.01020 0.00031 
12.01320 0.00031 
12.01620 0.00031 
12.01920 0.00031 
12.02220 0.00031 
12.02520 0.00031 
12.02820 0.00031 
12.03120 0.00031 
12.03420 0.00031 
12.03720 0.00031 
12.04020 0.00031 
12.04320 0.00031 
12.04621 0.00031 
12.04921 0.00031 
12.05221 0.00031 
12.05521 0.00031 
12.05821 0.00030 
12.06121 0.00030 
12.06421 0.00030 
12.06721 0.00030 
12.07021 0.00030 
12.07321 0.00030 
12.07621 0.00030 
12.07921 0.00030 
12.08221 0.00030 
12.08521 0.00030 
12.08821 0.00030 
12.09121 0.00030 
12.09421 0.00030 
12.09721 0.00030 
12.10021 0.00030 
12.10321 0.00030 
12.10621 0.00030 
12.10921 0.00030 
12.11221 0.00030 
12.11521 0.00029 
12.11821 0.00029 
12.12121 0.00029 
12.12421 0.00029 
12.12721 0.00029 
12.13021 0.00029 
12.13321 0.00029 
12.13621 0.00029 
12.13921 0.00029 
12.14221 0.00029 
12.14522 0.00029 
12.14822 0.00029 
12.15122 0.00029 
12.15422 0.00029 
12.15722 0.00029 
12.16022 0.00029 
12.16322 0.00029 
12.16622 0.00029 
12.16922 0.00028 
12.17222 0.00028 
12.17522 0.00028 
12.17822 0.00028 
12.18122 0.00028 
12.18422 0.00028 
12.18722 0.00028 
12.19022 0.00028 
12.19322 0.00028 
12.19622 0.00028 
12.19922 0.00028 
12.20222 0.00028 
12.20522 0.00028 
12.20822 0.00028 
12.21122 0.00028 
12.21422 0.00028 
12.21722 0.00028 
12.22022 0.00028 
12.22322 0.00028 
12.22622 0.00028 
12.22922 0.00027 
12.23222 0.00027 
12.23522 0.00027 
12.23822 0.00027 
12.24122 0.00027 
12.24423 0.00027 
12.24723 0.00027 
12.25023 0.00027 
12.25323 0.00027 
12.25623 0.00027 
12.25923 0.00027 
12.26223 0.00027 
12.26523 0.00027 
12.26823 0.00027 
12.27123 0.00027 
12.27423 0.00027 
12.27723 0.00027 
12.28023 0.00027 
12.28323 0.00027 
12.28623 0.00027 
12.28923 0.00026 
12.29223 0.00026 
12.29523 0.00026 
12.29823 0.00026 
12.30123 0.00026 
12.30423 0.00026 
12.30723 0.00026 
12.31023 0.00026 
12.31323 0.00026 
12.31623 0.00026 
12.31923 0.00026 
12.32223 0.00026 
12.32523 0.00026 
12.32823 0.00026 
12.33123 0.00026 
12.33423 0.00026 
12.33723 0.00026 
12.34023 0.00026 
12.34323 0.00026 
12.34624 0.00026 
12.34924 0.00026 
12.35224 0.00025 
12.35524 0.00025 
12.35824 0.00025 
12.36124 0.00025 
12.36424 0.00025 
12.36724 0.00025 
12.37024 0.00025 
12.37324 0.00025 
12.37624 0.00025 
12.37924 0.00025 
12.38224 0.00025 
12.38524 0.00025 
12.38824 0.00025 
12.39124 0.00025 
12.39424 0.00025 
12.39724 0.00025 
12.40024 0.00025 
12.40324 0.00025 
12.40624 0.00025 
12.40924 0.00025 
12.41224 0.00025 
12.41524 0.00024 
12.41824 0.00024 
12.42124 0.00024 
12.42424 0.00024 
12.42724 0.00024 
12.43024 0.00024 
12.43324 0.00024 
12.43624 0.00024 
12.43924 0.00024 
12.44224 0.00024 
12.44525 0.00024 
12.44825 0.00024 
12.45125 0.00024 
12.45425 0.00024 
12.45725 0.00024 
12.46025 0.00024 
12.46325 0.00024 
12.46625 0.00024 
12.46925 0.00024 
12.47225 0.00024 
12.47525 0.00024 
12.47825 0.00024 
12.48125 0.00024 
12.48425 0.00023 
12.48725 0.00023 
12.49025 0.00023 
12.49325 0.00023 
12.49625 0.00023 
12.49925 0.00023 
12.50225 0.00023 
12.50525 0.00023 
12.50825 0.00023 
12.51125 0.00023 
12.51425 0.00023 
12.51725 0.00023 
12.52025 0.00023 
12.52325 0.00023 
12.52625 0.00023 
12.52925 0.00023 
12.53225 0.00023 
12.53525 0.00023 
12.53825 0.00023 
12.54125 0.00023 
12.54426 0.00023 
12.54726 0.00023 
12.55026 0.00023 
12.55326 0.00023 
12.55626 0.00022 
12.55926 0.00022 
12.56226 0.00022 
12.56526 0.00022 
12.56826 0.00022 
12.57126 0.00022 
12.57426 0.00022 
12.57726 0.00022 
12.58026 0.00022 
12.58326 0.00022 
12.58626 0.00022 
12.58926 0.00022 
12.59226 0.00022 
12.59526 0.00022 
12.59826 0.00022 
12.60126 0.00022 
12.60426 0.00022 
12.60726 0.00022 
12.61026 0.00022 
12.61326 0.00022 
12.61626 0.00022 
12.61926 0.00022 
12.62226 0.00022 
12.62526 0.00022 
12.62826 0.00021 
12.63126 0.00021 
12.63426 0.00021 
12.63726 0.00021 
12.64026 0.00021 
12.64326 0.00021 
12.64627 0.00021 
12.64927 0.00021 
12.65227 0.00021 
12.65527 0.00021 
12.65827 0.00021 
12.66127 0.00021 
12.66427 0.00021 
12.66727 0.00021 
12.67027 0.00021 
12.67327 0.00021 
12.67627 0.00021 
12.67927 0.00021 
12.68227 0.00021 
12.68527 0.00021 
12.68827 0.00021 
12.69127 0.00021 
12.69427 0.00021 
12.69727 0.00021 
12.70027 0.00021 
12.70327 0.00021 
12.70627 0.00020 
12.70927 0.00020 
12.71227 0.00020 
12.71527 0.00020 
12.71827 0.00020 
12.72127 0.00020 
12.72427 0.00020 
12.72727 0.00020 
12.73027 0.00020 
12.73327 0.00020 
12.73627 0.00020 
12.73927 0.00020 
12.74227 0.00020 
12.74528 0.00020 
12.74828 0.00020 
12.75128 0.00020 
12.75428 0.00020 
12.75728 0.00020 
12.76028 0.00020 
12.76328 0.00020 
12.76628 0.00020 
12.76928 0.00020 
12.77228 0.00020 
12.77528 0.00020 
12.77828 0.00020 
12.78128 0.00020 
12.78428 0.00020 
12.78728 0.00019 
12.79028 0.00019 
12.79328 0.00019 
12.79628 0.00019 
12.79928 0.00019 
12.80228 0.00019 
12.80528 0.00019 
12.80828 0.00019 
12.81128 0.00019 
12.81428 0.00019 
12.81728 0.00019 
12.82028 0.00019 
12.82328 0.00019 
12.82628 0.00019 
12.82928 0.00019 
12.83228 0.00019 
12.83528 0.00019 
12.83828 0.00019 
12.84128 0.00019 
12.84429 0.00019 
12.84729 0.00019 
12.85029 0.00019 
12.85329 0.00019 
12.85629 0.00019 
12.85929 0.00019 
12.86229 0.00019 
12.86529 0.00019 
12.86829 0.00019 
12.87129 0.00019 
12.87429 0.00018 
12.87729 0.00018 
12.88029 0.00018 
12.88329 0.00018 
12.88629 0.00018 
12.88929 0.00018 
12.89229 0.00018 
12.89529 0.00018 
12.89829 0.00018 
12.90129 0.00018 
12.90429 0.00018 
12.90729 0.00018 
12.91029 0.00018 
12.91329 0.00018 
12.91629 0.00018 
12.91929 0.00018 
12.92229 0.00018 
12.92529 0.00018 
12.92829 0.00018 
12.93129 0.00018 
12.93429 0.00018 
12.93729 0.00018 
12.94029 0.00018 
12.94329 0.00018 
12.94630 0.00018 
12.94930 0.00018 
12.95230 0.00018 
12.95530 0.00018 
12.95830 0.00018 
12.96130 0.00018 
12.96430 0.00017 
12.96730 0.00017 
12.97030 0.00017 
12.97330 0.00017 
12.97630 0.00017 
12.97930 0.00017 
12.98230 0.00017 
12.98530 0.00017 
12.98830 0.00017 
12.99130 0.00017 
12.99430 0.00017 
12.99730 0.00017 
13.00030 0.00017 
13.00330 0.00017 
13.00630 0.00017 
13.00930 0.00017 
13.01230 0.00017 
13.01530 0.00017 
13.01830 0.00017 
13.02130 0.00017 
13.02430 0.00017 
13.02730 0.00017 
13.03030 0.00017 
13.03330 0.00017 
13.03630 0.00017 
13.03930 0.00017 
13.04230 0.00017 
13.04531 0.00017 
13.04831 0.00017 
13.05131 0.00017 
13.05431 0.00017 
13.05731 0.00017 
13.06031 0.00016 
13.06331 0.00016 
13.06631 0.00016 
13.06931 0.00016 
13.07231 0.00016 
13.07531 0.00016 
13.07831 0.00016 
13.08131 0.00016 
13.08431 0.00016 
13.08731 0.00016 
13.09031 0.00016 
13.09331 0.00016 
13.09631 0.00016 
13.09931 0.00016 
13.10231 0.00016 
13.10531 0.00016 
13.10831 0.00016 
13.11131 0.00016 
13.11431 0.00016 
13.11731 0.00016 
13.12031 0.00016 
13.12331 0.00016 
13.12631 0.00016 
13.12931 0.00016 
13.13231 0.00016 
13.13531 0.00016 
13.13831 0.00016 
13.14131 0.00016 
13.14431 0.00016 
13.14732 0.00016 
13.15032 0.00016 
13.15332 0.00016 
13.15632 0.00016 
13.15932 0.00016 
13.16232 0.00015 
13.16532 0.00015 
13.16832 0.00015 
13.17132 0.00015 
13.17432 0.00015 
13.17732 0.00015 
13.18032 0.00015 
13.18332 0.00015 
13.18632 0.00015 
13.18932 0.00015 
13.19232 0.00015 
13.19532 0.00015 
13.19832 0.00015 
13.20132 0.00015 
13.20432 0.00015 
13.20732 0.00015 
13.21032 0.00015 
13.21332 0.00015 
13.21632 0.00015 
13.21932 0.00015 
13.22232 0.00015 
13.22532 0.00015 
13.22832 0.00015 
13.23132 0.00015 
13.23432 0.00015 
13.23732 0.00015 
13.24032 0.00015 
13.24332 0.00015 
13.24633 0.00015 
13.24933 0.00015 
13.25233 0.00015 
13.25533 0.00015 
13.25833 0.00015 
13.26133 0.00015 
13.26433 0.00015 
13.26733 0.00015 
13.27033 0.00014 
13.27333 0.00014 
13.27633 0.00014 
13.27933 0.00014 
13.28233 0.00014 
13.28533 0.00014 
13.28833 0.00014 
13.29133 0.00014 
13.29433 0.00014 
13.29733 0.00014 
13.30033 0.00014 
13.30333 0.00014 
13.30633 0.00014 
13.30933 0.00014 
13.31233 0.00014 
13.31533 0.00014 
13.31833 0.00014 
13.32133 0.00014 
13.32433 0.00014 
13.32733 0.00014 
13.33033 0.00014 
13.33333 0.00014 
13.33633 0.00014 
13.33933 0.00014 
13.34233 0.00014 
13.34534 0.00014 
13.34834 0.00014 
13.35134 0.00014 
13.35434 0.00014 
13.35734 0.00014 
13.36034 0.00014 
13.36334 0.00014 
13.36634 0.00014 
13.36934 0.00014 
13.37234 0.00014 
13.37534 0.00014 
13.37834 0.00014 
13.38134 0.00014 
13.38434 0.00013 
13.38734 0.00013 
13.39034 0.00013 
13.39334 0.00013 
13.39634 0.00013 
13.39934 0.00013 
13.40234 0.00013 
13.40534 0.00013 
13.40834 0.00013 
13.41134 0.00013 
13.41434 0.00013 
13.41734 0.00013 
13.42034 0.00013 
13.42334 0.00013 
13.42634 0.00013 
13.42934 0.00013 
13.43234 0.00013 
13.43534 0.00013 
13.43834 0.00013 
13.44134 0.00013 
13.44434 0.00013 
13.44735 0.00013 
13.45035 0.00013 
13.45335 0.00013 
13.45635 0.00013 
13.45935 0.00013 
13.46235 0.00013 
13.46535 0.00013 
13.46835 0.00013 
13.47135 0.00013 
13.47435 0.00013 
13.47735 0.00013 
13.48035 0.00013 
13.48335 0.00013 
13.48635 0.00013 
13.48935 0.00013 
13.49235 0.00013 
13.49535 0.00013 
13.49835 0.00013 
13.50135 0.00013 
13.50435 0.00013 
13.50735 0.00013 
13.51035 0.00012 
13.51335 0.00012 
13.51635 0.00012 
13.51935 0.00012 
13.52235 0.00012 
13.52535 0.00012 
13.52835 0.00012 
13.53135 0.00012 
13.53435 0.00012 
13.53735 0.00012 
13.54035 0.00012 
13.54335 0.00012 
13.54636 0.00012 
13.54936 0.00012 
13.55236 0.00012 
13.55536 0.00012 
13.55836 0.00012 
13.56136 0.00012 
13.56436 0.00012 
13.56736 0.00012 
13.57036 0.00012 
13.57336 0.00012 
13.57636 0.00012 
13.57936 0.00012 
13.58236 0.00012 
13.58536 0.00012 
13.58836 0.00012 
13.59136 0.00012 
13.59436 0.00012 
13.59736 0.00012 
13.60036 0.00012 
13.60336 0.00012 
13.60636 0.00012 
13.60936 0.00012 
13.61236 0.00012 
13.61536 0.00012 
13.61836 0.00012 
13.62136 0.00012 
13.62436 0.00012 
13.62736 0.00012 
13.63036 0.00012 
13.63336 0.00012 
13.63636 0.00012 
13.63936 0.00012 
13.64236 0.00012 
13.64537 0.00011 
13.64837 0.00011 
13.65137 0.00011 
13.65437 0.00011 
13.65737 0.00011 
13.66037 0.00011 
13.66337 0.00011 
13.66637 0.00011 
13.66937 0.00011 
13.67237 0.00011 
13.67537 0.00011 
13.67837 0.00011 
13.68137 0.00011 
13.68437 0.00011 
13.68737 0.00011 
13.69037 0.00011 
13.69337 0.00011 
13.69637 0.00011 
13.69937 0.00011 
13.70237 0.00011 
13.70537 0.00011 
13.70837 0.00011 
13.71137 0.00011 
13.71437 0.00011 
13.71737 0.00011 
13.72037 0.00011 
13.72337 0.00011 
13.72637 0.00011 
13.72937 0.00011 
13.73237 0.00011 
13.73537 0.00011 
13.73837 0.00011 
13.74137 0.00011 
13.74437 0.00011 
13.74738 0.00011 
13.75038 0.00011 
13.75338 0.00011 
13.75638 0.00011 
13.75938 0.00011 
13.76238 0.00011 
13.76538 0.00011 
13.76838 0.00011 
13.77138 0.00011 
13.77438 0.00011 
13.77738 0.00011 
13.78038 0.00011 
13.78338 0.00011 
13.78638 0.00011 
13.78938 0.00011 
13.79238 0.00010 
13.79538 0.00010 
13.79838 0.00010 
13.80138 0.00010 
13.80438 0.00010 
13.80738 0.00010 
13.81038 0.00010 
13.81338 0.00010 
13.81638 0.00010 
13.81938 0.00010 
13.82238 0.00010 
13.82538 0.00010 
13.82838 0.00010 
13.83138 0.00010 
13.83438 0.00010 
13.83738 0.00010 
13.84038 0.00010 
13.84338 0.00010 
13.84639 0.00010 
13.84939 0.00010 
13.85239 0.00010 
13.85539 0.00010 
13.85839 0.00010 
13.86139 0.00010 
13.86439 0.00010 
13.86739 0.00010 
13.87039 0.00010 
13.87339 0.00010 
13.87639 0.00010 
13.87939 0.00010 
13.88239 0.00010 
13.88539 0.00010 
13.88839 0.00010 
13.89139 0.00010 
13.89439 0.00010 
13.89739 0.00010 
13.90039 0.00010 
13.90339 0.00010 
13.90639 0.00010 
13.90939 0.00010 
13.91239 0.00010 
13.91539 0.00010 
13.91839 0.00010 
13.92139 0.00010 
13.92439 0.00010 
13.92739 0.00010 
13.93039 0.00010 
13.93339 0.00010 
13.93639 0.00010 
13.93939 0.00010 
13.94239 0.00010 
13.94540 0.00010 
13.94840 0.00010 
13.95140 0.00009 
13.95440 0.00009 
13.95740 0.00009 
13.96040 0.00009 
13.96340 0.00009 
13.96640 0.00009 
13.96940 0.00009 
13.97240 0.00009 
13.97540 0.00009 
13.97840 0.00009 
13.98140 0.00009 
13.98440 0.00009 
13.98740 0.00009 
13.99040 0.00009 
13.99340 0.00009 
13.99640 0.00009 
13.99940 0.00009 
14.00240 0.00009 
14.00540 0.00009 
14.00840 0.00009 
14.01140 0.00009 
14.01440 0.00009 
14.01740 0.00009 
14.02040 0.00009 
14.02340 0.00009 
14.02640 0.00009 
14.02940 0.00009 
14.03240 0.00009 
14.03540 0.00009 
14.03840 0.00009 
14.04140 0.00009 
14.04440 0.00009 
14.04741 0.00009 
14.05041 0.00009 
14.05341 0.00009 
14.05641 0.00009 
14.05941 0.00009 
14.06241 0.00009 
14.06541 0.00009 
14.06841 0.00009 
14.07141 0.00009 
14.07441 0.00009 
14.07741 0.00009 
14.08041 0.00009 
14.08341 0.00009 
14.08641 0.00009 
14.08941 0.00009 
14.09241 0.00009 
14.09541 0.00009 
14.09841 0.00009 
14.10141 0.00009 
14.10441 0.00009 
14.10741 0.00009 
14.11041 0.00009 
14.11341 0.00009 
14.11641 0.00009 
14.11941 0.00009 
14.12241 0.00009 
14.12541 0.00009 
14.12841 0.00008 
14.13141 0.00008 
14.13441 0.00008 
14.13741 0.00008 
14.14041 0.00008 
14.14341 0.00008 
14.14642 0.00008 
14.14942 0.00008 
14.15242 0.00008 
14.15542 0.00008 
14.15842 0.00008 
14.16142 0.00008 
14.16442 0.00008 
14.16742 0.00008 
14.17042 0.00008 
14.17342 0.00008 
14.17642 0.00008 
14.17942 0.00008 
14.18242 0.00008 
14.18542 0.00008 
14.18842 0.00008 
14.19142 0.00008 
14.19442 0.00008 
14.19742 0.00008 
14.20042 0.00008 
14.20342 0.00008 
14.20642 0.00008 
14.20942 0.00008 
14.21242 0.00008 
14.21542 0.00008 
14.21842 0.00008 
14.22142 0.00008 
14.22442 0.00008 
14.22742 0.00008 
14.23042 0.00008 
14.23342 0.00008 
14.23642 0.00008 
14.23942 0.00008 
14.24242 0.00008 
14.24543 0.00008 
14.24843 0.00008 
14.25143 0.00008 
14.25443 0.00008 
14.25743 0.00008 
14.26043 0.00008 
14.26343 0.00008 
14.26643 0.00008 
14.26943 0.00008 
14.27243 0.00008 
14.27543 0.00008 
14.27843 0.00008 
14.28143 0.00008 
14.28443 0.00008 
14.28743 0.00008 
14.29043 0.00008 
14.29343 0.00008 
14.29643 0.00008 
14.29943 0.00008 
14.30243 0.00008 
14.30543 0.00008 
14.30843 0.00008 
14.31143 0.00008 
14.31443 0.00008 
14.31743 0.00008 
14.32043 0.00008 
14.32343 0.00008 
14.32643 0.00007 
14.32943 0.00007 
14.33243 0.00007 
14.33543 0.00007 
14.33843 0.00007 
14.34143 0.00007 
14.34443 0.00007 
14.34744 0.00007 
14.35044 0.00007 
14.35344 0.00007 
14.35644 0.00007 
14.35944 0.00007 
14.36244 0.00007 
14.36544 0.00007 
14.36844 0.00007 
14.37144 0.00007 
14.37444 0.00007 
14.37744 0.00007 
14.38044 0.00007 
14.38344 0.00007 
14.38644 0.00007 
14.38944 0.00007 
14.39244 0.00007 
14.39544 0.00007 
14.39844 0.00007 
14.40144 0.00007 
14.40444 0.00007 
14.40744 0.00007 
14.41044 0.00007 
14.41344 0.00007 
14.41644 0.00007 
14.41944 0.00007 
14.42244 0.00007 
14.42544 0.00007 
14.42844 0.00007 
14.43144 0.00007 
14.43444 0.00007 
14.43744 0.00007 
14.44044 0.00007 
14.44344 0.00007 
14.44645 0.00007 
14.44945 0.00007 
14.45245 0.00007 
14.45545 0.00007 
14.45845 0.00007 
14.46145 0.00007 
14.46445 0.00007 
14.46745 0.00007 
14.47045 0.00007 
14.47345 0.00007 
14.47645 0.00007 
14.47945 0.00007 
14.48245 0.00007 
14.48545 0.00007 
14.48845 0.00007 
14.49145 0.00007 
14.49445 0.00007 
14.49745 0.00007 
14.50045 0.00007 
14.50345 0.00007 
14.50645 0.00007 
14.50945 0.00007 
14.51245 0.00007 
14.51545 0.00007 
14.51845 0.00007 
14.52145 0.00007 
14.52445 0.00007 
14.52745 0.00007 
14.53045 0.00007 
14.53345 0.00007 
14.53645 0.00007 
14.53945 0.00007 
14.54245 0.00007 
14.54546 0.00006 
14.54846 0.00006 
14.55146 0.00006 
14.55446 0.00006 
14.55746 0.00006 
14.56046 0.00006 
14.56346 0.00006 
14.56646 0.00006 
14.56946 0.00006 
14.57246 0.00006 
14.57546 0.00006 
14.57846 0.00006 
14.58146 0.00006 
14.58446 0.00006 
14.58746 0.00006 
14.59046 0.00006 
14.59346 0.00006 
14.59646 0.00006 
14.59946 0.00006 
14.60246 0.00006 
14.60546 0.00006 
14.60846 0.00006 
14.61146 0.00006 
14.61446 0.00006 
14.61746 0.00006 
14.62046 0.00006 
14.62346 0.00006 
14.62646 0.00006 
14.62946 0.00006 
14.63246 0.00006 
14.63546 0.00006 
14.63846 0.00006 
14.64146 0.00006 
14.64446 0.00006 
14.64747 0.00006 
14.65047 0.00006 
14.65347 0.00006 
14.65647 0.00006 
14.65947 0.00006 
14.66247 0.00006 
14.66547 0.00006 
14.66847 0.00006 
14.67147 0.00006 
14.67447 0.00006 
14.67747 0.00006 
14.68047 0.00006 
14.68347 0.00006 
14.68647 0.00006 
14.68947 0.00006 
14.69247 0.00006 
14.69547 0.00006 
14.69847 0.00006 
14.70147 0.00006 
14.70447 0.00006 
14.70747 0.00006 
14.71047 0.00006 
14.71347 0.00006 
14.71647 0.00006 
14.71947 0.00006 
14.72247 0.00006 
14.72547 0.00006 
14.72847 0.00006 
14.73147 0.00006 
14.73447 0.00006 
14.73747 0.00006 
14.74047 0.00006 
14.74347 0.00006 
14.74648 0.00006 
14.74948 0.00006 
14.75248 0.00006 
14.75548 0.00006 
14.75848 0.00006 
14.76148 0.00006 
14.76448 0.00006 
14.76748 0.00006 
14.77048 0.00006 
14.77348 0.00006 
14.77648 0.00006 
14.77948 0.00006 
14.78248 0.00006 
14.78548 0.00006 
14.78848 0.00006 
14.79148 0.00006 
14.79448 0.00006 
14.79748 0.00005 
14.80048 0.00005 
14.80348 0.00005 
14.80648 0.00005 
14.80948 0.00005 
14.81248 0.00005 
14.81548 0.00005 
14.81848 0.00005 
14.82148 0.00005 
14.82448 0.00005 
14.82748 0.00005 
14.83048 0.00005 
14.83348 0.00005 
14.83648 0.00005 
14.83948 0.00005 
14.84248 0.00005 
14.84549 0.00005 
14.84849 0.00005 
14.85149 0.00005 
14.85449 0.00005 
14.85749 0.00005 
14.86049 0.00005 
14.86349 0.00005 
14.86649 0.00005 
14.86949 0.00005 
14.87249 0.00005 
14.87549 0.00005 
14.87849 0.00005 
14.88149 0.00005 
14.88449 0.00005 
14.88749 0.00005 
14.89049 0.00005 
14.89349 0.00005 
14.89649 0.00005 
14.89949 0.00005 
14.90249 0.00005 
14.90549 0.00005 
14.90849 0.00005 
14.91149 0.00005 
14.91449 0.00005 
14.91749 0.00005 
14.92049 0.00005 
14.92349 0.00005 
14.92649 0.00005 
14.92949 0.00005 
14.93249 0.00005 
14.93549 0.00005 
14.93849 0.00005 
14.94149 0.00005 
14.94449 0.00005 
14.94750 0.00005 
14.95050 0.00005 
14.95350 0.00005 
14.95650 0.00005 
14.95950 0.00005 
14.96250 0.00005 
14.96550 0.00005 
14.96850 0.00005 
14.97150 0.00005 
14.97450 0.00005 
14.97750 0.00005 
14.98050 0.00005 
14.98350 0.00005 
14.98650 0.00005 
14.98950 0.00005 
14.99250 0.00005 
14.99550 0.00005 
14.99850 0.00005 
15.00150 0.00005 
15.00450 0.00005 
15.00750 0.00005 
15.01050 0.00005 
15.01350 0.00005 
15.01650 0.00005 
15.01950 0.00005 
15.02250 0.00005 
15.02550 0.00005 
15.02850 0.00005 
15.03150 0.00005 
15.03450 0.00005 
15.03750 0.00005 
15.04050 0.00005 
15.04350 0.00005 
15.04651 0.00005 
15.04951 0.00005 
15.05251 0.00005 
15.05551 0.00005 
15.05851 0.00005 
15.06151 0.00005 
15.06451 0.00005 
15.06751 0.00005 
15.07051 0.00005 
15.07351 0.00005 
15.07651 0.00005 
15.07951 0.00005 
15.08251 0.00005 
15.08551 0.00005 
15.08851 0.00004 
15.09151 0.00004 
15.09451 0.00004 
15.09751 0.00004 
15.10051 0.00004 
15.10351 0.00004 
15.10651 0.00004 
15.10951 0.00004 
15.11251 0.00004 
15.11551 0.00004 
15.11851 0.00004 
15.12151 0.00004 
15.12451 0.00004 
15.12751 0.00004 
15.13051 0.00004 
15.13351 0.00004 
15.13651 0.00004 
15.13951 0.00004 
15.14251 0.00004 
15.14552 0.00004 
15.14852 0.00004 
15.15152 0.00004 
15.15452 0.00004 
15.15752 0.00004 
15.16052 0.00004 
15.16352 0.00004 
15.16652 0.00004 
15.16952 0.00004 
15.17252 0.00004 
15.17552 0.00004 
15.17852 0.00004 
15.18152 0.00004 
15.18452 0.00004 
15.18752 0.00004 
15.19052 0.00004 
15.19352 0.00004 
15.19652 0.00004 
15.19952 0.00004 
15.20252 0.00004 
15.20552 0.00004 
15.20852 0.00004 
15.21152 0.00004 
15.21452 0.00004 
15.21752 0.00004 
15.22052 0.00004 
15.22352 0.00004 
15.22652 0.00004 
15.22952 0.00004 
15.23252 0.00004 
15.23552 0.00004 
15.23852 0.00004 
15.24152 0.00004 
15.24452 0.00004 
15.24753 0.00004 
15.25053 0.00004 
15.25353 0.00004 
15.25653 0.00004 
15.25953 0.00004 
15.26253 0.00004 
15.26553 0.00004 
15.26853 0.00004 
15.27153 0.00004 
15.27453 0.00004 
15.27753 0.00004 
15.28053 0.00004 
15.28353 0.00004 
15.28653 0.00004 
15.28953 0.00004 
15.29253 0.00004 
15.29553 0.00004 
15.29853 0.00004 
15.30153 0.00004 
15.30453 0.00004 
15.30753 0.00004 
15.31053 0.00004 
15.31353 0.00004 
15.31653 0.00004 
15.31953 0.00004 
15.32253 0.00004 
15.32553 0.00004 
15.32853 0.00004 
15.33153 0.00004 
15.33453 0.00004 
15.33753 0.00004 
15.34053 0.00004 
15.34353 0.00004 
15.34654 0.00004 
15.34954 0.00004 
15.35254 0.00004 
15.35554 0.00004 
15.35854 0.00004 
15.36154 0.00004 
15.36454 0.00004 
15.36754 0.00004 
15.37054 0.00004 
15.37354 0.00004 
15.37654 0.00004 
15.37954 0.00004 
15.38254 0.00004 
15.38554 0.00004 
15.38854 0.00004 
15.39154 0.00004 
15.39454 0.00004 
15.39754 0.00004 
15.40054 0.00004 
15.40354 0.00004 
15.40654 0.00004 
15.40954 0.00004 
15.41254 0.00004 
15.41554 0.00004 
15.41854 0.00004 
15.42154 0.00004 
15.42454 0.00004 
15.42754 0.00003 
15.43054 0.00003 
15.43354 0.00003 
15.43654 0.00003 
15.43954 0.00003 
15.44254 0.00003 
15.44555 0.00003 
15.44855 0.00003 
15.45155 0.00003 
15.45455 0.00003 
15.45755 0.00003 
15.46055 0.00003 
15.46355 0.00003 
15.46655 0.00003 
15.46955 0.00003 
15.47255 0.00003 
15.47555 0.00003 
15.47855 0.00003 
15.48155 0.00003 
15.48455 0.00003 
15.48755 0.00003 
15.49055 0.00003 
15.49355 0.00003 
15.49655 0.00003 
15.49955 0.00003 
15.50255 0.00003 
15.50555 0.00003 
15.50855 0.00003 
15.51155 0.00003 
15.51455 0.00003 
15.51755 0.00003 
15.52055 0.00003 
15.52355 0.00003 
15.52655 0.00003 
15.52955 0.00003 
15.53255 0.00003 
15.53555 0.00003 
15.53855 0.00003 
15.54155 0.00003 
15.54455 0.00003 
15.54756 0.00003 
15.55056 0.00003 
15.55356 0.00003 
15.55656 0.00003 
15.55956 0.00003 
15.56256 0.00003 
15.56556 0.00003 
15.56856 0.00003 
15.57156 0.00003 
15.57456 0.00003 
15.57756 0.00003 
15.58056 0.00003 
15.58356 0.00003 
15.58656 0.00003 
15.58956 0.00003 
15.59256 0.00003 
15.59556 0.00003 
15.59856 0.00003 
15.60156 0.00003 
15.60456 0.00003 
15.60756 0.00003 
15.61056 0.00003 
15.61356 0.00003 
15.61656 0.00003 
15.61956 0.00003 
15.62256 0.00003 
15.62556 0.00003 
15.62856 0.00003 
15.63156 0.00003 
15.63456 0.00003 
15.63756 0.00003 
15.64056 0.00003 
15.64356 0.00003 
15.64657 0.00003 
15.64957 0.00003 
15.65257 0.00003 
15.65557 0.00003 
15.65857 0.00003 
15.66157 0.00003 
15.66457 0.00003 
15.66757 0.00003 
15.67057 0.00003 
15.67357 0.00003 
15.67657 0.00003 
15.67957 0.00003 
15.68257 0.00003 
15.68557 0.00003 
15.68857 0.00003 
15.69157 0.00003 
15.69457 0.00003 
15.69757 0.00003 
15.70057 0.00003 
15.70357 0.00003 
15.70657 0.00003 
15.70957 0.00003 
15.71257 0.00003 
15.71557 0.00003 
15.71857 0.00003 
15.72157 0.00003 
15.72457 0.00003 
15.72757 0.00003 
15.73057 0.00003 
15.73357 0.00003 
15.73657 0.00003 
15.73957 0.00003 
15.74257 0.00003 
15.74558 0.00003 
15.74858 0.00003 
15.75158 0.00003 
15.75458 0.00003 
15.75758 0.00003 
15.76058 0.00003 
15.76358 0.00003 
15.76658 0.00003 
15.76958 0.00003 
15.77258 0.00003 
15.77558 0.00003 
15.77858 0.00003 
15.78158 0.00003 
15.78458 0.00003 
15.78758 0.00003 
15.79058 0.00003 
15.79358 0.00003 
15.79658 0.00003 
15.79958 0.00003 
15.80258 0.00003 
15.80558 0.00003 
15.80858 0.00003 
15.81158 0.00003 
15.81458 0.00003 
15.81758 0.00003 
15.82058 0.00003 
15.82358 0.00003 
15.82658 0.00003 
15.82958 0.00003 
15.83258 0.00003 
15.83558 0.00003 
15.83858 0.00002 
15.84158 0.00002 
15.84458 0.00002 
15.84759 0.00002 
15.85059 0.00002 
15.85359 0.00002 
15.85659 0.00002 
15.85959 0.00002 
15.86259 0.00002 
15.86559 0.00002 
15.86859 0.00002 
15.87159 0.00002 
15.87459 0.00002 
15.87759 0.00002 
15.88059 0.00002 
15.88359 0.00002 
15.88659 0.00002 
15.88959 0.00002 
15.89259 0.00002 
15.89559 0.00002 
15.89859 0.00002 
15.90159 0.00002 
15.90459 0.00002 
15.90759 0.00002 
15.91059 0.00002 
15.91359 0.00002 
15.91659 0.00002 
15.91959 0.00002 
15.92259 0.00002 
15.92559 0.00002 
15.92859 0.00002 
15.93159 0.00002 
15.93459 0.00002 
15.93759 0.00002 
15.94059 0.00002 
15.94359 0.00002 
15.94660 0.00002 
15.94960 0.00002 
15.95260 0.00002 
15.95560 0.00002 
15.95860 0.00002 
15.96160 0.00002 
15.96460 0.00002 
15.96760 0.00002 
15.97060 0.00002 
15.97360 0.00002 
15.97660 0.00002 
15.97960 0.00002 
15.98260 0.00002 
15.98560 0.00002 
15.98860 0.00002 
15.99160 0.00002 
15.99460 0.00002 
15.99760 0.00002 
16.00060 0.00002 
16.00360 0.00002 
16.00660 0.00002 
16.00960 0.00002 
16.01260 0.00002 
16.01560 0.00002 
16.01860 0.00002 
16.02160 0.00002 
16.02460 0.00002 
16.02760 0.00002 
16.03060 0.00002 
16.03360 0.00002 
16.03660 0.00002 
16.03960 0.00002 
16.04260 0.00002 
16.04561 0.00002 
16.04861 0.00002 
16.05161 0.00002 
16.05461 0.00002 
16.05761 0.00002 
16.06061 0.00002 
16.06361 0.00002 
16.06661 0.00002 
16.06961 0.00002 
16.07261 0.00002 
16.07561 0.00002 
16.07861 0.00002 
16.08161 0.00002 
16.08461 0.00002 
16.08761 0.00002 
16.09061 0.00002 
16.09361 0.00002 
16.09661 0.00002 
16.09961 0.00002 
16.10261 0.00002 
16.10561 0.00002 
16.10861 0.00002 
16.11161 0.00002 
16.11461 0.00002 
16.11761 0.00002 
16.12061 0.00002 
16.12361 0.00002 
16.12661 0.00002 
16.12961 0.00002 
16.13261 0.00002 
16.13561 0.00002 
16.13861 0.00002 
16.14161 0.00002 
16.14461 0.00002 
16.14762 0.00002 
16.15062 0.00002 
16.15362 0.00002 
16.15662 0.00002 
16.15962 0.00002 
16.16262 0.00002 
16.16562 0.00002 
16.16862 0.00002 
16.17162 0.00002 
16.17462 0.00002 
16.17762 0.00002 
16.18062 0.00002 
16.18362 0.00002 
16.18662 0.00002 
16.18962 0.00002 
16.19262 0.00002 
16.19562 0.00002 
16.19862 0.00002 
16.20162 0.00002 
16.20462 0.00002 
16.20762 0.00002 
16.21062 0.00002 
16.21362 0.00002 
16.21662 0.00002 
16.21962 0.00002 
16.22262 0.00002 
16.22562 0.00002 
16.22862 0.00002 
16.23162 0.00002 
16.23462 0.00002 
16.23762 0.00002 
16.24062 0.00002 
16.24362 0.00002 
16.24663 0.00002 
16.24963 0.00002 
16.25263 0.00002 
16.25563 0.00002 
16.25863 0.00002 
16.26163 0.00002 
16.26463 0.00002 
16.26763 0.00002 
16.27063 0.00002 
16.27363 0.00002 
16.27663 0.00002 
16.27963 0.00002 
16.28263 0.00002 
16.28563 0.00002 
16.28863 0.00002 
16.29163 0.00002 
16.29463 0.00002 
16.29763 0.00002 
16.30063 0.00002 
16.30363 0.00002 
16.30663 0.00002 
16.30963 0.00002 
16.31263 0.00002 
16.31563 0.00002 
16.31863 0.00002 
16.32163 0.00002 
16.32463 0.00002 
16.32763 0.00002 
16.33063 0.00002 
16.33363 0.00002 
16.33663 0.00002 
16.33963 0.00002 
16.34263 0.00002 
16.34564 0.00002 
16.34864 0.00002 
16.35164 0.00002 
16.35464 0.00002 
16.35764 0.00002 
16.36064 0.00002 
16.36364 0.00002 
16.36664 0.00001 
16.36964 0.00001 
16.37264 0.00001 
16.37564 0.00001 
16.37864 0.00001 
16.38164 0.00001 
16.38464 0.00001 
16.38764 0.00001 
16.39064 0.00001 
16.39364 0.00001 
16.39664 0.00001 
16.39964 0.00001 
16.40264 0.00001 
16.40564 0.00001 
16.40864 0.00001 
16.41164 0.00001 
16.41464 0.00001 
16.41764 0.00001 
16.42064 0.00001 
16.42364 0.00001 
16.42664 0.00001 
16.42964 0.00001 
16.43264 0.00001 
16.43564 0.00001 
16.43864 0.00001 
16.44164 0.00001 
16.44464 0.00001 
16.44765 0.00001 
16.45065 0.00001 
16.45365 0.00001 
16.45665 0.00001 
16.45965 0.00001 
16.46265 0.00001 
16.46565 0.00001 
16.46865 0.00001 
16.47165 0.00001 
16.47465 0.00001 
16.47765 0.00001 
16.48065 0.00001 
16.48365 0.00001 
16.48665 0.00001 
16.48965 0.00001 
16.49265 0.00001 
16.49565 0.00001 
16.49865 0.00001 
16.50165 0.00001 
16.50465 0.00001 
16.50765 0.00001 
16.51065 0.00001 
16.51365 0.00001 
16.51665 0.00001 
16.51965 0.00001 
16.52265 0.00001 
16.52565 0.00001 
16.52865 0.00001 
16.53165 0.00001 
16.53465 0.00001 
16.53765 0.00001 
16.54065 0.00001 
16.54365 0.00001 
16.54666 0.00001 
16.54966 0.00001 
16.55266 0.00001 
16.55566 0.00001 
16.55866 0.00001 
16.56166 0.00001 
16.56466 0.00001 
16.56766 0.00001 
16.57066 0.00001 
16.57366 0.00001 
16.57666 0.00001 
16.57966 0.00001 
16.58266 0.00001 
16.58566 0.00001 
16.58866 0.00001 
16.59166 0.00001 
16.59466 0.00001 
16.59766 0.00001 
16.60066 0.00001 
16.60366 0.00001 
16.60666 0.00001 
16.60966 0.00001 
16.61266 0.00001 
16.61566 0.00001 
16.61866 0.00001 
16.62166 0.00001 
16.62466 0.00001 
16.62766 0.00001 
16.63066 0.00001 
16.63366 0.00001 
16.63666 0.00001 
16.63966 0.00001 
16.64266 0.00001 
16.64567 0.00001 
16.64867 0.00001 
16.65167 0.00001 
16.65467 0.00001 
16.65767 0.00001 
16.66067 0.00001 
16.66367 0.00001 
16.66667 0.00001 
16.66967 0.00001 
16.67267 0.00001 
16.67567 0.00001 
16.67867 0.00001 
16.68167 0.00001 
16.68467 0.00001 
16.68767 0.00001 
16.69067 0.00001 
16.69367 0.00001 
16.69667 0.00001 
16.69967 0.00001 
16.70267 0.00001 
16.70567 0.00001 
16.70867 0.00001 
16.71167 0.00001 
16.71467 0.00001 
16.71767 0.00001 
16.72067 0.00001 
16.72367 0.00001 
16.72667 0.00001 
16.72967 0.00001 
16.73267 0.00001 
16.73567 0.00001 
16.73867 0.00001 
16.74167 0.00001 
16.74467 0.00001 
16.74768 0.00001 
16.75068 0.00001 
16.75368 0.00001 
16.75668 0.00001 
16.75968 0.00001 
16.76268 0.00001 
16.76568 0.00001 
16.76868 0.00001 
16.77168 0.00001 
16.77468 0.00001 
16.77768 0.00001 
16.78068 0.00001 
16.78368 0.00001 
16.78668 0.00001 
16.78968 0.00001 
16.79268 0.00001 
16.79568 0.00001 
16.79868 0.00001 
16.80168 0.00001 
16.80468 0.00001 
16.80768 0.00001 
16.81068 0.00001 
16.81368 0.00001 
16.81668 0.00001 
16.81968 0.00001 
16.82268 0.00001 
16.82568 0.00001 
16.82868 0.00001 
16.83168 0.00001 
16.83468 0.00001 
16.83768 0.00001 
16.84068 0.00001 
16.84368 0.00001 
16.84669 0.00001 
16.84969 0.00001 
16.85269 0.00001 
16.85569 0.00001 
16.85869 0.00001 
16.86169 0.00001 
16.86469 0.00001 
16.86769 0.00001 
16.87069 0.00001 
16.87369 0.00001 
16.87669 0.00001 
16.87969 0.00001 
16.88269 0.00001 
16.88569 0.00001 
16.88869 0.00001 
16.89169 0.00001 
16.89469 0.00001 
16.89769 0.00001 
16.90069 0.00001 
16.90369 0.00001 
16.90669 0.00001 
16.90969 0.00001 
16.91269 0.00001 
16.91569 0.00001 
16.91869 0.00001 
16.92169 0.00001 
16.92469 0.00001 
16.92769 0.00001 
16.93069 0.00001 
16.93369 0.00001 
16.93669 0.00001 
16.93969 0.00001 
16.94269 0.00001 
16.94570 0.00001 
16.94870 0.00001 
16.95170 0.00001 
16.95470 0.00001 
16.95770 0.00001 
16.96070 0.00001 
16.96370 0.00001 
16.96670 0.00001 
16.96970 0.00001 
16.97270 0.00001 
16.97570 0.00001 
16.97870 0.00001 
16.98170 0.00001 
16.98470 0.00001 
16.98770 0.00001 
16.99070 0.00001 
16.99370 0.00001 
16.99670 0.00001 
16.99970 0.00001 
17.00270 0.00001 
17.00570 0.00001 
17.00870 0.00001 
17.01170 0.00001 
17.01470 0.00001 
17.01770 0.00001 
17.02070 0.00001 
17.02370 0.00001 
17.02670 0.00001 
17.02970 0.00001 
17.03270 0.00001 
17.03570 0.00001 
17.03870 0.00001 
17.04170 0.00001 
17.04470 0.00001 
17.04771 0.00001 
17.05071 0.00001 
17.05371 0.00001 
17.05671 0.00001 
17.05971 0.00001 
17.06271 0.00001 
17.06571 0.00001 
17.06871 0.00001 
17.07171 0.00001 
17.07471 0.00001 
17.07771 0.00001 
17.08071 0.00001 
17.08371 0.00001 
17.08671 0.00001 
17.08971 0.00001 
17.09271 0.00001 
17.09571 0.00001 
17.09871 0.00001 
17.10171 0.00001 
17.10471 0.00001 
17.10771 0.00001 
17.11071 0.00001 
17.11371 0.00001 
17.11671 0.00001 
17.11971 0.00001 
17.12271 0.00001 
17.12571 0.00001 
17.12871 0.00001 
17.13171 0.00001 
17.13471 0.00001 
17.13771 0.00001 
17.14071 0.00001 
17.14371 0.00001 
17.14672 0.00001 
17.14972 0.00001 
17.15272 0.00001 
17.15572 0.00001 
17.15872 0.00001 
17.16172 0.00001 
17.16472 0.00001 
17.16772 0.00001 
17.17072 0.00001 
17.17372 0.00001 
17.17672 0.00001 
17.17972 0.00001 
17.18272 0.00001 
17.18572 0.00001 
17.18872 0.00001 
17.19172 0.00001 
17.19472 0.00001 
17.19772 0.00001 
17.20072 0.00001 
17.20372 0.00001 
17.20672 0.00001 
17.20972 0.00001 
17.21272 0.00001 
17.21572 0.00001 
17.21872 0.00001 
17.22172 0.00001 
17.22472 0.00001 
17.22772 0.00001 
17.23072 0.00000 
17.23372 0.00000 
17.23672 0.00000 
17.23972 0.00000 
17.24272 0.00000 
17.24572 0.00000 
17.24873 0.00000 
17.25173 0.00000 
17.25473 0.00000 
17.25773 0.00000 
17.26073 0.00000 
17.26373 0.00000 
17.26673 0.00000 
17.26973 0.00000 
17.27273 0.00000 
17.27573 0.00000 
17.27873 0.00000 
17.28173 0.00000 
17.28473 0.00000 
17.28773 0.00000 
17.29073 0.00000 
17.29373 0.00000 
17.29673 0.00000 
17.29973 0.00000 
17.30273 0.00000 
17.30573 0.00000 
17.30873 0.00000 
17.31173 0.00000 
17.31473 0.00000 
17.31773 0.00000 
17.32073 0.00000 
17.32373 0.00000 
17.32673 0.00000 
17.32973 0.00000 
17.33273 0.00000 
17.33573 0.00000 
17.33873 0.00000 
17.34173 0.00000 
17.34473 0.00000 
17.34774 0.00000 
17.35074 0.00000 
17.35374 0.00000 
17.35674 0.00000 
17.35974 0.00000 
17.36274 0.00000 
17.36574 0.00000 
17.36874 0.00000 
17.37174 0.00000 
17.37474 0.00000 
17.37774 0.00000 
17.38074 0.00000 
17.38374 0.00000 
17.38674 0.00000 
17.38974 0.00000 
17.39274 0.00000 
17.39574 0.00000 
17.39874 0.00000 
17.40174 0.00000 
17.40474 0.00000 
17.40774 0.00000 
17.41074 0.00000 
17.41374 0.00000 
17.41674 0.00000 
17.41974 0.00000 
17.42274 0.00000 
17.42574 0.00000 
17.42874 0.00000 
17.43174 0.00000 
17.43474 0.00000 
17.43774 0.00000 
17.44074 0.00000 
17.44374 0.00000 
17.44675 0.00000 
17.44975 0.00000 
17.45275 0.00000 
17.45575 0.00000 
17.45875 0.00000 
17.46175 0.00000 
17.46475 0.00000 
17.46775 0.00000 
17.47075 0.00000 
17.47375 0.00000 
17.47675 0.00000 
17.47975 0.00000 
17.48275 0.00000 
17.48575 0.00000 
17.48875 0.00000 
17.49175 0.00000 
17.49475 0.00000 
17.49775 0.00000 
17.50075 0.00000 
17.50375 0.00000 
17.50675 0.00000 
17.50975 0.00000 
17.51275 0.00000 
17.51575 0.00000 
17.51875 0.00000 
17.52175 0.00000 
17.52475 0.00000 
17.52775 0.00000 
17.53075 0.00000 
17.53375 0.00000 
17.53675 0.00000 
17.53975 0.00000 
17.54275 0.00000 
17.54575 0.00000 
17.54876 0.00000 
17.55176 0.00000 
17.55476 0.00000 
17.55776 0.00000 
17.56076 0.00000 
17.56376 0.00000 
17.56676 0.00000 
17.56976 0.00000 
17.57276 0.00000 
17.57576 0.00000 
17.57876 0.00000 
17.58176 0.00000 
17.58476 0.00000 
17.58776 0.00000 
17.59076 0.00000 
17.59376 0.00000 
17.59676 0.00000 
17.59976 0.00000 
17.60276 0.00000 
17.60576 0.00000 
17.60876 0.00000 
17.61176 0.00000 
17.61476 0.00000 
17.61776 0.00000 
17.62076 0.00000 
17.62376 0.00000 
17.62676 0.00000 
17.62976 0.00000 
17.63276 0.00000 
17.63576 0.00000 
17.63876 0.00000 
17.64176 0.00000 
17.64476 0.00000 
17.64777 0.00000 
17.65077 0.00000 
17.65377 0.00000 
17.65677 0.00000 
17.65977 0.00000 
17.66277 0.00000 
17.66577 0.00000 
17.66877 0.00000 
17.67177 0.00000 
17.67477 0.00000 
17.67777 0.00000 
17.68077 0.00000 
17.68377 0.00000 
17.68677 0.00000 
17.68977 0.00000 
17.69277 0.00000 
17.69577 0.00000 
17.69877 0.00000 
17.70177 0.00000 
17.70477 0.00000 
17.70777 0.00000 
17.71077 0.00000 
17.71377 0.00000 
17.71677 0.00000 
17.71977 0.00000 
17.72277 0.00000 
17.72577 0.00000 
17.72877 0.00000 
17.73177 0.00000 
17.73477 0.00000 
17.73777 0.00000 
17.74077 0.00000 
17.74377 0.00000 
17.74678 0.00000 
17.74978 0.00000 
17.75278 0.00000 
17.75578 0.00000 
17.75878 0.00000 
17.76178 0.00000 
17.76478 0.00000 
17.76778 0.00000 
17.77078 0.00000 
17.77378 0.00000 
17.77678 0.00000 
17.77978 0.00000 
17.78278 0.00000 
17.78578 0.00000 
17.78878 0.00000 
17.79178 0.00000 
17.79478 0.00000 
17.79778 0.00000 
17.80078 0.00000 
17.80378 0.00000 
17.80678 0.00000 
17.80978 0.00000 
17.81278 0.00000 
17.81578 0.00000 
17.81878 0.00000 
17.82178 0.00000 
17.82478 0.00000 
17.82778 0.00000 
17.83078 0.00000 
17.83378 0.00000 
17.83678 0.00000 
17.83978 0.00000 
17.84278 0.00000 
17.84578 0.00000 
17.84879 0.00000 
17.85179 0.00000 
17.85479 0.00000 
17.85779 0.00000 
17.86079 0.00000 
17.86379 0.00000 
17.86679 0.00000 
17.86979 0.00000 
17.87279 0.00000 
17.87579 0.00000 
17.87879 0.00000 
17.88179 0.00000 
17.88479 0.00000 
17.88779 0.00000 
17.89079 0.00000 
17.89379 0.00000 
17.89679 0.00000 
17.89979 0.00000 
17.90279 0.00000 
17.90579 0.00000 
17.90879 0.00000 
17.91179 0.00000 
17.91479 0.00000 
17.91779 0.00000 
17.92079 0.00000 
17.92379 0.00000 
17.92679 0.00000 
17.92979 0.00000 
17.93279 0.00000 
17.93579 0.00000 
17.93879 0.00000 
17.94179 0.00000 
17.94479 0.00000 
17.94780 0.00000 
17.95080 0.00000 
17.95380 0.00000 
17.95680 0.00000 
17.95980 0.00000 
17.96280 0.00000 
17.96580 0.00000 
17.96880 0.00000 
17.97180 0.00000 
17.97480 0.00000 
17.97780 0.00000 
17.98080 0.00000 
17.98380 0.00000 
17.98680 0.00000 
17.98980 0.00000 
17.99280 0.00000 
17.99580 0.00000 
17.99880 0.00000 
18.00180 0.00000 
18.00480 0.00000 
18.00780 0.00000 
18.01080 0.00000 
18.01380 0.00000 
18.01680 0.00000 
18.01980 0.00000 
18.02280 0.00000 
18.02580 0.00000 
18.02880 0.00000 
18.03180 0.00000 
18.03480 0.00000 
18.03780 0.00000 
18.04080 0.00000 
18.04380 0.00000 
18.04681 0.00000 
18.04981 0.00000 
18.05281 0.00000 
18.05581 0.00000 
18.05881 0.00000 
18.06181 0.00000 
18.06481 0.00000 
18.06781 0.00000 
18.07081 0.00000 
18.07381 0.00000 
18.07681 0.00000 
18.07981 0.00000 
18.08281 0.00000 
18.08581 0.00000 
18.08881 0.00000 
18.09181 0.00000 
18.09481 0.00000 
18.09781 0.00000 
18.10081 0.00000 
18.10381 0.00000 
18.10681 0.00000 
18.10981 0.00000 
18.11281 0.00000 
18.11581 0.00000 
18.11881 0.00000 
18.12181 0.00000 
18.12481 0.00000 
18.12781 0.00000 
18.13081 0.00000 
18.13381 0.00000 
18.13681 0.00000 
18.13981 0.00000 
18.14281 0.00000 
18.14581 0.00000 
18.14882 0.00000 
18.15182 0.00000 
18.15482 0.00000 
18.15782 0.00000 
18.16082 0.00000 
18.16382 0.00000 
18.16682 0.00000 
18.16982 0.00000 
18.17282 0.00000 
18.17582 0.00000 
18.17882 0.00000 
18.18182 0.00000 
18.18482 0.00000 
18.18782 0.00000 
18.19082 0.00000 
18.19382 0.00000 
18.19682 0.00000 
18.19982 0.00000 
18.20282 0.00000 
18.20582 0.00000 
18.20882 0.00000 
18.21182 0.00000 
18.21482 0.00000 
18.21782 0.00000 
18.22082 0.00000 
18.22382 0.00000 
18.22682 0.00000 
18.22982 0.00000 
18.23282 0.00000 
18.23582 0.00000 
18.23882 0.00000 
18.24182 0.00000 
18.24482 0.00000 
18.24783 0.00000 
18.25083 0.00000 
18.25383 0.00000 
18.25683 0.00000 
18.25983 0.00000 
18.26283 0.00000 
18.26583 0.00000 
18.26883 0.00000 
18.27183 0.00000 
18.27483 0.00000 
18.27783 0.00000 
18.28083 0.00000 
18.28383 0.00000 
18.28683 0.00000 
18.28983 0.00000 
18.29283 0.00000 
18.29583 0.00000 
18.29883 0.00000 
18.30183 0.00000 
18.30483 0.00000 
18.30783 0.00000 
18.31083 0.00000 
18.31383 0.00000 
18.31683 0.00000 
18.31983 0.00000 
18.32283 0.00000 
18.32583 0.00000 
18.32883 0.00000 
18.33183 0.00000 
18.33483 0.00000 
18.33783 0.00000 
18.34083 0.00000 
18.34383 0.00000 
18.34684 0.00000 
18.34984 0.00000 
18.35284 0.00000 
18.35584 0.00000 
18.35884 0.00000 
18.36184 0.00000 
18.36484 0.00000 
18.36784 0.00000 
18.37084 0.00000 
18.37384 0.00000 
18.37684 0.00000 
18.37984 0.00000 
18.38284 0.00000 
18.38584 0.00000 
18.38884 0.00000 
18.39184 0.00000 
18.39484 0.00000 
18.39784 0.00000 
18.40084 0.00000 
18.40384 0.00000 
18.40684 0.00000 
18.40984 0.00000 
18.41284 0.00000 
18.41584 0.00000 
18.41884 0.00000 
18.42184 0.00000 
18.42484 0.00000 
18.42784 0.00000 
18.43084 0.00000 
18.43384 0.00000 
18.43684 0.00000 
18.43984 0.00000 
18.44284 0.00000 
18.44584 0.00000 
18.44885 0.00000 
18.45185 0.00000 
18.45485 0.00000 
18.45785 0.00000 
18.46085 0.00000 
18.46385 0.00000 
18.46685 0.00000 
18.46985 0.00000 
18.47285 0.00000 
18.47585 0.00000 
18.47885 0.00000 
18.48185 0.00000 
18.48485 0.00000 
18.48785 0.00000 
18.49085 0.00000 
18.49385 0.00000 
18.49685 0.00000 
18.49985 0.00000 
18.50285 0.00000 
18.50585 0.00000 
18.50885 0.00000 
18.51185 0.00000 
18.51485 0.00000 
18.51785 0.00000 
18.52085 0.00000 
18.52385 0.00000 
18.52685 0.00000 
18.52985 0.00000 
18.53285 0.00000 
18.53585 0.00000 
18.53885 0.00000 
18.54185 0.00000 
18.54485 0.00000 
18.54786 0.00000 
18.55086 0.00000 
18.55386 0.00000 
18.55686 0.00000 
18.55986 0.00000 
18.56286 0.00000 
18.56586 0.00000 
18.56886 0.00000 
18.57186 0.00000 
18.57486 0.00000 
18.57786 0.00000 
18.58086 0.00000 
18.58386 0.00000 
18.58686 0.00000 
18.58986 0.00000 
18.59286 0.00000 
18.59586 0.00000 
18.59886 0.00000 
18.60186 0.00000 
18.60486 0.00000 
18.60786 0.00000 
18.61086 0.00000 
18.61386 0.00000 
18.61686 0.00000 
18.61986 0.00000 
18.62286 0.00000 
18.62586 0.00000 
18.62886 0.00000 
18.63186 0.00000 
18.63486 0.00000 
18.63786 0.00000 
18.64086 0.00000 
18.64386 0.00000 
18.64687 0.00000 
18.64987 0.00000 
18.65287 0.00000 
18.65587 0.00000 
18.65887 0.00000 
18.66187 0.00000 
18.66487 0.00000 
18.66787 0.00000 
18.67087 0.00000 
18.67387 0.00000 
18.67687 0.00000 
18.67987 0.00000 
18.68287 0.00000 
18.68587 0.00000 
18.68887 0.00000 
18.69187 0.00000 
18.69487 0.00000 
18.69787 0.00000 
18.70087 0.00000 
18.70387 0.00000 
18.70687 0.00000 
18.70987 0.00000 
18.71287 0.00000 
18.71587 0.00000 
18.71887 0.00000 
18.72187 0.00000 
18.72487 0.00000 
18.72787 0.00000 
18.73087 0.00000 
18.73387 0.00000 
18.73687 0.00000 
18.73987 0.00000 
18.74287 0.00000 
18.74587 0.00000 
18.74888 0.00000 
18.75188 0.00000 
18.75488 0.00000 
18.75788 0.00000 
18.76088 0.00000 
18.76388 0.00000 
18.76688 0.00000 
18.76988 0.00000 
18.77288 0.00000 
18.77588 0.00000 
18.77888 0.00000 
18.78188 0.00000 
18.78488 0.00000 
18.78788 0.00000 
18.79088 0.00000 
18.79388 0.00000 
18.79688 0.00000 
18.79988 0.00000 
18.80288 0.00000 
18.80588 0.00000 
18.80888 0.00000 
18.81188 0.00000 
18.81488 0.00000 
18.81788 0.00000 
18.82088 0.00000 
18.82388 0.00000 
18.82688 0.00000 
18.82988 0.00000 
18.83288 0.00000 
18.83588 0.00000 
18.83888 0.00000 
18.84188 0.00000 
18.84488 0.00000 
18.84789 0.00000 
18.85089 0.00000 
18.85389 0.00000 
18.85689 0.00000 
18.85989 0.00000 
18.86289 0.00000 
18.86589 0.00000 
18.86889 0.00000 
18.87189 0.00000 
18.87489 0.00000 
18.87789 0.00000 
18.88089 0.00000 
18.88389 0.00000 
18.88689 0.00000 
18.88989 0.00000 
18.89289 0.00000 
18.89589 0.00000 
18.89889 0.00000 
18.90189 0.00000 
18.90489 0.00000 
18.90789 0.00000 
18.91089 0.00000 
18.91389 0.00000 
18.91689 0.00000 
18.91989 0.00000 
18.92289 0.00000 
18.92589 0.00000 
18.92889 0.00000 
18.93189 0.00000 
18.93489 0.00000 
18.93789 0.00000 
18.94089 0.00000 
18.94389 0.00000 
18.94690 0.00000 
18.94990 0.00000 
18.95290 0.00000 
18.95590 0.00000 
18.95890 0.00000 
18.96190 0.00000 
18.96490 0.00000 
18.96790 0.00000 
18.97090 0.00000 
18.97390 0.00000 
18.97690 0.00000 
18.97990 0.00000 
18.98290 0.00000 
18.98590 0.00000 
18.98890 0.00000 
18.99190 0.00000 
18.99490 0.00000 
18.99790 0.00000 
19.00090 0.00000 
19.00390 0.00000 
19.00690 0.00000 
19.00990 0.00000 
19.01290 0.00000 
19.01590 0.00000 
19.01890 0.00000 
19.02190 0.00000 
19.02490 0.00000 
19.02790 0.00000 
19.03090 0.00000 
19.03390 0.00000 
19.03690 0.00000 
19.03990 0.00000 
19.04290 0.00000 
19.04590 0.00000 
19.04891 0.00000 
19.05191 0.00000 
19.05491 0.00000 
19.05791 0.00000 
19.06091 0.00000 
19.06391 0.00000 
19.06691 0.00000 
19.06991 0.00000 
19.07291 0.00000 
19.07591 0.00000 
19.07891 0.00000 
19.08191 0.00000 
19.08491 0.00000 
19.08791 0.00000 
19.09091 0.00000 
19.09391 0.00000 
19.09691 0.00000 
19.09991 0.00000 
19.10291 0.00000 
19.10591 0.00000 
19.10891 0.00000 
19.11191 0.00000 
19.11491 0.00000 
19.11791 0.00000 
19.12091 0.00000 
19.12391 0.00000 
19.12691 0.00000 
19.12991 0.00000 
19.13291 0.00000 
19.13591 0.00000 
19.13891 0.00000 
19.14191 0.00000 
19.14491 0.00000 
19.14792 0.00000 
19.15092 0.00000 
19.15392 0.00000 
19.15692 0.00000 
19.15992 0.00000 
19.16292 0.00000 
19.16592 0.00000 
19.16892 0.00000 
19.17192 0.00000 
19.17492 0.00000 
19.17792 0.00000 
19.18092 0.00000 
19.18392 0.00000 
19.18692 0.00000 
19.18992 0.00000 
19.19292 0.00000 
19.19592 0.00000 
19.19892 0.00000 
19.20192 0.00000 
19.20492 0.00000 
19.20792 0.00000 
19.21092 0.00000 
19.21392 0.00000 
19.21692 0.00000 
19.21992 0.00000 
19.22292 0.00000 
19.22592 0.00000 
19.22892 0.00000 
19.23192 0.00000 
19.23492 0.00000 
19.23792 0.00000 
19.24092 0.00000 
19.24392 0.00000 
19.24693 0.00000 
19.24993 0.00000 
19.25293 0.00000 
19.25593 0.00000 
19.25893 0.00000 
19.26193 0.00000 
19.26493 0.00000 
19.26793 0.00000 
19.27093 0.00000 
19.27393 0.00000 
19.27693 0.00000 
19.27993 0.00000 
19.28293 0.00000 
19.28593 0.00000 
19.28893 0.00000 
19.29193 0.00000 
19.29493 0.00000 
19.29793 0.00000 
19.30093 0.00000 
19.30393 0.00000 
19.30693 0.00000 
19.30993 0.00000 
19.31293 0.00000 
19.31593 0.00000 
19.31893 0.00000 
19.32193 0.00000 
19.32493 0.00000 
19.32793 0.00000 
19.33093 0.00000 
19.33393 0.00000 
19.33693 0.00000 
19.33993 0.00000 
19.34293 0.00000 
19.34593 0.00000 
19.34894 0.00000 
19.35194 0.00000 
19.35494 0.00000 
19.35794 0.00000 
19.36094 0.00000 
19.36394 0.00000 
19.36694 0.00000 
19.36994 0.00000 
19.37294 0.00000 
19.37594 0.00000 
19.37894 0.00000 
19.38194 0.00000 
19.38494 0.00000 
19.38794 0.00000 
19.39094 0.00000 
19.39394 0.00000 
19.39694 0.00000 
19.39994 0.00000 
19.40294 0.00000 
19.40594 0.00000 
19.40894 0.00000 
19.41194 0.00000 
19.41494 0.00000 
19.41794 0.00000 
19.42094 0.00000 
19.42394 0.00000 
19.42694 0.00000 
19.42994 0.00000 
19.43294 0.00000 
19.43594 0.00000 
19.43894 0.00000 
19.44194 0.00000 
19.44494 0.00000 
19.44795 0.00000 
19.45095 0.00000 
19.45395 0.00000 
19.45695 0.00000 
19.45995 0.00000 
19.46295 0.00000 
19.46595 0.00000 
19.46895 0.00000 
19.47195 0.00000 
19.47495 0.00000 
19.47795 0.00000 
19.48095 0.00000 
19.48395 0.00000 
19.48695 0.00000 
19.48995 0.00000 
19.49295 0.00000 
19.49595 0.00000 
19.49895 0.00000 
19.50195 0.00000 
19.50495 0.00000 
19.50795 0.00000 
19.51095 0.00000 
19.51395 0.00000 
19.51695 0.00000 
19.51995 0.00000 
19.52295 0.00000 
19.52595 0.00000 
19.52895 0.00000 
19.53195 0.00000 
19.53495 0.00000 
19.53795 0.00000 
19.54095 0.00000 
19.54395 0.00000 
19.54696 0.00000 
19.54996 0.00000 
19.55296 0.00000 
19.55596 0.00000 
19.55896 0.00000 
19.56196 0.00000 
19.56496 0.00000 
19.56796 0.00000 
19.57096 0.00000 
19.57396 0.00000 
19.57696 0.00000 
19.57996 0.00000 
19.58296 0.00000 
19.58596 0.00000 
19.58896 0.00000 
19.59196 0.00000 
19.59496 0.00000 
19.59796 0.00000 
19.60096 0.00000 
19.60396 0.00000 
19.60696 0.00000 
19.60996 0.00000 
19.61296 0.00000 
19.61596 0.00000 
19.61896 0.00000 
19.62196 0.00000 
19.62496 0.00000 
19.62796 0.00000 
19.63096 0.00000 
19.63396 0.00000 
19.63696 0.00000 
19.63996 0.00000 
19.64296 0.00000 
19.64596 0.00000 
19.64897 0.00000 
19.65197 0.00000 
19.65497 0.00000 
19.65797 0.00000 
19.66097 0.00000 
19.66397 0.00000 
19.66697 0.00000 
19.66997 0.00000 
19.67297 0.00000 
19.67597 0.00000 
19.67897 0.00000 
19.68197 0.00000 
19.68497 0.00000 
19.68797 0.00000 
19.69097 0.00000 
19.69397 0.00000 
19.69697 0.00000 
19.69997 0.00000 
19.70297 0.00000 
19.70597 0.00000 
19.70897 0.00000 
19.71197 0.00000 
19.71497 0.00000 
19.71797 0.00000 
19.72097 0.00000 
19.72397 0.00000 
19.72697 0.00000 
19.72997 0.00000 
19.73297 0.00000 
19.73597 0.00000 
19.73897 0.00000 
19.74197 0.00000 
19.74497 0.00000 
19.74798 0.00000 
19.75098 0.00000 
19.75398 0.00000 
19.75698 0.00000 
19.75998 0.00000 
19.76298 0.00000 
19.76598 0.00000 
19.76898 0.00000 
19.77198 0.00000 
19.77498 0.00000 
19.77798 0.00000 
19.78098 0.00000 
19.78398 0.00000 
19.78698 0.00000 
19.78998 0.00000 
19.79298 0.00000 
19.79598 0.00000 
19.79898 0.00000 
19.80198 0.00000 
19.80498 0.00000 
19.80798 0.00000 
19.81098 0.00000 
19.81398 0.00000 
19.81698 0.00000 
19.81998 0.00000 
19.82298 0.00000 
19.82598 0.00000 
19.82898 0.00000 
19.83198 0.00000 
19.83498 0.00000 
19.83798 0.00000 
19.84098 0.00000 
19.84398 0.00000 
19.84699 0.00000 
19.84999 0.00000 
19.85299 0.00000 
19.85599 0.00000 
19.85899 0.00000 
19.86199 0.00000 
19.86499 0.00000 
19.86799 0.00000 
19.87099 0.00000 
19.87399 0.00000 
19.87699 0.00000 
19.87999 0.00000 
19.88299 0.00000 
19.88599 0.00000 
19.88899 0.00000 
19.89199 0.00000 
19.89499 0.00000 
19.89799 0.00000 
19.90099 0.00000 
19.90399 0.00000 
19.90699 0.00000 
19.90999 0.00000 
19.91299 0.00000 
19.91599 0.00000 
19.91899 0.00000 
19.92199 0.00000 
19.92499 0.00000 
19.92799 0.00000 
19.93099 0.00000 
19.93399 0.00000 
19.93699 0.00000 
19.93999 0.00000 
19.94299 0.00000 
19.94599 0.00000 
19.94900 0.00000 
19.95200 0.00000 
19.95500 0.00000 
19.95800 0.00000 
19.96100 0.00000 
19.96400 0.00000 
19.96700 0.00000 
19.97000 0.00000 
19.97300 0.00000 
19.97600 0.00000 
19.97900 0.00000 
19.98200 0.00000 
19.98500 0.00000 
19.98800 0.00000 
19.99100 0.00000 
19.99400 0.00000 
19.99700 0.00000 
20.00000 0.00000 
20.00300 0.00000 
20.00600 0.00000 
20.00900 0.00000 
20.01200 0.00000 
20.01500 0.00000 
20.01800 0.00000 
20.02100 0.00000 
20.02400 0.00000 
20.02700 0.00000 
20.03000 0.00000 
20.03300 0.00000 
20.03600 0.00000 
20.03900 0.00000 
20.04200 0.00000 
20.04500 0.00000 
20.04801 0.00000 
20.05101 0.00000 
20.05401 0.00000 
20.05701 0.00000 
20.06001 0.00000 
20.06301 0.00000 
20.06601 0.00000 
20.06901 0.00000 
20.07201 0.00000 
20.07501 0.00000 
20.07801 0.00000 
20.08101 0.00000 
20.08401 0.00000 
20.08701 0.00000 
20.09001 0.00000 
20.09301 0.00000 
20.09601 0.00000 
20.09901 0.00000 
20.10201 0.00000 
20.10501 0.00000 
20.10801 0.00000 
20.11101 0.00000 
20.11401 0.00000 
20.11701 0.00000 
20.12001 0.00000 
20.12301 0.00000 
20.12601 0.00000 
20.12901 0.00000 
20.13201 0.00000 
20.13501 0.00000 
20.13801 0.00000 
20.14101 0.00000 
20.14401 0.00000 
20.14702 0.00000 
20.15002 0.00000 
20.15302 0.00000 
20.15602 0.00000 
20.15902 0.00000 
20.16202 0.00000 
20.16502 0.00000 
20.16802 0.00000 
20.17102 0.00000 
20.17402 0.00000 
20.17702 0.00000 
20.18002 0.00000 
20.18302 0.00000 
20.18602 0.00000 
20.18902 0.00000 
20.19202 0.00000 
20.19502 0.00000 
20.19802 0.00000 
20.20102 0.00000 
20.20402 0.00000 
20.20702 0.00000 
20.21002 0.00000 
20.21302 0.00000 
20.21602 0.00000 
20.21902 0.00000 
20.22202 0.00000 
20.22502 0.00000 
20.22802 0.00000 
20.23102 0.00000 
20.23402 0.00000 
20.23702 0.00000 
20.24002 0.00000 
20.24302 0.00000 
20.24602 0.00000 
20.24903 0.00000 
20.25203 0.00000 
20.25503 0.00000 
20.25803 0.00000 
20.26103 0.00000 
20.26403 0.00000 
20.26703 0.00000 
20.27003 0.00000 
20.27303 0.00000 
20.27603 0.00000 
20.27903 0.00000 
20.28203 0.00000 
20.28503 0.00000 
20.28803 0.00000 
20.29103 0.00000 
20.29403 0.00000 
20.29703 0.00000 
20.30003 0.00000 
20.30303 0.00000 
20.30603 0.00000 
20.30903 0.00000 
20.31203 0.00000 
20.31503 0.00000 
20.31803 0.00000 
20.32103 0.00000 
20.32403 0.00000 
20.32703 0.00000 
20.33003 0.00000 
20.33303 0.00000 
20.33603 0.00000 
20.33903 0.00000 
20.34203 0.00000 
20.34503 0.00000 
20.34804 0.00000 
20.35104 0.00000 
20.35404 0.00000 
20.35704 0.00000 
20.36004 0.00000 
20.36304 0.00000 
20.36604 0.00000 
20.36904 0.00000 
20.37204 0.00000 
20.37504 0.00000 
20.37804 0.00000 
20.38104 0.00000 
20.38404 0.00000 
20.38704 0.00000 
20.39004 0.00000 
20.39304 0.00000 
20.39604 0.00000 
20.39904 0.00000 
20.40204 0.00000 
20.40504 0.00000 
20.40804 0.00000 
20.41104 0.00000 
20.41404 0.00000 
20.41704 0.00000 
20.42004 0.00000 
20.42304 0.00000 
20.42604 0.00000 
20.42904 0.00000 
20.43204 0.00000 
20.43504 0.00000 
20.43804 0.00000 
20.44104 0.00000 
20.44404 0.00000 
20.44705 0.00000 
20.45005 0.00000 
20.45305 0.00000 
20.45605 0.00000 
20.45905 0.00000 
20.46205 0.00000 
20.46505 0.00000 
20.46805 0.00000 
20.47105 0.00000 
20.47405 0.00000 
20.47705 0.00000 
20.48005 0.00000 
20.48305 0.00000 
20.48605 0.00000 
20.48905 0.00000 
20.49205 0.00000 
20.49505 0.00000 
20.49805 0.00000 
20.50105 0.00000 
20.50405 0.00000 
20.50705 0.00000 
20.51005 0.00000 
20.51305 0.00000 
20.51605 0.00000 
20.51905 0.00000 
20.52205 0.00000 
20.52505 0.00000 
20.52805 0.00000 
20.53105 0.00000 
20.53405 0.00000 
20.53705 0.00000 
20.54005 0.00000 
20.54305 0.00000 
20.54605 0.00000 
20.54906 0.00000 
20.55206 0.00000 
20.55506 0.00000 
20.55806 0.00000 
20.56106 0.00000 
20.56406 0.00000 
20.56706 0.00000 
20.57006 0.00000 
20.57306 0.00000 
20.57606 0.00000 
20.57906 0.00000 
20.58206 0.00000 
20.58506 0.00000 
20.58806 0.00000 
20.59106 0.00000 
20.59406 0.00000 
20.59706 0.00000 
20.60006 0.00000 
20.60306 0.00000 
20.60606 0.00000 
20.60906 0.00000 
20.61206 0.00000 
20.61506 0.00000 
20.61806 0.00000 
20.62106 0.00000 
20.62406 0.00000 
20.62706 0.00000 
20.63006 0.00000 
20.63306 0.00000 
20.63606 0.00000 
20.63906 0.00000 
20.64206 0.00000 
20.64506 0.00000 
20.64807 0.00000 
20.65107 0.00000 
20.65407 0.00000 
20.65707 0.00000 
20.66007 0.00000 
20.66307 0.00000 
20.66607 0.00000 
20.66907 0.00000 
20.67207 0.00000 
20.67507 0.00000 
20.67807 0.00000 
20.68107 0.00000 
20.68407 0.00000 
20.68707 0.00000 
20.69007 0.00000 
20.69307 0.00000 
20.69607 0.00000 
20.69907 0.00000 
20.70207 0.00000 
20.70507 0.00000 
20.70807 0.00000 
20.71107 0.00000 
20.71407 0.00000 
20.71707 0.00000 
20.72007 0.00000 
20.72307 0.00000 
20.72607 0.00000 
20.72907 0.00000 
20.73207 0.00000 
20.73507 0.00000 
20.73807 0.00000 
20.74107 0.00000 
20.74407 0.00000 
20.74708 0.00000 
20.75008 0.00000 
20.75308 0.00000 
20.75608 0.00000 
20.75908 0.00000 
20.76208 0.00000 
20.76508 0.00000 
20.76808 0.00000 
20.77108 0.00000 
20.77408 0.00000 
20.77708 0.00000 
20.78008 0.00000 
20.78308 0.00000 
20.78608 0.00000 
20.78908 0.00000 
20.79208 0.00000 
20.79508 0.00000 
20.79808 0.00000 
20.80108 0.00000 
20.80408 0.00000 
20.80708 0.00000 
20.81008 0.00000 
20.81308 0.00000 
20.81608 0.00000 
20.81908 0.00000 
20.82208 0.00000 
20.82508 0.00000 
20.82808 0.00000 
20.83108 0.00000 
20.83408 0.00000 
20.83708 0.00000 
20.84008 0.00000 
20.84308 0.00000 
20.84608 0.00000 
20.84909 0.00000 
20.85209 0.00000 
20.85509 0.00000 
20.85809 0.00000 
20.86109 0.00000 
20.86409 0.00000 
20.86709 0.00000 
20.87009 0.00000 
20.87309 0.00000 
20.87609 0.00000 
20.87909 0.00000 
20.88209 0.00000 
20.88509 0.00000 
20.88809 0.00000 
20.89109 0.00000 
20.89409 0.00000 
20.89709 0.00000 
20.90009 0.00000 
20.90309 0.00000 
20.90609 0.00000 
20.90909 0.00000 
20.91209 0.00000 
20.91509 0.00000 
20.91809 0.00000 
20.92109 0.00000 
20.92409 0.00000 
20.92709 0.00000 
20.93009 0.00000 
20.93309 0.00000 
20.93609 0.00000 
20.93909 0.00000 
20.94209 0.00000 
20.94509 0.00000 
20.94810 0.00000 
20.95110 0.00000 
20.95410 0.00000 
20.95710 0.00000 
20.96010 0.00000 
20.96310 0.00000 
20.96610 0.00000 
20.96910 0.00000 
20.97210 0.00000 
20.97510 0.00000 
20.97810 0.00000 
20.98110 0.00000 
20.98410 0.00000 
20.98710 0.00000 
20.99010 0.00000 
20.99310 0.00000 
20.99610 0.00000 
20.99910 0.00000 
21.00210 0.00000 
21.00510 0.00000 
21.00810 0.00000 
21.01110 0.00000 
21.01410 0.00000 
21.01710 0.00000 
21.02010 0.00000 
21.02310 0.00000 
21.02610 0.00000 
21.02910 0.00000 
21.03210 0.00000 
21.03510 0.00000 
21.03810 0.00000 
21.04110 0.00000 
21.04410 0.00000 
21.04711 0.00000 
21.05011 0.00000 
21.05311 0.00000 
21.05611 0.00000 
21.05911 0.00000 
21.06211 0.00000 
21.06511 0.00000 
21.06811 0.00000 
21.07111 0.00000 
21.07411 0.00000 
21.07711 0.00000 
21.08011 0.00000 
21.08311 0.00000 
21.08611 0.00000 
21.08911 0.00000 
21.09211 0.00000 
21.09511 0.00000 
21.09811 0.00000 
21.10111 0.00000 
21.10411 0.00000 
21.10711 0.00000 
21.11011 0.00000 
21.11311 0.00000 
21.11611 0.00000 
21.11911 0.00000 
21.12211 0.00000 
21.12511 0.00000 
21.12811 0.00000 
21.13111 0.00000 
21.13411 0.00000 
21.13711 0.00000 
21.14011 0.00000 
21.14311 0.00000 
21.14611 0.00000 
21.14912 0.00000 
21.15212 0.00000 
21.15512 0.00000 
21.15812 0.00000 
21.16112 0.00000 
21.16412 0.00000 
21.16712 0.00000 
21.17012 0.00000 
21.17312 0.00000 
21.17612 0.00000 
21.17912 0.00000 
21.18212 0.00000 
21.18512 0.00000 
21.18812 0.00000 
21.19112 0.00000 
21.19412 0.00000 
21.19712 0.00000 
21.20012 0.00000 
21.20312 0.00000 
21.20612 0.00000 
21.20912 0.00000 
21.21212 0.00000 
21.21512 0.00000 
21.21812 0.00000 
21.22112 0.00000 
21.22412 0.00000 
21.22712 0.00000 
21.23012 0.00000 
21.23312 0.00000 
21.23612 0.00000 
21.23912 0.00000 
21.24212 0.00000 
21.24512 0.00000 
21.24813 0.00000 
21.25113 0.00000 
21.25413 0.00000 
21.25713 0.00000 
21.26013 0.00000 
21.26313 0.00000 
21.26613 0.00000 
21.26913 0.00000 
21.27213 0.00000 
21.27513 0.00000 
21.27813 0.00000 
21.28113 0.00000 
21.28413 0.00000 
21.28713 0.00000 
21.29013 0.00000 
21.29313 0.00000 
21.29613 0.00000 
21.29913 0.00000 
21.30213 0.00000 
21.30513 0.00000 
21.30813 0.00000 
21.31113 0.00000 
21.31413 0.00000 
21.31713 0.00000 
21.32013 0.00000 
21.32313 0.00000 
21.32613 0.00000 
21.32913 0.00000 
21.33213 0.00000 
21.33513 0.00000 
21.33813 0.00000 
21.34113 0.00000 
21.34413 0.00000 
21.34714 0.00000 
21.35014 0.00000 
21.35314 0.00000 
21.35614 0.00000 
21.35914 0.00000 
21.36214 0.00000 
21.36514 0.00000 
21.36814 0.00000 
21.37114 0.00000 
21.37414 0.00000 
21.37714 0.00000 
21.38014 0.00000 
21.38314 0.00000 
21.38614 0.00000 
21.38914 0.00000 
21.39214 0.00000 
21.39514 0.00000 
21.39814 0.00000 
21.40114 0.00000 
21.40414 0.00000 
21.40714 0.00000 
21.41014 0.00000 
21.41314 0.00000 
21.41614 0.00000 
21.41914 0.00000 
21.42214 0.00000 
21.42514 0.00000 
21.42814 0.00000 
21.43114 0.00000 
21.43414 0.00000 
21.43714 0.00000 
21.44014 0.00000 
21.44314 0.00000 
21.44614 0.00000 
21.44915 0.00000 
21.45215 0.00000 
21.45515 0.00000 
21.45815 0.00000 
21.46115 0.00000 
21.46415 0.00000 
21.46715 0.00000 
21.47015 0.00000 
21.47315 0.00000 
21.47615 0.00000 
21.47915 0.00000 
21.48215 0.00000 
21.48515 0.00000 
21.48815 0.00000 
21.49115 0.00000 
21.49415 0.00000 
21.49715 0.00000 
21.50015 0.00000 
21.50315 0.00000 
21.50615 0.00000 
21.50915 0.00000 
21.51215 0.00000 
21.51515 0.00000 
21.51815 0.00000 
21.52115 0.00000 
21.52415 0.00000 
21.52715 0.00000 
21.53015 0.00000 
21.53315 0.00000 
21.53615 0.00000 
21.53915 0.00000 
21.54215 0.00000 
21.54515 0.00000 
21.54816 0.00000 
21.55116 0.00000 
21.55416 0.00000 
21.55716 0.00000 
21.56016 0.00000 
21.56316 0.00000 
21.56616 0.00000 
21.56916 0.00000 
21.57216 0.00000 
21.57516 0.00000 
21.57816 0.00000 
21.58116 0.00000 
21.58416 0.00000 
21.58716 0.00000 
21.59016 0.00000 
21.59316 0.00000 
21.59616 0.00000 
21.59916 0.00000 
21.60216 0.00000 
21.60516 0.00000 
21.60816 0.00000 
21.61116 0.00000 
21.61416 0.00000 
21.61716 0.00000 
21.62016 0.00000 
21.62316 0.00000 
21.62616 0.00000 
21.62916 0.00000 
21.63216 0.00000 
21.63516 0.00000 
21.63816 0.00000 
21.64116 0.00000 
21.64416 0.00000 
21.64716 0.00000 
21.65017 0.00000 
21.65317 0.00000 
21.65617 0.00000 
21.65917 0.00000 
21.66217 0.00000 
21.66517 0.00000 
21.66817 0.00000 
21.67117 0.00000 
21.67417 0.00000 
21.67717 0.00000 
21.68017 0.00000 
21.68317 0.00000 
21.68617 0.00000 
21.68917 0.00000 
21.69217 0.00000 
21.69517 0.00000 
21.69817 0.00000 
21.70117 0.00000 
21.70417 0.00000 
21.70717 0.00000 
21.71017 0.00000 
21.71317 0.00000 
21.71617 0.00000 
21.71917 0.00000 
21.72217 0.00000 
21.72517 0.00000 
21.72817 0.00000 
21.73117 0.00000 
21.73417 0.00000 
21.73717 0.00000 
21.74017 0.00000 
21.74317 0.00000 
21.74617 0.00000 
21.74918 0.00000 
21.75218 0.00000 
21.75518 0.00000 
21.75818 0.00000 
21.76118 0.00000 
21.76418 0.00000 
21.76718 0.00000 
21.77018 0.00000 
21.77318 0.00000 
21.77618 0.00000 
21.77918 0.00000 
21.78218 0.00000 
21.78518 0.00000 
21.78818 0.00000 
21.79118 0.00000 
21.79418 0.00000 
21.79718 0.00000 
21.80018 0.00000 
21.80318 0.00000 
21.80618 0.00000 
21.80918 0.00000 
21.81218 0.00000 
21.81518 0.00000 
21.81818 0.00000 
21.82118 0.00000 
21.82418 0.00000 
21.82718 0.00000 
21.83018 0.00000 
21.83318 0.00000 
21.83618 0.00000 
21.83918 0.00000 
21.84218 0.00000 
21.84518 0.00000 
21.84819 0.00000 
21.85119 0.00000 
21.85419 0.00000 
21.85719 0.00000 
21.86019 0.00000 
21.86319 0.00000 
21.86619 0.00000 
21.86919 0.00000 
21.87219 0.00000 
21.87519 0.00000 
21.87819 0.00000 
21.88119 0.00000 
21.88419 0.00000 
21.88719 0.00000 
21.89019 0.00000 
21.89319 0.00000 
21.89619 0.00000 
21.89919 0.00000 
21.90219 0.00000 
21.90519 0.00000 
21.90819 0.00000 
21.91119 0.00000 
21.91419 0.00000 
21.91719 0.00000 
21.92019 0.00000 
21.92319 0.00000 
21.92619 0.00000 
21.92919 0.00000 
21.93219 0.00000 
21.93519 0.00000 
21.93819 0.00000 
21.94119 0.00000 
21.94419 0.00000 
21.94719 0.00000 
21.95020 0.00000 
21.95320 0.00000 
21.95620 0.00000 
21.95920 0.00000 
21.96220 0.00000 
21.96520 0.00000 
21.96820 0.00000 
21.97120 0.00000 
21.97420 0.00000 
21.97720 0.00000 
21.98020 0.00000 
21.98320 0.00000 
21.98620 0.00000 
21.98920 0.00000 
21.99220 0.00000 
21.99520 0.00000 
21.99820 0.00000 
22.00120 0.00000 
22.00420 0.00000 
22.00720 0.00000 
22.01020 0.00000 
22.01320 0.00000 
22.01620 0.00000 
22.01920 0.00000 
22.02220 0.00000 
22.02520 0.00000 
22.02820 0.00000 
22.03120 0.00000 
22.03420 0.00000 
22.03720 0.00000 
22.04020 0.00000 
22.04320 0.00000 
22.04620 0.00000 
22.04921 0.00000 
22.05221 0.00000 
22.05521 0.00000 
22.05821 0.00000 
22.06121 0.00000 
22.06421 0.00000 
22.06721 0.00000 
22.07021 0.00000 
22.07321 0.00000 
22.07621 0.00000 
22.07921 0.00000 
22.08221 0.00000 
22.08521 0.00000 
22.08821 0.00000 
22.09121 0.00000 
22.09421 0.00000 
22.09721 0.00000 
22.10021 0.00000 
22.10321 0.00000 
22.10621 0.00000 
22.10921 0.00000 
22.11221 0.00000 
22.11521 0.00000 
22.11821 0.00000 
22.12121 0.00000 
22.12421 0.00000 
22.12721 0.00000 
22.13021 0.00000 
22.13321 0.00000 
22.13621 0.00000 
22.13921 0.00000 
22.14221 0.00000 
22.14521 0.00000 
22.14822 0.00000 
22.15122 0.00000 
22.15422 0.00000 
22.15722 0.00000 
22.16022 0.00000 
22.16322 0.00000 
22.16622 0.00000 
22.16922 0.00000 
22.17222 0.00000 
22.17522 0.00000 
22.17822 0.00000 
22.18122 0.00000 
22.18422 0.00000 
22.18722 0.00000 
22.19022 0.00000 
22.19322 0.00000 
22.19622 0.00000 
22.19922 0.00000 
22.20222 0.00000 
22.20522 0.00000 
22.20822 0.00000 
22.21122 0.00000 
22.21422 0.00000 
22.21722 0.00000 
22.22022 0.00000 
22.22322 0.00000 
22.22622 0.00000 
22.22922 0.00000 
22.23222 0.00000 
22.23522 0.00000 
22.23822 0.00000 
22.24122 0.00000 
22.24422 0.00000 
22.24722 0.00000 
22.25023 0.00000 
22.25323 0.00000 
22.25623 0.00000 
22.25923 0.00000 
22.26223 0.00000 
22.26523 0.00000 
22.26823 0.00000 
22.27123 0.00000 
22.27423 0.00000 
22.27723 0.00000 
22.28023 0.00000 
22.28323 0.00000 
22.28623 0.00000 
22.28923 0.00000 
22.29223 0.00000 
22.29523 0.00000 
22.29823 0.00000 
22.30123 0.00000 
22.30423 0.00000 
22.30723 0.00000 
22.31023 0.00000 
22.31323 0.00000 
22.31623 0.00000 
22.31923 0.00000 
22.32223 0.00000 
22.32523 0.00000 
22.32823 0.00000 
22.33123 0.00000 
22.33423 0.00000 
22.33723 0.00000 
22.34023 0.00000 
22.34323 0.00000 
22.34623 0.00000 
22.34924 0.00000 
22.35224 0.00000 
22.35524 0.00000 
22.35824 0.00000 
22.36124 0.00000 
22.36424 0.00000 
22.36724 0.00000 
22.37024 0.00000 
22.37324 0.00000 
22.37624 0.00000 
22.37924 0.00000 
22.38224 0.00000 
22.38524 0.00000 
22.38824 0.00000 
22.39124 0.00000 
22.39424 0.00000 
22.39724 0.00000 
22.40024 0.00000 
22.40324 0.00000 
22.40624 0.00000 
22.40924 0.00000 
22.41224 0.00000 
22.41524 0.00000 
22.41824 0.00000 
22.42124 0.00000 
22.42424 0.00000 
22.42724 0.00000 
22.43024 0.00000 
22.43324 0.00000 
22.43624 0.00000 
22.43924 0.00000 
22.44224 0.00000 
22.44524 0.00000 
22.44825 0.00000 
22.45125 0.00000 
22.45425 0.00000 
22.45725 0.00000 
22.46025 0.00000 
22.46325 0.00000 
22.46625 0.00000 
22.46925 0.00000 
22.47225 0.00000 
22.47525 0.00000 
22.47825 0.00000 
22.48125 0.00000 
22.48425 0.00000 
22.48725 0.00000 
22.49025 0.00000 
22.49325 0.00000 
22.49625 0.00000 
22.49925 0.00000 
22.50225 0.00000 
22.50525 0.00000 
22.50825 0.00000 
22.51125 0.00000 
22.51425 0.00000 
22.51725 0.00000 
22.52025 0.00000 
22.52325 0.00000 
22.52625 0.00000 
22.52925 0.00000 
22.53225 0.00000 
22.53525 0.00000 
22.53825 0.00000 
22.54125 0.00000 
22.54425 0.00000 
22.54725 0.00000 
22.55026 0.00000 
22.55326 0.00000 
22.55626 0.00000 
22.55926 0.00000 
22.56226 0.00000 
22.56526 0.00000 
22.56826 0.00000 
22.57126 0.00000 
22.57426 0.00000 
22.57726 0.00000 
22.58026 0.00000 
22.58326 0.00000 
22.58626 0.00000 
22.58926 0.00000 
22.59226 0.00000 
22.59526 0.00000 
22.59826 0.00000 
22.60126 0.00000 
22.60426 0.00000 
22.60726 0.00000 
22.61026 0.00000 
22.61326 0.00000 
22.61626 0.00000 
22.61926 0.00000 
22.62226 0.00000 
22.62526 0.00000 
22.62826 0.00000 
22.63126 0.00000 
22.63426 0.00000 
22.63726 0.00000 
22.64026 0.00000 
22.64326 0.00000 
22.64626 0.00000 
22.64927 0.00000 
22.65227 0.00000 
22.65527 0.00000 
22.65827 0.00000 
22.66127 0.00000 
22.66427 0.00000 
22.66727 0.00000 
22.67027 0.00000 
22.67327 0.00000 
22.67627 0.00000 
22.67927 0.00000 
22.68227 0.00000 
22.68527 0.00000 
22.68827 0.00000 
22.69127 0.00000 
22.69427 0.00000 
22.69727 0.00000 
22.70027 0.00000 
22.70327 0.00000 
22.70627 0.00000 
22.70927 0.00000 
22.71227 0.00000 
22.71527 0.00000 
22.71827 0.00000 
22.72127 0.00000 
22.72427 0.00000 
22.72727 0.00000 
22.73027 0.00000 
22.73327 0.00000 
22.73627 0.00000 
22.73927 0.00000 
22.74227 0.00000 
22.74527 0.00000 
22.74828 0.00000 
22.75128 0.00000 
22.75428 0.00000 
22.75728 0.00000 
22.76028 0.00000 
22.76328 0.00000 
22.76628 0.00000 
22.76928 0.00000 
22.77228 0.00000 
22.77528 0.00000 
22.77828 0.00000 
22.78128 0.00000 
22.78428 0.00000 
22.78728 0.00000 
22.79028 0.00000 
22.79328 0.00000 
22.79628 0.00000 
22.79928 0.00000 
22.80228 0.00000 
22.80528 0.00000 
22.80828 0.00000 
22.81128 0.00000 
22.81428 0.00000 
22.81728 0.00000 
22.82028 0.00000 
22.82328 0.00000 
22.82628 0.00000 
22.82928 0.00000 
22.83228 0.00000 
22.83528 0.00000 
22.83828 0.00000 
22.84128 0.00000 
22.84428 0.00000 
22.84728 0.00000 
22.85029 0.00000 
22.85329 0.00000 
22.85629 0.00000 
22.85929 0.00000 
22.86229 0.00000 
22.86529 0.00000 
22.86829 0.00000 
22.87129 0.00000 
22.87429 0.00000 
22.87729 0.00000 
22.88029 0.00000 
22.88329 0.00000 
22.88629 0.00000 
22.88929 0.00000 
22.89229 0.00000 
22.89529 0.00000 
22.89829 0.00000 
22.90129 0.00000 
22.90429 0.00000 
22.90729 0.00000 
22.91029 0.00000 
22.91329 0.00000 
22.91629 0.00000 
22.91929 0.00000 
22.92229 0.00000 
22.92529 0.00000 
22.92829 0.00000 
22.93129 0.00000 
22.93429 0.00000 
22.93729 0.00000 
22.94029 0.00000 
22.94329 0.00000 
22.94629 0.00000 
22.94930 0.00000 
22.95230 0.00000 
22.95530 0.00000 
22.95830 0.00000 
22.96130 0.00000 
22.96430 0.00000 
22.96730 0.00000 
22.97030 0.00000 
22.97330 0.00000 
22.97630 0.00000 
22.97930 0.00000 
22.98230 0.00000 
22.98530 0.00000 
22.98830 0.00000 
22.99130 0.00000 
22.99430 0.00000 
22.99730 0.00000 
23.00030 0.00000 
23.00330 0.00000 
23.00630 0.00000 
23.00930 0.00000 
23.01230 0.00000 
23.01530 0.00000 
23.01830 0.00000 
23.02130 0.00000 
23.02430 0.00000 
23.02730 0.00000 
23.03030 0.00000 
23.03330 0.00000 
23.03630 0.00000 
23.03930 0.00000 
23.04230 0.00000 
23.04530 0.00000 
23.04831 0.00000 
23.05131 0.00000 
23.05431 0.00000 
23.05731 0.00000 
23.06031 0.00000 
23.06331 0.00000 
23.06631 0.00000 
23.06931 0.00000 
23.07231 0.00000 
23.07531 0.00000 
23.07831 0.00000 
23.08131 0.00000 
23.08431 0.00000 
23.08731 0.00000 
23.09031 0.00000 
23.09331 0.00000 
23.09631 0.00000 
23.09931 0.00000 
23.10231 0.00000 
23.10531 0.00000 
23.10831 0.00000 
23.11131 0.00000 
23.11431 0.00000 
23.11731 0.00000 
23.12031 0.00000 
23.12331 0.00000 
23.12631 0.00000 
23.12931 0.00000 
23.13231 0.00000 
23.13531 0.00000 
23.13831 0.00000 
23.14131 0.00000 
23.14431 0.00000 
23.14731 0.00000 
23.15032 0.00000 
23.15332 0.00000 
23.15632 0.00000 
23.15932 0.00000 
23.16232 0.00000 
23.16532 0.00000 
23.16832 0.00000 
23.17132 0.00000 
23.17432 0.00000 
23.17732 0.00000 
23.18032 0.00000 
23.18332 0.00000 
23.18632 0.00000 
23.18932 0.00000 
23.19232 0.00000 
23.19532 0.00000 
23.19832 0.00000 
23.20132 0.00000 
23.20432 0.00000 
23.20732 0.00000 
23.21032 0.00000 
23.21332 0.00000 
23.21632 0.00000 
23.21932 0.00000 
23.22232 0.00000 
23.22532 0.00000 
23.22832 0.00000 
23.23132 0.00000 
23.23432 0.00000 
23.23732 0.00000 
23.24032 0.00000 
23.24332 0.00000 
23.24632 0.00000 
23.24933 0.00000 
23.25233 0.00000 
23.25533 0.00000 
23.25833 0.00000 
23.26133 0.00000 
23.26433 0.00000 
23.26733 0.00000 
23.27033 0.00000 
23.27333 0.00000 
23.27633 0.00000 
23.27933 0.00000 
23.28233 0.00000 
23.28533 0.00000 
23.28833 0.00000 
23.29133 0.00000 
23.29433 0.00000 
23.29733 0.00000 
23.30033 0.00000 
23.30333 0.00000 
23.30633 0.00000 
23.30933 0.00000 
23.31233 0.00000 
23.31533 0.00000 
23.31833 0.00000 
23.32133 0.00000 
23.32433 0.00000 
23.32733 0.00000 
23.33033 0.00000 
23.33333 0.00000 
23.33633 0.00000 
23.33933 0.00000 
23.34233 0.00000 
23.34533 0.00000 
23.34834 0.00000 
23.35134 0.00000 
23.35434 0.00000 
23.35734 0.00000 
23.36034 0.00000 
23.36334 0.00000 
23.36634 0.00000 
23.36934 0.00000 
23.37234 0.00000 
23.37534 0.00000 
23.37834 0.00000 
23.38134 0.00000 
23.38434 0.00000 
23.38734 0.00000 
23.39034 0.00000 
23.39334 0.00000 
23.39634 0.00000 
23.39934 0.00000 
23.40234 0.00000 
23.40534 0.00000 
23.40834 0.00000 
23.41134 0.00000 
23.41434 0.00000 
23.41734 0.00000 
23.42034 0.00000 
23.42334 0.00000 
23.42634 0.00000 
23.42934 0.00000 
23.43234 0.00000 
23.43534 0.00000 
23.43834 0.00000 
23.44134 0.00000 
23.44434 0.00000 
23.44734 0.00000 
23.45035 0.00000 
23.45335 0.00000 
23.45635 0.00000 
23.45935 0.00000 
23.46235 0.00000 
23.46535 0.00000 
23.46835 0.00000 
23.47135 0.00000 
23.47435 0.00000 
23.47735 0.00000 
23.48035 0.00000 
23.48335 0.00000 
23.48635 0.00000 
23.48935 0.00000 
23.49235 0.00000 
23.49535 0.00000 
23.49835 0.00000 
23.50135 0.00000 
23.50435 0.00000 
23.50735 0.00000 
23.51035 0.00000 
23.51335 0.00000 
23.51635 0.00000 
23.51935 0.00000 
23.52235 0.00000 
23.52535 0.00000 
23.52835 0.00000 
23.53135 0.00000 
23.53435 0.00000 
23.53735 0.00000 
23.54035 0.00000 
23.54335 0.00000 
23.54635 0.00000 
23.54936 0.00000 
23.55236 0.00000 
23.55536 0.00000 
23.55836 0.00000 
23.56136 0.00000 
23.56436 0.00000 
23.56736 0.00000 
23.57036 0.00000 
23.57336 0.00000 
23.57636 0.00000 
23.57936 0.00000 
23.58236 0.00000 
23.58536 0.00000 
23.58836 0.00000 
23.59136 0.00000 
23.59436 0.00000 
23.59736 0.00000 
23.60036 0.00000 
23.60336 0.00000 
23.60636 0.00000 
23.60936 0.00000 
23.61236 0.00000 
23.61536 0.00000 
23.61836 0.00000 
23.62136 0.00000 
23.62436 0.00000 
23.62736 0.00000 
23.63036 0.00000 
23.63336 0.00000 
23.63636 0.00000 
23.63936 0.00000 
23.64236 0.00000 
23.64536 0.00000 
23.64837 0.00000 
23.65137 0.00000 
23.65437 0.00000 
23.65737 0.00000 
23.66037 0.00000 
23.66337 0.00000 
23.66637 0.00000 
23.66937 0.00000 
23.67237 0.00000 
23.67537 0.00000 
23.67837 0.00000 
23.68137 0.00000 
23.68437 0.00000 
23.68737 0.00000 
23.69037 0.00000 
23.69337 0.00000 
23.69637 0.00000 
23.69937 0.00000 
23.70237 0.00000 
23.70537 0.00000 
23.70837 0.00000 
23.71137 0.00000 
23.71437 0.00000 
23.71737 0.00000 
23.72037 0.00000 
23.72337 0.00000 
23.72637 0.00000 
23.72937 0.00000 
23.73237 0.00000 
23.73537 0.00000 
23.73837 0.00000 
23.74137 0.00000 
23.74437 0.00000 
23.74737 0.00000 
23.75038 0.00000 
23.75338 0.00000 
23.75638 0.00000 
23.75938 0.00000 
23.76238 0.00000 
23.76538 0.00000 
23.76838 0.00000 
23.77138 0.00000 
23.77438 0.00000 
23.77738 0.00000 
23.78038 0.00000 
23.78338 0.00000 
23.78638 0.00000 
23.78938 0.00000 
23.79238 0.00000 
23.79538 0.00000 
23.79838 0.00000 
23.80138 0.00000 
23.80438 0.00000 
23.80738 0.00000 
23.81038 0.00000 
23.81338 0.00000 
23.81638 0.00000 
23.81938 0.00000 
23.82238 0.00000 
23.82538 0.00000 
23.82838 0.00000 
23.83138 0.00000 
23.83438 0.00000 
23.83738 0.00000 
23.84038 0.00000 
23.84338 0.00000 
23.84638 0.00000 
23.84939 0.00000 
23.85239 0.00000 
23.85539 0.00000 
23.85839 0.00000 
23.86139 0.00000 
23.86439 0.00000 
23.86739 0.00000 
23.87039 0.00000 
23.87339 0.00000 
23.87639 0.00000 
23.87939 0.00000 
23.88239 0.00000 
23.88539 0.00000 
23.88839 0.00000 
23.89139 0.00000 
23.89439 0.00000 
23.89739 0.00000 
23.90039 0.00000 
23.90339 0.00000 
23.90639 0.00000 
23.90939 0.00000 
23.91239 0.00000 
23.91539 0.00000 
23.91839 0.00000 
23.92139 0.00000 
23.92439 0.00000 
23.92739 0.00000 
23.93039 0.00000 
23.93339 0.00000 
23.93639 0.00000 
23.93939 0.00000 
23.94239 0.00000 
23.94539 0.00000 
23.94840 0.00000 
23.95140 0.00000 
23.95440 0.00000 
23.95740 0.00000 
23.96040 0.00000 
23.96340 0.00000 
23.96640 0.00000 
23.96940 0.00000 
23.97240 0.00000 
23.97540 0.00000 
23.97840 0.00000 
23.98140 0.00000 
23.98440 0.00000 
23.98740 0.00000 
23.99040 0.00000 
23.99340 0.00000 
23.99640 0.00000 
23.99940 0.00000 
24.00240 0.00000 
24.00540 0.00000 
24.00840 0.00000 
24.01140 0.00000 
24.01440 0.00000 
24.01740 0.00000 
24.02040 0.00000 
24.02340 0.00000 
24.02640 0.00000 
24.02940 0.00000 
24.03240 0.00000 
24.03540 0.00000 
24.03840 0.00000 
24.04140 0.00000 
24.04440 0.00000 
24.04740 0.00000 
24.05041 0.00000 
24.05341 0.00000 
24.05641 0.00000 
24.05941 0.00000 
24.06241 0.00000 
24.06541 0.00000 
24.06841 0.00000 
24.07141 0.00000 
24.07441 0.00000 
24.07741 0.00000 
24.08041 0.00000 
24.08341 0.00000 
24.08641 0.00000 
24.08941 0.00000 
24.09241 0.00000 
24.09541 0.00000 
24.09841 0.00000 
24.10141 0.00000 
24.10441 0.00000 
24.10741 0.00000 
24.11041 0.00000 
24.11341 0.00000 
24.11641 0.00000 
24.11941 0.00000 
24.12241 0.00000 
24.12541 0.00000 
24.12841 0.00000 
24.13141 0.00000 
24.13441 0.00000 
24.13741 0.00000 
24.14041 0.00000 
24.14341 0.00000 
24.14641 0.00000 
24.14942 0.00000 
24.15242 0.00000 
24.15542 0.00000 
24.15842 0.00000 
24.16142 0.00000 
24.16442 0.00000 
24.16742 0.00000 
24.17042 0.00000 
24.17342 0.00000 
24.17642 0.00000 
24.17942 0.00000 
24.18242 0.00000 
24.18542 0.00000 
24.18842 0.00000 
24.19142 0.00000 
24.19442 0.00000 
24.19742 0.00000 
24.20042 0.00000 
24.20342 0.00000 
24.20642 0.00000 
24.20942 0.00000 
24.21242 0.00000 
24.21542 0.00000 
24.21842 0.00000 
24.22142 0.00000 
24.22442 0.00000 
24.22742 0.00000 
24.23042 0.00000 
24.23342 0.00000 
24.23642 0.00000 
24.23942 0.00000 
24.24242 0.00000 
24.24542 0.00000 
24.24843 0.00000 
24.25143 0.00000 
24.25443 0.00000 
24.25743 0.00000 
24.26043 0.00000 
24.26343 0.00000 
24.26643 0.00000 
24.26943 0.00000 
24.27243 0.00000 
24.27543 0.00000 
24.27843 0.00000 
24.28143 0.00000 
24.28443 0.00000 
24.28743 0.00000 
24.29043 0.00000 
24.29343 0.00000 
24.29643 0.00000 
24.29943 0.00000 
24.30243 0.00000 
24.30543 0.00000 
24.30843 0.00000 
24.31143 0.00000 
24.31443 0.00000 
24.31743 0.00000 
24.32043 0.00000 
24.32343 0.00000 
24.32643 0.00000 
24.32943 0.00000 
24.33243 0.00000 
24.33543 0.00000 
24.33843 0.00000 
24.34143 0.00000 
24.34443 0.00000 
24.34743 0.00000 
24.35044 0.00000 
24.35344 0.00000 
24.35644 0.00000 
24.35944 0.00000 
24.36244 0.00000 
24.36544 0.00000 
24.36844 0.00000 
24.37144 0.00000 
24.37444 0.00000 
24.37744 0.00000 
24.38044 0.00000 
24.38344 0.00000 
24.38644 0.00000 
24.38944 0.00000 
24.39244 0.00000 
24.39544 0.00000 
24.39844 0.00000 
24.40144 0.00000 
24.40444 0.00000 
24.40744 0.00000 
24.41044 0.00000 
24.41344 0.00000 
24.41644 0.00000 
24.41944 0.00000 
24.42244 0.00000 
24.42544 0.00000 
24.42844 0.00000 
24.43144 0.00000 
24.43444 0.00000 
24.43744 0.00000 
24.44044 0.00000 
24.44344 0.00000 
24.44644 0.00000 
24.44945 0.00000 
24.45245 0.00000 
24.45545 0.00000 
24.45845 0.00000 
24.46145 0.00000 
24.46445 0.00000 
24.46745 0.00000 
24.47045 0.00000 
24.47345 0.00000 
24.47645 0.00000 
24.47945 0.00000 
24.48245 0.00000 
24.48545 0.00000 
24.48845 0.00000 
24.49145 0.00000 
24.49445 0.00000 
24.49745 0.00000 
24.50045 0.00000 
24.50345 0.00000 
24.50645 0.00000 
24.50945 0.00000 
24.51245 0.00000 
24.51545 0.00000 
24.51845 0.00000 
24.52145 0.00000 
24.52445 0.00000 
24.52745 0.00000 
24.53045 0.00000 
24.53345 0.00000 
24.53645 0.00000 
24.53945 0.00000 
24.54245 0.00000 
24.54545 0.00000 
24.54846 0.00000 
24.55146 0.00000 
24.55446 0.00000 
24.55746 0.00000 
24.56046 0.00000 
24.56346 0.00000 
24.56646 0.00000 
24.56946 0.00000 
24.57246 0.00000 
24.57546 0.00000 
24.57846 0.00000 
24.58146 0.00000 
24.58446 0.00000 
24.58746 0.00000 
24.59046 0.00000 
24.59346 0.00000 
24.59646 0.00000 
24.59946 0.00000 
24.60246 0.00000 
24.60546 0.00000 
24.60846 0.00000 
24.61146 0.00000 
24.61446 0.00000 
24.61746 0.00000 
24.62046 0.00000 
24.62346 0.00000 
24.62646 0.00000 
24.62946 0.00000 
24.63246 0.00000 
24.63546 0.00000 
24.63846 0.00000 
24.64146 0.00000 
24.64446 0.00000 
24.64746 0.00000 
24.65047 0.00000 
24.65347 0.00000 
24.65647 0.00000 
24.65947 0.00000 
24.66247 0.00000 
24.66547 0.00000 
24.66847 0.00000 
24.67147 0.00000 
24.67447 0.00000 
24.67747 0.00000 
24.68047 0.00000 
24.68347 0.00000 
24.68647 0.00000 
24.68947 0.00000 
24.69247 0.00000 
24.69547 0.00000 
24.69847 0.00000 
24.70147 0.00000 
24.70447 0.00000 
24.70747 0.00000 
24.71047 0.00000 
24.71347 0.00000 
24.71647 0.00000 
24.71947 0.00000 
24.72247 0.00000 
24.72547 0.00000 
24.72847 0.00000 
24.73147 0.00000 
24.73447 0.00000 
24.73747 0.00000 
24.74047 0.00000 
24.74347 0.00000 
24.74647 0.00000 
24.74948 0.00000 
24.75248 0.00000 
24.75548 0.00000 
24.75848 0.00000 
24.76148 0.00000 
24.76448 0.00000 
24.76748 0.00000 
24.77048 0.00000 
24.77348 0.00000 
24.77648 0.00000 
24.77948 0.00000 
24.78248 0.00000 
24.78548 0.00000 
24.78848 0.00000 
24.79148 0.00000 
24.79448 0.00000 
24.79748 0.00000 
24.80048 0.00000 
24.80348 0.00000 
24.80648 0.00000 
24.80948 0.00000 
24.81248 0.00000 
24.81548 0.00000 
24.81848 0.00000 
24.82148 0.00000 
24.82448 0.00000 
24.82748 0.00000 
24.83048 0.00000 
24.83348 0.00000 
24.83648 0.00000 
24.83948 0.00000 
24.84248 0.00000 
24.84548 0.00000 
24.84849 0.00000 
24.85149 0.00000 
24.85449 0.00000 
24.85749 0.00000 
24.86049 0.00000 
24.86349 0.00000 
24.86649 0.00000 
24.86949 0.00000 
24.87249 0.00000 
24.87549 0.00000 
24.87849 0.00000 
24.88149 0.00000 
24.88449 0.00000 
24.88749 0.00000 
24.89049 0.00000 
24.89349 0.00000 
24.89649 0.00000 
24.89949 0.00000 
24.90249 0.00000 
24.90549 0.00000 
24.90849 0.00000 
24.91149 0.00000 
24.91449 0.00000 
24.91749 0.00000 
24.92049 0.00000 
24.92349 0.00000 
24.92649 0.00000 
24.92949 0.00000 
24.93249 0.00000 
24.93549 0.00000 
24.93849 0.00000 
24.94149 0.00000 
24.94449 0.00000 
24.94749 0.00000 
24.95050 0.00000 
24.95350 0.00000 
24.95650 0.00000 
24.95950 0.00000 
24.96250 0.00000 
24.96550 0.00000 
24.96850 0.00000 
24.97150 0.00000 
24.97450 0.00000 
24.97750 0.00000 
24.98050 0.00000 
24.98350 0.00000 
24.98650 0.00000 
24.98950 0.00000 
24.99250 0.00000 
24.99550 0.00000 
24.99850 0.00000 
25.00150 0.00000 
25.00450 0.00000 
25.00750 0.00000 
25.01050 0.00000 
25.01350 0.00000 
25.01650 0.00000 
25.01950 0.00000 
25.02250 0.00000 
25.02550 0.00000 
25.02850 0.00000 
25.03150 0.00000 
25.03450 0.00000 
25.03750 0.00000 
25.04050 0.00000 
25.04350 0.00000 
25.04650 0.00000 
25.04951 0.00000 
25.05251 0.00000 
25.05551 0.00000 
25.05851 0.00000 
25.06151 0.00000 
25.06451 0.00000 
25.06751 0.00000 
25.07051 0.00000 
25.07351 0.00000 
25.07651 0.00000 
25.07951 0.00000 
25.08251 0.00000 
25.08551 0.00000 
25.08851 0.00000 
25.09151 0.00000 
25.09451 0.00000 
25.09751 0.00000 
25.10051 0.00000 
25.10351 0.00000 
25.10651 0.00000 
25.10951 0.00000 
25.11251 0.00000 
25.11551 0.00000 
25.11851 0.00000 
25.12151 0.00000 
25.12451 0.00000 
25.12751 0.00000 
25.13051 0.00000 
25.13351 0.00000 
25.13651 0.00000 
25.13951 0.00000 
25.14251 0.00000 
25.14551 0.00000 
25.14852 0.00000 
25.15152 0.00000 
25.15452 0.00000 
25.15752 0.00000 
25.16052 0.00000 
25.16352 0.00000 
25.16652 0.00000 
25.16952 0.00000 
25.17252 0.00000 
25.17552 0.00000 
25.17852 0.00000 
25.18152 0.00000 
25.18452 0.00000 
25.18752 0.00000 
25.19052 0.00000 
25.19352 0.00000 
25.19652 0.00000 
25.19952 0.00000 
25.20252 0.00000 
25.20552 0.00000 
25.20852 0.00000 
25.21152 0.00000 
25.21452 0.00000 
25.21752 0.00000 
25.22052 0.00000 
25.22352 0.00000 
25.22652 0.00000 
25.22952 0.00000 
25.23252 0.00000 
25.23552 0.00000 
25.23852 0.00000 
25.24152 0.00000 
25.24452 0.00000 
25.24752 0.00000 
25.25053 0.00000 
25.25353 0.00000 
25.25653 0.00000 
25.25953 0.00000 
25.26253 0.00000 
25.26553 0.00000 
25.26853 0.00000 
25.27153 0.00000 
25.27453 0.00000 
25.27753 0.00000 
25.28053 0.00000 
25.28353 0.00000 
25.28653 0.00000 
25.28953 0.00000 
25.29253 0.00000 
25.29553 0.00000 
25.29853 0.00000 
25.30153 0.00000 
25.30453 0.00000 
25.30753 0.00000 
25.31053 0.00000 
25.31353 0.00000 
25.31653 0.00000 
25.31953 0.00000 
25.32253 0.00000 
25.32553 0.00000 
25.32853 0.00000 
25.33153 0.00000 
25.33453 0.00000 
25.33753 0.00000 
25.34053 0.00000 
25.34353 0.00000 
25.34653 0.00000 
25.34954 0.00000 
25.35254 0.00000 
25.35554 0.00000 
25.35854 0.00000 
25.36154 0.00000 
25.36454 0.00000 
25.36754 0.00000 
25.37054 0.00000 
25.37354 0.00000 
25.37654 0.00000 
25.37954 0.00000 
25.38254 0.00000 
25.38554 0.00000 
25.38854 0.00000 
25.39154 0.00000 
25.39454 0.00000 
25.39754 0.00000 
25.40054 0.00000 
25.40354 0.00000 
25.40654 0.00000 
25.40954 0.00000 
25.41254 0.00000 
25.41554 0.00000 
25.41854 0.00000 
25.42154 0.00000 
25.42454 0.00000 
25.42754 0.00000 
25.43054 0.00000 
25.43354 0.00000 
25.43654 0.00000 
25.43954 0.00000 
25.44254 0.00000 
25.44554 0.00000 
25.44855 0.00000 
25.45155 0.00000 
25.45455 0.00000 
25.45755 0.00000 
25.46055 0.00000 
25.46355 0.00000 
25.46655 0.00000 
25.46955 0.00000 
25.47255 0.00000 
25.47555 0.00000 
25.47855 0.00000 
25.48155 0.00000 
25.48455 0.00000 
25.48755 0.00000 
25.49055 0.00000 
25.49355 0.00000 
25.49655 0.00000 
25.49955 0.00000 
25.50255 0.00000 
25.50555 0.00000 
25.50855 0.00000 
25.51155 0.00000 
25.51455 0.00000 
25.51755 0.00000 
25.52055 0.00000 
25.52355 0.00000 
25.52655 0.00000 
25.52955 0.00000 
25.53255 0.00000 
25.53555 0.00000 
25.53855 0.00000 
25.54155 0.00000 
25.54455 0.00000 
25.54755 0.00000 
25.55056 0.00000 
25.55356 0.00000 
25.55656 0.00000 
25.55956 0.00000 
25.56256 0.00000 
25.56556 0.00000 
25.56856 0.00000 
25.57156 0.00000 
25.57456 0.00000 
25.57756 0.00000 
25.58056 0.00000 
25.58356 0.00000 
25.58656 0.00000 
25.58956 0.00000 
25.59256 0.00000 
25.59556 0.00000 
25.59856 0.00000 
25.60156 0.00000 
25.60456 0.00000 
25.60756 0.00000 
25.61056 0.00000 
25.61356 0.00000 
25.61656 0.00000 
25.61956 0.00000 
25.62256 0.00000 
25.62556 0.00000 
25.62856 0.00000 
25.63156 0.00000 
25.63456 0.00000 
25.63756 0.00000 
25.64056 0.00000 
25.64356 0.00000 
25.64656 0.00000 
25.64957 0.00000 
25.65257 0.00000 
25.65557 0.00000 
25.65857 0.00000 
25.66157 0.00000 
25.66457 0.00000 
25.66757 0.00000 
25.67057 0.00000 
25.67357 0.00000 
25.67657 0.00000 
25.67957 0.00000 
25.68257 0.00000 
25.68557 0.00000 
25.68857 0.00000 
25.69157 0.00000 
25.69457 0.00000 
25.69757 0.00000 
25.70057 0.00000 
25.70357 0.00000 
25.70657 0.00000 
25.70957 0.00000 
25.71257 0.00000 
25.71557 0.00000 
25.71857 0.00000 
25.72157 0.00000 
25.72457 0.00000 
25.72757 0.00000 
25.73057 0.00000 
25.73357 0.00000 
25.73657 0.00000 
25.73957 0.00000 
25.74257 0.00000 
25.74557 0.00000 
25.74857 0.00000 
25.75158 0.00000 
25.75458 0.00000 
25.75758 0.00000 
25.76058 0.00000 
25.76358 0.00000 
25.76658 0.00000 
25.76958 0.00000 
25.77258 0.00000 
25.77558 0.00000 
25.77858 0.00000 
25.78158 0.00000 
25.78458 0.00000 
25.78758 0.00000 
25.79058 0.00000 
25.79358 0.00000 
25.79658 0.00000 
25.79958 0.00000 
25.80258 0.00000 
25.80558 0.00000 
25.80858 0.00000 
25.81158 0.00000 
25.81458 0.00000 
25.81758 0.00000 
25.82058 0.00000 
25.82358 0.00000 
25.82658 0.00000 
25.82958 0.00000 
25.83258 0.00000 
25.83558 0.00000 
25.83858 0.00000 
25.84158 0.00000 
25.84458 0.00000 
25.84758 0.00000 
25.85059 0.00000 
25.85359 0.00000 
25.85659 0.00000 
25.85959 0.00000 
25.86259 0.00000 
25.86559 0.00000 
25.86859 0.00000 
25.87159 0.00000 
25.87459 0.00000 
25.87759 0.00000 
25.88059 0.00000 
25.88359 0.00000 
25.88659 0.00000 
25.88959 0.00000 
25.89259 0.00000 
25.89559 0.00000 
25.89859 0.00000 
25.90159 0.00000 
25.90459 0.00000 
25.90759 0.00000 
25.91059 0.00000 
25.91359 0.00000 
25.91659 0.00000 
25.91959 0.00000 
25.92259 0.00000 
25.92559 0.00000 
25.92859 0.00000 
25.93159 0.00000 
25.93459 0.00000 
25.93759 0.00000 
25.94059 0.00000 
25.94359 0.00000 
25.94659 0.00000 
25.94960 0.00000 
25.95260 0.00000 
25.95560 0.00000 
25.95860 0.00000 
25.96160 0.00000 
25.96460 0.00000 
25.96760 0.00000 
25.97060 0.00000 
25.97360 0.00000 
25.97660 0.00000 
25.97960 0.00000 
25.98260 0.00000 
25.98560 0.00000 
25.98860 0.00000 
25.99160 0.00000 
25.99460 0.00000 
25.99760 0.00000 
26.00060 0.00000 
26.00360 0.00000 
26.00660 0.00000 
26.00960 0.00000 
26.01260 0.00000 
26.01560 0.00000 
26.01860 0.00000 
26.02160 0.00000 
26.02460 0.00000 
26.02760 0.00000 
26.03060 0.00000 
26.03360 0.00000 
26.03660 0.00000 
26.03960 0.00000 
26.04260 0.00000 
26.04560 0.00000 
26.04860 0.00000 
26.05161 0.00000 
26.05461 0.00000 
26.05761 0.00000 
26.06061 0.00000 
26.06361 0.00000 
26.06661 0.00000 
26.06961 0.00000 
26.07261 0.00000 
26.07561 0.00000 
26.07861 0.00000 
26.08161 0.00000 
26.08461 0.00000 
26.08761 0.00000 
26.09061 0.00000 
26.09361 0.00000 
26.09661 0.00000 
26.09961 0.00000 
26.10261 0.00000 
26.10561 0.00000 
26.10861 0.00000 
26.11161 0.00000 
26.11461 0.00000 
26.11761 0.00000 
26.12061 0.00000 
26.12361 0.00000 
26.12661 0.00000 
26.12961 0.00000 
26.13261 0.00000 
26.13561 0.00000 
26.13861 0.00000 
26.14161 0.00000 
26.14461 0.00000 
26.14761 0.00000 
26.15062 0.00000 
26.15362 0.00000 
26.15662 0.00000 
26.15962 0.00000 
26.16262 0.00000 
26.16562 0.00000 
26.16862 0.00000 
26.17162 0.00000 
26.17462 0.00000 
26.17762 0.00000 
26.18062 0.00000 
26.18362 0.00000 
26.18662 0.00000 
26.18962 0.00000 
26.19262 0.00000 
26.19562 0.00000 
26.19862 0.00000 
26.20162 0.00000 
26.20462 0.00000 
26.20762 0.00000 
26.21062 0.00000 
26.21362 0.00000 
26.21662 0.00000 
26.21962 0.00000 
26.22262 0.00000 
26.22562 0.00000 
26.22862 0.00000 
26.23162 0.00000 
26.23462 0.00000 
26.23762 0.00000 
26.24062 0.00000 
26.24362 0.00000 
26.24662 0.00000 
26.24963 0.00000 
26.25263 0.00000 
26.25563 0.00000 
26.25863 0.00000 
26.26163 0.00000 
26.26463 0.00000 
26.26763 0.00000 
26.27063 0.00000 
26.27363 0.00000 
26.27663 0.00000 
26.27963 0.00000 
26.28263 0.00000 
26.28563 0.00000 
26.28863 0.00000 
26.29163 0.00000 
26.29463 0.00000 
26.29763 0.00000 
26.30063 0.00000 
26.30363 0.00000 
26.30663 0.00000 
26.30963 0.00000 
26.31263 0.00000 
26.31563 0.00000 
26.31863 0.00000 
26.32163 0.00000 
26.32463 0.00000 
26.32763 0.00000 
26.33063 0.00000 
26.33363 0.00000 
26.33663 0.00000 
26.33963 0.00000 
26.34263 0.00000 
26.34563 0.00000 
26.34863 0.00000 
26.35164 0.00000 
26.35464 0.00000 
26.35764 0.00000 
26.36064 0.00000 
26.36364 0.00000 
26.36664 0.00000 
26.36964 0.00000 
26.37264 0.00000 
26.37564 0.00000 
26.37864 0.00000 
26.38164 0.00000 
26.38464 0.00000 
26.38764 0.00000 
26.39064 0.00000 
26.39364 0.00000 
26.39664 0.00000 
26.39964 0.00000 
26.40264 0.00000 
26.40564 0.00000 
26.40864 0.00000 
26.41164 0.00000 
26.41464 0.00000 
26.41764 0.00000 
26.42064 0.00000 
26.42364 0.00000 
26.42664 0.00000 
26.42964 0.00000 
26.43264 0.00000 
26.43564 0.00000 
26.43864 0.00000 
26.44164 0.00000 
26.44464 0.00000 
26.44764 0.00000 
26.45065 0.00000 
26.45365 0.00000 
26.45665 0.00000 
26.45965 0.00000 
26.46265 0.00000 
26.46565 0.00000 
26.46865 0.00000 
26.47165 0.00000 
26.47465 0.00000 
26.47765 0.00000 
26.48065 0.00000 
26.48365 0.00000 
26.48665 0.00000 
26.48965 0.00000 
26.49265 0.00000 
26.49565 0.00000 
26.49865 0.00000 
26.50165 0.00000 
26.50465 0.00000 
26.50765 0.00000 
26.51065 0.00000 
26.51365 0.00000 
26.51665 0.00000 
26.51965 0.00000 
26.52265 0.00000 
26.52565 0.00000 
26.52865 0.00000 
26.53165 0.00000 
26.53465 0.00000 
26.53765 0.00000 
26.54065 0.00000 
26.54365 0.00000 
26.54665 0.00000 
26.54966 0.00000 
26.55266 0.00000 
26.55566 0.00000 
26.55866 0.00000 
26.56166 0.00000 
26.56466 0.00000 
26.56766 0.00000 
26.57066 0.00000 
26.57366 0.00000 
26.57666 0.00000 
26.57966 0.00000 
26.58266 0.00000 
26.58566 0.00000 
26.58866 0.00000 
26.59166 0.00000 
26.59466 0.00000 
26.59766 0.00000 
26.60066 0.00000 
26.60366 0.00000 
26.60666 0.00000 
26.60966 0.00000 
26.61266 0.00000 
26.61566 0.00000 
26.61866 0.00000 
26.62166 0.00000 
26.62466 0.00000 
26.62766 0.00000 
26.63066 0.00000 
26.63366 0.00000 
26.63666 0.00000 
26.63966 0.00000 
26.64266 0.00000 
26.64566 0.00000 
26.64866 0.00000 
26.65167 0.00000 
26.65467 0.00000 
26.65767 0.00000 
26.66067 0.00000 
26.66367 0.00000 
26.66667 0.00000 
26.66967 0.00000 
26.67267 0.00000 
26.67567 0.00000 
26.67867 0.00000 
26.68167 0.00000 
26.68467 0.00000 
26.68767 0.00000 
26.69067 0.00000 
26.69367 0.00000 
26.69667 0.00000 
26.69967 0.00000 
26.70267 0.00000 
26.70567 0.00000 
26.70867 0.00000 
26.71167 0.00000 
26.71467 0.00000 
26.71767 0.00000 
26.72067 0.00000 
26.72367 0.00000 
26.72667 0.00000 
26.72967 0.00000 
26.73267 0.00000 
26.73567 0.00000 
26.73867 0.00000 
26.74167 0.00000 
26.74467 0.00000 
26.74767 0.00000 
26.75068 0.00000 
26.75368 0.00000 
26.75668 0.00000 
26.75968 0.00000 
26.76268 0.00000 
26.76568 0.00000 
26.76868 0.00000 
26.77168 0.00000 
26.77468 0.00000 
26.77768 0.00000 
26.78068 0.00000 
26.78368 0.00000 
26.78668 0.00000 
26.78968 0.00000 
26.79268 0.00000 
26.79568 0.00000 
26.79868 0.00000 
26.80168 0.00000 
26.80468 0.00000 
26.80768 0.00000 
26.81068 0.00000 
26.81368 0.00000 
26.81668 0.00000 
26.81968 0.00000 
26.82268 0.00000 
26.82568 0.00000 
26.82868 0.00000 
26.83168 0.00000 
26.83468 0.00000 
26.83768 0.00000 
26.84068 0.00000 
26.84368 0.00000 
26.84668 0.00000 
26.84969 0.00000 
26.85269 0.00000 
26.85569 0.00000 
26.85869 0.00000 
26.86169 0.00000 
26.86469 0.00000 
26.86769 0.00000 
26.87069 0.00000 
26.87369 0.00000 
26.87669 0.00000 
26.87969 0.00000 
26.88269 0.00000 
26.88569 0.00000 
26.88869 0.00000 
26.89169 0.00000 
26.89469 0.00000 
26.89769 0.00000 
26.90069 0.00000 
26.90369 0.00000 
26.90669 0.00000 
26.90969 0.00000 
26.91269 0.00000 
26.91569 0.00000 
26.91869 0.00000 
26.92169 0.00000 
26.92469 0.00000 
26.92769 0.00000 
26.93069 0.00000 
26.93369 0.00000 
26.93669 0.00000 
26.93969 0.00000 
26.94269 0.00000 
26.94569 0.00000 
26.94869 0.00000 
26.95170 0.00000 
26.95470 0.00000 
26.95770 0.00000 
26.96070 0.00000 
26.96370 0.00000 
26.96670 0.00000 
26.96970 0.00000 
26.97270 0.00000 
26.97570 0.00000 
26.97870 0.00000 
26.98170 0.00000 
26.98470 0.00000 
26.98770 0.00000 
26.99070 0.00000 
26.99370 0.00000 
26.99670 0.00000 
26.99970 0.00000 
27.00270 0.00000 
27.00570 0.00000 
27.00870 0.00000 
27.01170 0.00000 
27.01470 0.00000 
27.01770 0.00000 
27.02070 0.00000 
27.02370 0.00000 
27.02670 0.00000 
27.02970 0.00000 
27.03270 0.00000 
27.03570 0.00000 
27.03870 0.00000 
27.04170 0.00000 
27.04470 0.00000 
27.04770 0.00000 
27.05071 0.00000 
27.05371 0.00000 
27.05671 0.00000 
27.05971 0.00000 
27.06271 0.00000 
27.06571 0.00000 
27.06871 0.00000 
27.07171 0.00000 
27.07471 0.00000 
27.07771 0.00000 
27.08071 0.00000 
27.08371 0.00000 
27.08671 0.00000 
27.08971 0.00000 
27.09271 0.00000 
27.09571 0.00000 
27.09871 0.00000 
27.10171 0.00000 
27.10471 0.00000 
27.10771 0.00000 
27.11071 0.00000 
27.11371 0.00000 
27.11671 0.00000 
27.11971 0.00000 
27.12271 0.00000 
27.12571 0.00000 
27.12871 0.00000 
27.13171 0.00000 
27.13471 0.00000 
27.13771 0.00000 
27.14071 0.00000 
27.14371 0.00000 
27.14671 0.00000 
27.14972 0.00000 
27.15272 0.00000 
27.15572 0.00000 
27.15872 0.00000 
27.16172 0.00000 
27.16472 0.00000 
27.16772 0.00000 
27.17072 0.00000 
27.17372 0.00000 
27.17672 0.00000 
27.17972 0.00000 
27.18272 0.00000 
27.18572 0.00000 
27.18872 0.00000 
27.19172 0.00000 
27.19472 0.00000 
27.19772 0.00000 
27.20072 0.00000 
27.20372 0.00000 
27.20672 0.00000 
27.20972 0.00000 
27.21272 0.00000 
27.21572 0.00000 
27.21872 0.00000 
27.22172 0.00000 
27.22472 0.00000 
27.22772 0.00000 
27.23072 0.00000 
27.23372 0.00000 
27.23672 0.00000 
27.23972 0.00000 
27.24272 0.00000 
27.24572 0.00000 
27.24872 0.00000 
27.25173 0.00000 
27.25473 0.00000 
27.25773 0.00000 
27.26073 0.00000 
27.26373 0.00000 
27.26673 0.00000 
27.26973 0.00000 
27.27273 0.00000 
27.27573 0.00000 
27.27873 0.00000 
27.28173 0.00000 
27.28473 0.00000 
27.28773 0.00000 
27.29073 0.00000 
27.29373 0.00000 
27.29673 0.00000 
27.29973 0.00000 
27.30273 0.00000 
27.30573 0.00000 
27.30873 0.00000 
27.31173 0.00000 
27.31473 0.00000 
27.31773 0.00000 
27.32073 0.00000 
27.32373 0.00000 
27.32673 0.00000 
27.32973 0.00000 
27.33273 0.00000 
27.33573 0.00000 
27.33873 0.00000 
27.34173 0.00000 
27.34473 0.00000 
27.34773 0.00000 
27.35074 0.00000 
27.35374 0.00000 
27.35674 0.00000 
27.35974 0.00000 
27.36274 0.00000 
27.36574 0.00000 
27.36874 0.00000 
27.37174 0.00000 
27.37474 0.00000 
27.37774 0.00000 
27.38074 0.00000 
27.38374 0.00000 
27.38674 0.00000 
27.38974 0.00000 
27.39274 0.00000 
27.39574 0.00000 
27.39874 0.00000 
27.40174 0.00000 
27.40474 0.00000 
27.40774 0.00000 
27.41074 0.00000 
27.41374 0.00000 
27.41674 0.00000 
27.41974 0.00000 
27.42274 0.00000 
27.42574 0.00000 
27.42874 0.00000 
27.43174 0.00000 
27.43474 0.00000 
27.43774 0.00000 
27.44074 0.00000 
27.44374 0.00000 
27.44674 0.00000 
27.44975 0.00000 
27.45275 0.00000 
27.45575 0.00000 
27.45875 0.00000 
27.46175 0.00000 
27.46475 0.00000 
27.46775 0.00000 
27.47075 0.00000 
27.47375 0.00000 
27.47675 0.00000 
27.47975 0.00000 
27.48275 0.00000 
27.48575 0.00000 
27.48875 0.00000 
27.49175 0.00000 
27.49475 0.00000 
27.49775 0.00000 
27.50075 0.00000 
27.50375 0.00000 
27.50675 0.00000 
27.50975 0.00000 
27.51275 0.00000 
27.51575 0.00000 
27.51875 0.00000 
27.52175 0.00000 
27.52475 0.00000 
27.52775 0.00000 
27.53075 0.00000 
27.53375 0.00000 
27.53675 0.00000 
27.53975 0.00000 
27.54275 0.00000 
27.54575 0.00000 
27.54875 0.00000 
27.55176 0.00000 
27.55476 0.00000 
27.55776 0.00000 
27.56076 0.00000 
27.56376 0.00000 
27.56676 0.00000 
27.56976 0.00000 
27.57276 0.00000 
27.57576 0.00000 
27.57876 0.00000 
27.58176 0.00000 
27.58476 0.00000 
27.58776 0.00000 
27.59076 0.00000 
27.59376 0.00000 
27.59676 0.00000 
27.59976 0.00000 
27.60276 0.00000 
27.60576 0.00000 
27.60876 0.00000 
27.61176 0.00000 
27.61476 0.00000 
27.61776 0.00000 
27.62076 0.00000 
27.62376 0.00000 
27.62676 0.00000 
27.62976 0.00000 
27.63276 0.00000 
27.63576 0.00000 
27.63876 0.00000 
27.64176 0.00000 
27.64476 0.00000 
27.64776 0.00000 
27.65077 0.00000 
27.65377 0.00000 
27.65677 0.00000 
27.65977 0.00000 
27.66277 0.00000 
27.66577 0.00000 
27.66877 0.00000 
27.67177 0.00000 
27.67477 0.00000 
27.67777 0.00000 
27.68077 0.00000 
27.68377 0.00000 
27.68677 0.00000 
27.68977 0.00000 
27.69277 0.00000 
27.69577 0.00000 
27.69877 0.00000 
27.70177 0.00000 
27.70477 0.00000 
27.70777 0.00000 
27.71077 0.00000 
27.71377 0.00000 
27.71677 0.00000 
27.71977 0.00000 
27.72277 0.00000 
27.72577 0.00000 
27.72877 0.00000 
27.73177 0.00000 
27.73477 0.00000 
27.73777 0.00000 
27.74077 0.00000 
27.74377 0.00000 
27.74677 0.00000 
27.74978 0.00000 
27.75278 0.00000 
27.75578 0.00000 
27.75878 0.00000 
27.76178 0.00000 
27.76478 0.00000 
27.76778 0.00000 
27.77078 0.00000 
27.77378 0.00000 
27.77678 0.00000 
27.77978 0.00000 
27.78278 0.00000 
27.78578 0.00000 
27.78878 0.00000 
27.79178 0.00000 
27.79478 0.00000 
27.79778 0.00000 
27.80078 0.00000 
27.80378 0.00000 
27.80678 0.00000 
27.80978 0.00000 
27.81278 0.00000 
27.81578 0.00000 
27.81878 0.00000 
27.82178 0.00000 
27.82478 0.00000 
27.82778 0.00000 
27.83078 0.00000 
27.83378 0.00000 
27.83678 0.00000 
27.83978 0.00000 
27.84278 0.00000 
27.84578 0.00000 
27.84878 0.00000 
27.85179 0.00000 
27.85479 0.00000 
27.85779 0.00000 
27.86079 0.00000 
27.86379 0.00000 
27.86679 0.00000 
27.86979 0.00000 
27.87279 0.00000 
27.87579 0.00000 
27.87879 0.00000 
27.88179 0.00000 
27.88479 0.00000 
27.88779 0.00000 
27.89079 0.00000 
27.89379 0.00000 
27.89679 0.00000 
27.89979 0.00000 
27.90279 0.00000 
27.90579 0.00000 
27.90879 0.00000 
27.91179 0.00000 
27.91479 0.00000 
27.91779 0.00000 
27.92079 0.00000 
27.92379 0.00000 
27.92679 0.00000 
27.92979 0.00000 
27.93279 0.00000 
27.93579 0.00000 
27.93879 0.00000 
27.94179 0.00000 
27.94479 0.00000 
27.94779 0.00000 
27.95080 0.00000 
27.95380 0.00000 
27.95680 0.00000 
27.95980 0.00000 
27.96280 0.00000 
27.96580 0.00000 
27.96880 0.00000 
27.97180 0.00000 
27.97480 0.00000 
27.97780 0.00000 
27.98080 0.00000 
27.98380 0.00000 
27.98680 0.00000 
27.98980 0.00000 
27.99280 0.00000 
27.99580 0.00000 
27.99880 0.00000 
28.00180 0.00000 
28.00480 0.00000 
28.00780 0.00000 
28.01080 0.00000 
28.01380 0.00000 
28.01680 0.00000 
28.01980 0.00000 
28.02280 0.00000 
28.02580 0.00000 
28.02880 0.00000 
28.03180 0.00000 
28.03480 0.00000 
28.03780 0.00000 
28.04080 0.00000 
28.04380 0.00000 
28.04680 0.00000 
28.04981 0.00000 
28.05281 0.00000 
28.05581 0.00000 
28.05881 0.00000 
28.06181 0.00000 
28.06481 0.00000 
28.06781 0.00000 
28.07081 0.00000 
28.07381 0.00000 
28.07681 0.00000 
28.07981 0.00000 
28.08281 0.00000 
28.08581 0.00000 
28.08881 0.00000 
28.09181 0.00000 
28.09481 0.00000 
28.09781 0.00000 
28.10081 0.00000 
28.10381 0.00000 
28.10681 0.00000 
28.10981 0.00000 
28.11281 0.00000 
28.11581 0.00000 
28.11881 0.00000 
28.12181 0.00000 
28.12481 0.00000 
28.12781 0.00000 
28.13081 0.00000 
28.13381 0.00000 
28.13681 0.00000 
28.13981 0.00000 
28.14281 0.00000 
28.14581 0.00000 
28.14881 0.00000 
28.15182 0.00000 
28.15482 0.00000 
28.15782 0.00000 
28.16082 0.00000 
28.16382 0.00000 
28.16682 0.00000 
28.16982 0.00000 
28.17282 0.00000 
28.17582 0.00000 
28.17882 0.00000 
28.18182 0.00000 
28.18482 0.00000 
28.18782 0.00000 
28.19082 0.00000 
28.19382 0.00000 
28.19682 0.00000 
28.19982 0.00000 
28.20282 0.00000 
28.20582 0.00000 
28.20882 0.00000 
28.21182 0.00000 
28.21482 0.00000 
28.21782 0.00000 
28.22082 0.00000 
28.22382 0.00000 
28.22682 0.00000 
28.22982 0.00000 
28.23282 0.00000 
28.23582 0.00000 
28.23882 0.00000 
28.24182 0.00000 
28.24482 0.00000 
28.24782 0.00000 
28.25083 0.00000 
28.25383 0.00000 
28.25683 0.00000 
28.25983 0.00000 
28.26283 0.00000 
28.26583 0.00000 
28.26883 0.00000 
28.27183 0.00000 
28.27483 0.00000 
28.27783 0.00000 
28.28083 0.00000 
28.28383 0.00000 
28.28683 0.00000 
28.28983 0.00000 
28.29283 0.00000 
28.29583 0.00000 
28.29883 0.00000 
28.30183 0.00000 
28.30483 0.00000 
28.30783 0.00000 
28.31083 0.00000 
28.31383 0.00000 
28.31683 0.00000 
28.31983 0.00000 
28.32283 0.00000 
28.32583 0.00000 
28.32883 0.00000 
28.33183 0.00000 
28.33483 0.00000 
28.33783 0.00000 
28.34083 0.00000 
28.34383 0.00000 
28.34683 0.00000 
28.34984 0.00000 
28.35284 0.00000 
28.35584 0.00000 
28.35884 0.00000 
28.36184 0.00000 
28.36484 0.00000 
28.36784 0.00000 
28.37084 0.00000 
28.37384 0.00000 
28.37684 0.00000 
28.37984 0.00000 
28.38284 0.00000 
28.38584 0.00000 
28.38884 0.00000 
28.39184 0.00000 
28.39484 0.00000 
28.39784 0.00000 
28.40084 0.00000 
28.40384 0.00000 
28.40684 0.00000 
28.40984 0.00000 
28.41284 0.00000 
28.41584 0.00000 
28.41884 0.00000 
28.42184 0.00000 
28.42484 0.00000 
28.42784 0.00000 
28.43084 0.00000 
28.43384 0.00000 
28.43684 0.00000 
28.43984 0.00000 
28.44284 0.00000 
28.44584 0.00000 
28.44884 0.00000 
28.45185 0.00000 
28.45485 0.00000 
28.45785 0.00000 
28.46085 0.00000 
28.46385 0.00000 
28.46685 0.00000 
28.46985 0.00000 
28.47285 0.00000 
28.47585 0.00000 
28.47885 0.00000 
28.48185 0.00000 
28.48485 0.00000 
28.48785 0.00000 
28.49085 0.00000 
28.49385 0.00000 
28.49685 0.00000 
28.49985 0.00000 
28.50285 0.00000 
28.50585 0.00000 
28.50885 0.00000 
28.51185 0.00000 
28.51485 0.00000 
28.51785 0.00000 
28.52085 0.00000 
28.52385 0.00000 
28.52685 0.00000 
28.52985 0.00000 
28.53285 0.00000 
28.53585 0.00000 
28.53885 0.00000 
28.54185 0.00000 
28.54485 0.00000 
28.54785 0.00000 
28.55086 0.00000 
28.55386 0.00000 
28.55686 0.00000 
28.55986 0.00000 
28.56286 0.00000 
28.56586 0.00000 
28.56886 0.00000 
28.57186 0.00000 
28.57486 0.00000 
28.57786 0.00000 
28.58086 0.00000 
28.58386 0.00000 
28.58686 0.00000 
28.58986 0.00000 
28.59286 0.00000 
28.59586 0.00000 
28.59886 0.00000 
28.60186 0.00000 
28.60486 0.00000 
28.60786 0.00000 
28.61086 0.00000 
28.61386 0.00000 
28.61686 0.00000 
28.61986 0.00000 
28.62286 0.00000 
28.62586 0.00000 
28.62886 0.00000 
28.63186 0.00000 
28.63486 0.00000 
28.63786 0.00000 
28.64086 0.00000 
28.64386 0.00000 
28.64686 0.00000 
28.64987 0.00000 
28.65287 0.00000 
28.65587 0.00000 
28.65887 0.00000 
28.66187 0.00000 
28.66487 0.00000 
28.66787 0.00000 
28.67087 0.00000 
28.67387 0.00000 
28.67687 0.00000 
28.67987 0.00000 
28.68287 0.00000 
28.68587 0.00000 
28.68887 0.00000 
28.69187 0.00000 
28.69487 0.00000 
28.69787 0.00000 
28.70087 0.00000 
28.70387 0.00000 
28.70687 0.00000 
28.70987 0.00000 
28.71287 0.00000 
28.71587 0.00000 
28.71887 0.00000 
28.72187 0.00000 
28.72487 0.00000 
28.72787 0.00000 
28.73087 0.00000 
28.73387 0.00000 
28.73687 0.00000 
28.73987 0.00000 
28.74287 0.00000 
28.74587 0.00000 
28.74887 0.00000 
28.75188 0.00000 
28.75488 0.00000 
28.75788 0.00000 
28.76088 0.00000 
28.76388 0.00000 
28.76688 0.00000 
28.76988 0.00000 
28.77288 0.00000 
28.77588 0.00000 
28.77888 0.00000 
28.78188 0.00000 
28.78488 0.00000 
28.78788 0.00000 
28.79088 0.00000 
28.79388 0.00000 
28.79688 0.00000 
28.79988 0.00000 
28.80288 0.00000 
28.80588 0.00000 
28.80888 0.00000 
28.81188 0.00000 
28.81488 0.00000 
28.81788 0.00000 
28.82088 0.00000 
28.82388 0.00000 
28.82688 0.00000 
28.82988 0.00000 
28.83288 0.00000 
28.83588 0.00000 
28.83888 0.00000 
28.84188 0.00000 
28.84488 0.00000 
28.84788 0.00000 
28.85089 0.00000 
28.85389 0.00000 
28.85689 0.00000 
28.85989 0.00000 
28.86289 0.00000 
28.86589 0.00000 
28.86889 0.00000 
28.87189 0.00000 
28.87489 0.00000 
28.87789 0.00000 
28.88089 0.00000 
28.88389 0.00000 
28.88689 0.00000 
28.88989 0.00000 
28.89289 0.00000 
28.89589 0.00000 
28.89889 0.00000 
28.90189 0.00000 
28.90489 0.00000 
28.90789 0.00000 
28.91089 0.00000 
28.91389 0.00000 
28.91689 0.00000 
28.91989 0.00000 
28.92289 0.00000 
28.92589 0.00000 
28.92889 0.00000 
28.93189 0.00000 
28.93489 0.00000 
28.93789 0.00000 
28.94089 0.00000 
28.94389 0.00000 
28.94689 0.00000 
28.94990 0.00000 
28.95290 0.00000 
28.95590 0.00000 
28.95890 0.00000 
28.96190 0.00000 
28.96490 0.00000 
28.96790 0.00000 
28.97090 0.00000 
28.97390 0.00000 
28.97690 0.00000 
28.97990 0.00000 
28.98290 0.00000 
28.98590 0.00000 
28.98890 0.00000 
28.99190 0.00000 
28.99490 0.00000 
28.99790 0.00000 
29.00090 0.00000 
29.00390 0.00000 
29.00690 0.00000 
29.00990 0.00000 
29.01290 0.00000 
29.01590 0.00000 
29.01890 0.00000 
29.02190 0.00000 
29.02490 0.00000 
29.02790 0.00000 
29.03090 0.00000 
29.03390 0.00000 
29.03690 0.00000 
29.03990 0.00000 
29.04290 0.00000 
29.04590 0.00000 
29.04890 0.00000 
29.05191 0.00000 
29.05491 0.00000 
29.05791 0.00000 
29.06091 0.00000 
29.06391 0.00000 
29.06691 0.00000 
29.06991 0.00000 
29.07291 0.00000 
29.07591 0.00000 
29.07891 0.00000 
29.08191 0.00000 
29.08491 0.00000 
29.08791 0.00000 
29.09091 0.00000 
29.09391 0.00000 
29.09691 0.00000 
29.09991 0.00000 
29.10291 0.00000 
29.10591 0.00000 
29.10891 0.00000 
29.11191 0.00000 
29.11491 0.00000 
29.11791 0.00000 
29.12091 0.00000 
29.12391 0.00000 
29.12691 0.00000 
29.12991 0.00000 
29.13291 0.00000 
29.13591 0.00000 
29.13891 0.00000 
29.14191 0.00000 
29.14491 0.00000 
29.14791 0.00000 
29.15092 0.00000 
29.15392 0.00000 
29.15692 0.00000 
29.15992 0.00000 
29.16292 0.00000 
29.16592 0.00000 
29.16892 0.00000 
29.17192 0.00000 
29.17492 0.00000 
29.17792 0.00000 
29.18092 0.00000 
29.18392 0.00000 
29.18692 0.00000 
29.18992 0.00000 
29.19292 0.00000 
29.19592 0.00000 
29.19892 0.00000 
29.20192 0.00000 
29.20492 0.00000 
29.20792 0.00000 
29.21092 0.00000 
29.21392 0.00000 
29.21692 0.00000 
29.21992 0.00000 
29.22292 0.00000 
29.22592 0.00000 
29.22892 0.00000 
29.23192 0.00000 
29.23492 0.00000 
29.23792 0.00000 
29.24092 0.00000 
29.24392 0.00000 
29.24692 0.00000 
29.24993 0.00000 
29.25293 0.00000 
29.25593 0.00000 
29.25893 0.00000 
29.26193 0.00000 
29.26493 0.00000 
29.26793 0.00000 
29.27093 0.00000 
29.27393 0.00000 
29.27693 0.00000 
29.27993 0.00000 
29.28293 0.00000 
29.28593 0.00000 
29.28893 0.00000 
29.29193 0.00000 
29.29493 0.00000 
29.29793 0.00000 
29.30093 0.00000 
29.30393 0.00000 
29.30693 0.00000 
29.30993 0.00000 
29.31293 0.00000 
29.31593 0.00000 
29.31893 0.00000 
29.32193 0.00000 
29.32493 0.00000 
29.32793 0.00000 
29.33093 0.00000 
29.33393 0.00000 
29.33693 0.00000 
29.33993 0.00000 
29.34293 0.00000 
29.34593 0.00000 
29.34893 0.00000 
29.35194 0.00000 
29.35494 0.00000 
29.35794 0.00000 
29.36094 0.00000 
29.36394 0.00000 
29.36694 0.00000 
29.36994 0.00000 
29.37294 0.00000 
29.37594 0.00000 
29.37894 0.00000 
29.38194 0.00000 
29.38494 0.00000 
29.38794 0.00000 
29.39094 0.00000 
29.39394 0.00000 
29.39694 0.00000 
29.39994 0.00000 
29.40294 0.00000 
29.40594 0.00000 
29.40894 0.00000 
29.41194 0.00000 
29.41494 0.00000 
29.41794 0.00000 
29.42094 0.00000 
29.42394 0.00000 
29.42694 0.00000 
29.42994 0.00000 
29.43294 0.00000 
29.43594 0.00000 
29.43894 0.00000 
29.44194 0.00000 
29.44494 0.00000 
29.44794 0.00000 
29.45095 0.00000 
29.45395 0.00000 
29.45695 0.00000 
29.45995 0.00000 
29.46295 0.00000 
29.46595 0.00000 
29.46895 0.00000 
29.47195 0.00000 
29.47495 0.00000 
29.47795 0.00000 
29.48095 0.00000 
29.48395 0.00000 
29.48695 0.00000 
29.48995 0.00000 
29.49295 0.00000 
29.49595 0.00000 
29.49895 0.00000 
29.50195 0.00000 
29.50495 0.00000 
29.50795 0.00000 
29.51095 0.00000 
29.51395 0.00000 
29.51695 0.00000 
29.51995 0.00000 
29.52295 0.00000 
29.52595 0.00000 
29.52895 0.00000 
29.53195 0.00000 
29.53495 0.00000 
29.53795 0.00000 
29.54095 0.00000 
29.54395 0.00000 
29.54695 0.00000 
29.54996 0.00000 
29.55296 0.00000 
29.55596 0.00000 
29.55896 0.00000 
29.56196 0.00000 
29.56496 0.00000 
29.56796 0.00000 
29.57096 0.00000 
29.57396 0.00000 
29.57696 0.00000 
29.57996 0.00000 
29.58296 0.00000 
29.58596 0.00000 
29.58896 0.00000 
29.59196 0.00000 
29.59496 0.00000 
29.59796 0.00000 
29.60096 0.00000 
29.60396 0.00000 
29.60696 0.00000 
29.60996 0.00000 
29.61296 0.00000 
29.61596 0.00000 
29.61896 0.00000 
29.62196 0.00000 
29.62496 0.00000 
29.62796 0.00000 
29.63096 0.00000 
29.63396 0.00000 
29.63696 0.00000 
29.63996 0.00000 
29.64296 0.00000 
29.64596 0.00000 
29.64896 0.00000 
29.65197 0.00000 
29.65497 0.00000 
29.65797 0.00000 
29.66097 0.00000 
29.66397 0.00000 
29.66697 0.00000 
29.66997 0.00000 
29.67297 0.00000 
29.67597 0.00000 
29.67897 0.00000 
29.68197 0.00000 
29.68497 0.00000 
29.68797 0.00000 
29.69097 0.00000 
29.69397 0.00000 
29.69697 0.00000 
29.69997 0.00000 
29.70297 0.00000 
29.70597 0.00000 
29.70897 0.00000 
29.71197 0.00000 
29.71497 0.00000 
29.71797 0.00000 
29.72097 0.00000 
29.72397 0.00000 
29.72697 0.00000 
29.72997 0.00000 
29.73297 0.00000 
29.73597 0.00000 
29.73897 0.00000 
29.74197 0.00000 
29.74497 0.00000 
29.74797 0.00000 
29.75098 0.00000 
29.75398 0.00000 
29.75698 0.00000 
29.75998 0.00000 
29.76298 0.00000 
29.76598 0.00000 
29.76898 0.00000 
29.77198 0.00000 
29.77498 0.00000 
29.77798 0.00000 
29.78098 0.00000 
29.78398 0.00000 
29.78698 0.00000 
29.78998 0.00000 
29.79298 0.00000 
29.79598 0.00000 
29.79898 0.00000 
29.80198 0.00000 
29.80498 0.00000 
29.80798 0.00000 
29.81098 0.00000 
29.81398 0.00000 
29.81698 0.00000 
29.81998 0.00000 
29.82298 0.00000 
29.82598 0.00000 
29.82898 0.00000 
29.83198 0.00000 
29.83498 0.00000 
29.83798 0.00000 
29.84098 0.00000 
29.84398 0.00000 
29.84698 0.00000 
29.84999 0.00000 
29.85299 0.00000 
29.85599 0.00000 
29.85899 0.00000 
29.86199 0.00000 
29.86499 0.00000 
29.86799 0.00000 
29.87099 0.00000 
29.87399 0.00000 
29.87699 0.00000 
29.87999 0.00000 
29.88299 0.00000 
29.88599 0.00000 
29.88899 0.00000 
29.89199 0.00000 
29.89499 0.00000 
29.89799 0.00000 
29.90099 0.00000 
29.90399 0.00000 
29.90699 0.00000 
29.90999 0.00000 
29.91299 0.00000 
29.91599 0.00000 
29.91899 0.00000 
29.92199 0.00000 
29.92499 0.00000 
29.92799 0.00000 
29.93099 0.00000 
29.93399 0.00000 
29.93699 0.00000 
29.93999 0.00000 
29.94299 0.00000 
29.94599 0.00000 
29.94899 0.00000 
29.95200 0.00000 
29.95500 0.00000 
29.95800 0.00000 
29.96100 0.00000 
29.96400 0.00000 
29.96700 0.00000 
29.97000 0.00000 
29.97300 0.00000 
29.97600 0.00000 
29.97900 0.00000 
29.98200 0.00000 
29.98500 0.00000 
29.98800 0.00000 
29.99100 0.00000 
29.99400 0.00000 
29.99700 0.00000 
30.00000 0.00000 
