0.00000 13.46697 0.00001
0.00300 13.42515 0.04183
0.00600 13.38351 0.08347
0.00900 13.34206 0.12493
0.01200 13.30078 0.16620
0.01500 13.25968 0.20730
0.01800 13.21876 0.24822
0.02100 13.17801 0.28897
0.02400 13.13745 0.32954
0.02700 13.09705 0.36993
0.03000 13.05683 0.41015
0.03300 13.01678 0.45020
0.03600 12.97691 0.49008
0.03900 12.93720 0.52978
0.04201 12.89767 0.56932
0.04501 12.85830 0.60868
0.04801 12.81910 0.64788
0.05101 12.78007 0.68691
0.05401 12.74121 0.72577
0.05701 12.70251 0.76447
0.06001 12.66398 0.80300
0.06301 12.62561 0.84137
0.06601 12.58741 0.87958
0.06901 12.54936 0.91762
0.07201 12.51148 0.95550
0.07501 12.47376 0.99322
0.07801 12.43620 1.03079
0.08101 12.39880 1.06819
0.08401 12.36155 1.10543
0.08701 12.32446 1.14252
0.09001 12.28753 1.17945
0.09301 12.25076 1.21622
0.09601 12.21414 1.25284
0.09901 12.17767 1.28931
0.10201 12.14136 1.32562
0.10501 12.10520 1.36178
0.10801 12.06919 1.39779
0.11101 12.03334 1.43365
0.11401 11.99763 1.46935
0.11701 11.96208 1.50491
0.12001 11.92667 1.54032
0.12301 11.89141 1.57558
0.12601 11.85629 1.61069
0.12901 11.82133 1.64566
0.13201 11.78651 1.68048
0.13501 11.75183 1.71515
0.13801 11.71730 1.74968
0.14102 11.68291 1.78407
0.14402 11.64867 1.81831
0.14702 11.61457 1.85242
0.15002 11.58061 1.88638
0.15302 11.54679 1.92020
0.15602 11.51311 1.95388
0.15902 11.47956 1.98742
0.16202 11.44616 2.02082
0.16502 11.41290 2.05409
0.16802 11.37977 2.08721
0.17102 11.34678 2.12020
0.17402 11.31393 2.15306
0.17702 11.28121 2.18578
0.18002 11.24862 2.21836
0.18302 11.21617 2.25081
0.18602 11.18386 2.28313
0.18902 11.15167 2.31531
0.19202 11.11962 2.34737
0.19502 11.08770 2.37929
0.19802 11.05591 2.41108
0.20102 11.02424 2.44274
0.20402 10.99271 2.47427
0.20702 10.96131 2.50567
0.21002 10.93004 2.53695
0.21302 10.89889 2.56809
0.21602 10.86787 2.59911
0.21902 10.83698 2.63001
0.22202 10.80621 2.66078
0.22502 10.77556 2.69142
0.22802 10.74504 2.72194
0.23102 10.71465 2.75233
0.23402 10.68438 2.78261
0.23702 10.65423 2.81276
0.24002 10.62420 2.84278
0.24303 10.59430 2.87269
0.24603 10.56451 2.90247
0.24903 10.53485 2.93214
0.25203 10.50530 2.96168
0.25503 10.47587 2.99111
0.25803 10.44657 3.02042
0.26103 10.41738 3.04961
0.26403 10.38830 3.07868
0.26703 10.35935 3.10763
0.27003 10.33051 3.13647
0.27303 10.30179 3.16520
0.27603 10.27318 3.19381
0.27903 10.24468 3.22230
0.28203 10.21630 3.25068
0.28503 10.18804 3.27895
0.28803 10.15988 3.30710
0.29103 10.13184 3.33514
0.29403 10.10391 3.36307
0.29703 10.07610 3.39089
0.30003 10.04839 3.41859
0.30303 10.02079 3.44619
0.30603 9.99330 3.47368
0.30903 9.96593 3.50106
0.31203 9.93866 3.52833
0.31503 9.91150 3.55549
0.31803 9.88444 3.58254
0.32103 9.85750 3.60949
0.32403 9.83066 3.63633
0.32703 9.80392 3.66306
0.33003 9.77729 3.68969
0.33303 9.75077 3.71621
0.33603 9.72435 3.74263
0.33903 9.69804 3.76895
0.34204 9.67183 3.79516
0.34504 9.64572 3.82126
0.34804 9.61972 3.84727
0.35104 9.59381 3.87317
0.35404 9.56801 3.89897
0.35704 9.54231 3.92467
0.36004 9.51671 3.95027
0.36304 9.49121 3.97577
0.36604 9.46581 4.00117
0.36904 9.44051 4.02647
0.37204 9.41531 4.05167
0.37504 9.39021 4.07677
0.37804 9.36520 4.10178
0.38104 9.34030 4.12669
0.38404 9.31549 4.15150
0.38704 9.29077 4.17621
0.39004 9.26615 4.20083
0.39304 9.24163 4.22535
0.39604 9.21720 4.24978
0.39904 9.19287 4.27411
0.40204 9.16863 4.29835
0.40504 9.14449 4.32250
0.40804 9.12044 4.34655
0.41104 9.09648 4.37050
0.41404 9.07261 4.39437
0.41704 9.04884 4.41814
0.42004 9.02516 4.44183
0.42304 9.00157 4.46542
0.42604 8.97807 4.48892
0.42904 8.95466 4.51233
0.43204 8.93134 4.53565
0.43504 8.90811 4.55888
0.43804 8.88497 4.58202
0.44105 8.86191 4.60507
0.44405 8.83895 4.62803
0.44705 8.81607 4.65091
0.45005 8.79329 4.67370
0.45305 8.77058 4.69640
0.45605 8.74797 4.71902
0.45905 8.72544 4.74154
0.46205 8.70300 4.76399
0.46505 8.68064 4.78634
0.46805 8.65837 4.80862
0.47105 8.63618 4.83081
0.47405 8.61408 4.85291
0.47705 8.59206 4.87493
0.48005 8.57012 4.89686
0.48305 8.54827 4.91872
0.48605 8.52650 4.94049
0.48905 8.50481 4.96218
0.49205 8.48320 4.98378
0.49505 8.46168 5.00531
0.49805 8.44023 5.02675
0.50105 8.41887 5.04811
0.50405 8.39759 5.06939
0.50705 8.37639 5.09060
0.51005 8.35526 5.11172
0.51305 8.33422 5.13276
0.51605 8.31326 5.15373
0.51905 8.29237 5.17461
0.52205 8.27157 5.19542
0.52505 8.25084 5.21615
0.52805 8.23018 5.23680
0.53105 8.20961 5.25737
0.53405 8.18911 5.27787
0.53705 8.16869 5.29829
0.54005 8.14835 5.31864
0.54306 8.12808 5.33891
0.54606 8.10788 5.35910
0.54906 8.08776 5.37922
0.55206 8.06772 5.39926
0.55506 8.04775 5.41923
0.55806 8.02786 5.43913
0.56106 8.00803 5.45895
0.56406 7.98828 5.47870
0.56706 7.96861 5.49837
0.57006 7.94901 5.51798
0.57306 7.92948 5.53751
0.57606 7.91002 5.55697
0.57906 7.89063 5.57635
0.58206 7.87132 5.59567
0.58506 7.85207 5.61491
0.58806 7.83290 5.63409
0.59106 7.81380 5.65319
0.59406 7.79476 5.67222
0.59706 7.77580 5.69118
0.60006 7.75691 5.71008
0.60306 7.73808 5.72890
0.60606 7.71933 5.74766
0.60906 7.70064 5.76634
0.61206 7.68202 5.78496
0.61506 7.66347 5.80351
0.61806 7.64499 5.82200
0.62106 7.62657 5.84041
0.62406 7.60822 5.85876
0.62706 7.58994 5.87705
0.63006 7.57172 5.89526
0.63306 7.55357 5.91341
0.63606 7.53549 5.93149
0.63906 7.51747 5.94951
0.64207 7.49952 5.96747
0.64507 7.48163 5.98536
0.64807 7.46381 6.00318
0.65107 7.44605 6.02094
0.65407 7.42835 6.03863
0.65707 7.41072 6.05627
0.66007 7.39315 6.07383
0.66307 7.37565 6.09134
0.66607 7.35820 6.10878
0.66907 7.34082 6.12616
0.67207 7.32351 6.14348
0.67507 7.30625 6.16073
0.67807 7.28906 6.17793
0.68107 7.27193 6.19506
0.68407 7.25486 6.21213
0.68707 7.23785 6.22914
0.69007 7.22090 6.24609
0.69307 7.20401 6.26298
0.69607 7.18718 6.27980
0.69907 7.17041 6.29657
0.70207 7.15370 6.31328
0.70507 7.13705 6.32993
0.70807 7.12046 6.34652
0.71107 7.10393 6.36305
0.71407 7.08746 6.37953
0.71707 7.07104 6.39594
0.72007 7.05468 6.41230
0.72307 7.03839 6.42860
0.72607 7.02214 6.44484
0.72907 7.00596 6.46102
0.73207 6.98983 6.47715
0.73507 6.97376 6.49322
0.73807 6.95775 6.50924
0.74108 6.94179 6.52519
0.74408 6.92589 6.54110
0.74708 6.91004 6.55694
0.75008 6.89425 6.57273
0.75308 6.87852 6.58847
0.75608 6.86284 6.60415
0.75908 6.84721 6.61977
0.76208 6.83164 6.63534
0.76508 6.81612 6.65086
0.76808 6.80066 6.66632
0.77108 6.78525 6.68173
0.77408 6.76990 6.69709
0.77708 6.75459 6.71239
0.78008 6.73935 6.72764
0.78308 6.72415 6.74283
0.78608 6.70901 6.75798
0.78908 6.69392 6.77307
0.79208 6.67888 6.78811
0.79508 6.66389 6.80309
0.79808 6.64895 6.81803
0.80108 6.63407 6.83291
0.80408 6.61924 6.84774
0.80708 6.60446 6.86253
0.81008 6.58973 6.87726
0.81308 6.57505 6.89194
0.81608 6.56042 6.90656
0.81908 6.54584 6.92114
0.82208 6.53131 6.93567
0.82508 6.51683 6.95015
0.82808 6.50240 6.96458
0.83108 6.48802 6.97896
0.83408 6.47369 6.99329
0.83708 6.45941 7.00758
0.84008 6.44517 7.02181
0.84309 6.43099 7.03600
0.84609 6.41685 7.05013
0.84909 6.40276 7.06422
0.85209 6.38872 7.07826
0.85509 6.37473 7.09226
0.85809 6.36078 7.10620
0.86109 6.34688 7.12010
0.86409 6.33303 7.13396
0.86709 6.31922 7.14776
0.87009 6.30546 7.16152
0.87309 6.29175 7.17523
0.87609 6.27809 7.18890
0.87909 6.26447 7.20252
0.88209 6.25089 7.21609
0.88509 6.23736 7.22962
0.88809 6.22388 7.24310
0.89109 6.21044 7.25654
0.89409 6.19705 7.26994
0.89709 6.18370 7.28328
0.90009 6.17040 7.29659
0.90309 6.15714 7.30985
0.90609 6.14392 7.32306
0.90909 6.13075 7.33623
0.91209 6.11762 7.34936
0.91509 6.10454 7.36244
0.91809 6.09150 7.37548
0.92109 6.07851 7.38848
0.92409 6.06555 7.40143
0.92709 6.05264 7.41434
0.93009 6.03977 7.42721
0.93309 6.02695 7.44003
0.93609 6.01417 7.45282
0.93909 6.00143 7.46556
0.94210 5.98873 7.47826
0.94510 5.97607 7.49091
0.94810 5.96346 7.50353
0.95110 5.95088 7.51610
0.95410 5.93835 7.52863
0.95710 5.92586 7.54112
0.96010 5.91341 7.55357
0.96310 5.90100 7.56598
0.96610 5.88863 7.57835
0.96910 5.87631 7.59068
0.97210 5.86402 7.60297
0.97510 5.85177 7.61521
0.97810 5.83956 7.62742
0.98110 5.82740 7.63959
0.98410 5.81527 7.65172
0.98710 5.80318 7.66381
0.99010 5.79113 7.67585
0.99310 5.77912 7.68786
0.99610 5.76715 7.69984
0.99910 5.75522 7.71177
1.00210 5.74332 7.72366
1.00510 5.73147 7.73552
1.00810 5.71965 7.74733
1.01110 5.70787 7.75911
1.01410 5.69613 7.77085
1.01710 5.68443 7.78256
1.02010 5.67276 7.79422
1.02310 5.66113 7.80585
1.02610 5.64954 7.81744
1.02910 5.63799 7.82899
1.03210 5.62647 7.84051
1.03510 5.61499 7.85199
1.03810 5.60355 7.86343
1.04111 5.59215 7.87484
1.04411 5.58078 7.88621
1.04711 5.56944 7.89754
1.05011 5.55815 7.90884
1.05311 5.54688 7.92010
1.05611 5.53566 7.93132
1.05911 5.52447 7.94251
1.06211 5.51332 7.95367
1.06511 5.50220 7.96479
1.06811 5.49111 7.97587
1.07111 5.48007 7.98692
1.07411 5.46905 7.99793
1.07711 5.45807 8.00891
1.08011 5.44713 8.01985
1.08311 5.43622 8.03076
1.08611 5.42535 8.04164
1.08911 5.41451 8.05248
1.09211 5.40370 8.06329
1.09511 5.39293 8.07406
1.09811 5.38219 8.08480
1.10111 5.37148 8.09550
1.10411 5.36081 8.10617
1.10711 5.35017 8.11681
1.11011 5.33957 8.12742
1.11311 5.32900 8.13799
1.11611 5.31846 8.14853
1.11911 5.30795 8.15903
1.12211 5.29748 8.16950
1.12511 5.28704 8.17995
1.12811 5.27663 8.19035
1.13111 5.26626 8.20073
1.13411 5.25591 8.21107
1.13711 5.24560 8.22138
1.14011 5.23532 8.23166
1.14312 5.22507 8.24191
1.14612 5.21486 8.25213
1.14912 5.20467 8.26231
1.15212 5.19452 8.27246
1.15512 5.18440 8.28258
1.15812 5.17431 8.29267
1.16112 5.16425 8.30273
1.16412 5.15422 8.31276
1.16712 5.14422 8.32276
1.17012 5.13426 8.33273
1.17312 5.12432 8.34266
1.17612 5.11442 8.35257
1.17912 5.10454 8.36244
1.18212 5.09469 8.37229
1.18512 5.08488 8.38211
1.18812 5.07509 8.39189
1.19112 5.06534 8.40165
1.19412 5.05561 8.41137
1.19712 5.04592 8.42107
1.20012 5.03625 8.43073
1.20312 5.02661 8.44037
1.20612 5.01700 8.44998
1.20912 5.00743 8.45956
1.21212 4.99788 8.46911
1.21512 4.98835 8.47863
1.21812 4.97886 8.48812
1.22112 4.96940 8.49759
1.22412 4.95996 8.50702
1.22712 4.95056 8.51643
1.23012 4.94118 8.52581
1.23312 4.93183 8.53516
1.23612 4.92251 8.54448
1.23912 4.91321 8.55377
1.24213 4.90395 8.56304
1.24513 4.89471 8.57228
1.24813 4.88550 8.58149
1.25113 4.87631 8.59067
1.25413 4.86716 8.59983
1.25713 4.85803 8.60895
1.26013 4.84893 8.61806
1.26313 4.83985 8.62713
1.26613 4.83081 8.63618
1.26913 4.82179 8.64520
1.27213 4.81279 8.65419
1.27513 4.80383 8.66316
1.27813 4.79489 8.67210
1.28113 4.78597 8.68101
1.28413 4.77709 8.68990
1.28713 4.76823 8.69876
1.29013 4.75939 8.70759
1.29313 4.75058 8.71640
1.29613 4.74180 8.72518
1.29913 4.73304 8.73394
1.30213 4.72431 8.74267
1.30513 4.71561 8.75138
1.30813 4.70693 8.76006
1.31113 4.69827 8.76871
1.31413 4.68964 8.77734
1.31713 4.68104 8.78594
1.32013 4.67246 8.79452
1.32313 4.66391 8.80308
1.32613 4.65538 8.81161
1.32913 4.64687 8.82011
1.33213 4.63840 8.82859
1.33513 4.62994 8.83704
1.33813 4.62151 8.84547
1.34114 4.61311 8.85388
1.34414 4.60473 8.86226
1.34714 4.59637 8.87061
1.35014 4.58804 8.87895
1.35314 4.57973 8.88725
1.35614 4.57145 8.89554
1.35914 4.56319 8.90380
1.36214 4.55495 8.91203
1.36514 4.54674 8.92025
1.36814 4.53855 8.92843
1.37114 4.53038 8.93660
1.37414 4.52224 8.94474
1.37714 4.51412 8.95286
1.38014 4.50603 8.96095
1.38314 4.49796 8.96903
1.38614 4.48991 8.97707
1.38914 4.48188 8.98510
1.39214 4.47388 8.99310
1.39514 4.46590 9.00108
1.39814 4.45794 9.00904
1.40114 4.45001 9.01697
1.40414 4.44210 9.02489
1.40714 4.43421 9.03277
1.41014 4.42634 9.04064
1.41314 4.41850 9.04849
1.41614 4.41068 9.05631
1.41914 4.40288 9.06411
1.42214 4.39510 9.07188
1.42514 4.38734 9.07964
1.42814 4.37961 9.08737
1.43114 4.37190 9.09509
1.43414 4.36421 9.10278
1.43714 4.35654 9.11045
1.44014 4.34889 9.11809
1.44315 4.34127 9.12572
1.44615 4.33366 9.13332
1.44915 4.32608 9.14090
1.45215 4.31852 9.14847
1.45515 4.31098 9.15601
1.45815 4.30346 9.16352
1.46115 4.29596 9.17102
1.46415 4.28848 9.17850
1.46715 4.28103 9.18596
1.47015 4.27359 9.19339
1.47315 4.26618 9.20081
1.47615 4.25879 9.20820
1.47915 4.25141 9.21557
1.48215 4.24406 9.22292
1.48515 4.23673 9.23026
1.48815 4.22941 9.23757
1.49115 4.22212 9.24486
1.49415 4.21485 9.25213
1.49715 4.20760 9.25938
1.50015 4.20037 9.26662
1.50315 4.19316 9.27383
1.50615 4.18597 9.28102
1.50915 4.17879 9.28819
1.51215 4.17164 9.29534
1.51515 4.16451 9.30247
1.51815 4.15740 9.30959
1.52115 4.15030 9.31668
1.52415 4.14323 9.32375
1.52715 4.13618 9.33081
1.53015 4.12914 9.33784
1.53315 4.12213 9.34486
1.53615 4.11513 9.35185
1.53915 4.10815 9.35883
1.54216 4.10119 9.36579
1.54516 4.09425 9.37273
1.54816 4.08733 9.37965
1.55116 4.08043 9.38655
1.55416 4.07355 9.39343
1.55716 4.06669 9.40030
1.56016 4.05984 9.40714
1.56316 4.05301 9.41397
1.56616 4.04620 9.42078
1.56916 4.03941 9.42757
1.57216 4.03264 9.43434
1.57516 4.02589 9.44109
1.57816 4.01915 9.44783
1.58116 4.01244 9.45455
1.58416 4.00574 9.46125
1.58716 3.99906 9.46793
1.59016 3.99240 9.47459
1.59316 3.98575 9.48123
1.59616 3.97912 9.48786
1.59916 3.97251 9.49447
1.60216 3.96592 9.50106
1.60516 3.95935 9.50764
1.60816 3.95279 9.51419
1.61116 3.94625 9.52073
1.61416 3.93973 9.52725
1.61716 3.93323 9.53376
1.62016 3.92674 9.54024
1.62316 3.92027 9.54671
1.62616 3.91382 9.55317
1.62916 3.90738 9.55960
1.63216 3.90097 9.56602
1.63516 3.89456 9.57242
1.63816 3.88818 9.57880
1.64117 3.88181 9.58517
1.64417 3.87546 9.59152
1.64717 3.86913 9.59785
1.65017 3.86281 9.60417
1.65317 3.85651 9.61047
1.65617 3.85023 9.61676
1.65917 3.84396 9.62302
1.66217 3.83771 9.62927
1.66517 3.83148 9.63551
1.66817 3.82526 9.64172
1.67117 3.81906 9.64793
1.67417 3.81287 9.65411
1.67717 3.80670 9.66028
1.68017 3.80055 9.66643
1.68317 3.79441 9.67257
1.68617 3.78829 9.67869
1.68917 3.78219 9.68479
1.69217 3.77610 9.69088
1.69517 3.77003 9.69696
1.69817 3.76397 9.70301
1.70117 3.75793 9.70906
1.70417 3.75190 9.71508
1.70717 3.74589 9.72109
1.71017 3.73990 9.72709
1.71317 3.73392 9.73306
1.71617 3.72796 9.73903
1.71917 3.72201 9.74498
1.72217 3.71607 9.75091
1.72517 3.71016 9.75683
1.72817 3.70426 9.76273
1.73117 3.69837 9.76862
1.73417 3.69250 9.77449
1.73717 3.68664 9.78034
1.74017 3.68080 9.78619
1.74318 3.67497 9.79201
1.74618 3.66916 9.79782
1.74918 3.66336 9.80362
1.75218 3.65758 9.80940
1.75518 3.65181 9.81517
1.75818 3.64606 9.82092
1.76118 3.64032 9.82666
1.76418 3.63460 9.83238
1.76718 3.62889 9.83809
1.77018 3.62320 9.84379
1.77318 3.61752 9.84947
1.77618 3.61185 9.85513
1.77918 3.60620 9.86078
1.78218 3.60057 9.86642
1.78518 3.59494 9.87204
1.78818 3.58934 9.87765
1.79118 3.58374 9.88324
1.79418 3.57816 9.88882
1.79718 3.57260 9.89439
1.80018 3.56705 9.89994
1.80318 3.56151 9.90548
1.80618 3.55598 9.91100
1.80918 3.55047 9.91651
1.81218 3.54498 9.92201
1.81518 3.53950 9.92749
1.81818 3.53403 9.93296
1.82118 3.52857 9.93841
1.82418 3.52313 9.94385
1.82718 3.51771 9.94928
1.83018 3.51229 9.95469
1.83318 3.50689 9.96009
1.83618 3.50151 9.96548
1.83918 3.49613 9.97085
1.84219 3.49077 9.97621
1.84519 3.48543 9.98156
1.84819 3.48009 9.98689
1.85119 3.47477 9.99221
1.85419 3.46947 9.99752
1.85719 3.46417 10.00281
1.86019 3.45889 10.00809
1.86319 3.45363 10.01336
1.86619 3.44837 10.01861
1.86919 3.44313 10.02385
1.87219 3.43790 10.02908
1.87519 3.43269 10.03430
1.87819 3.42748 10.03950
1.88119 3.42229 10.04469
1.88419 3.41712 10.04987
1.88719 3.41195 10.05503
1.89019 3.40680 10.06018
1.89319 3.40166 10.06532
1.89619 3.39654 10.07045
1.89919 3.39142 10.07556
1.90219 3.38632 10.08066
1.90519 3.38123 10.08575
1.90819 3.37616 10.09083
1.91119 3.37109 10.09589
1.91419 3.36604 10.10094
1.91719 3.36100 10.10598
1.92019 3.35598 10.11101
1.92319 3.35096 10.11602
1.92619 3.34596 10.12103
1.92919 3.34097 10.12602
1.93219 3.33599 10.13099
1.93519 3.33102 10.13596
1.93819 3.32607 10.14092
1.94120 3.32113 10.14586
1.94420 3.31620 10.15079
1.94720 3.31128 10.15571
1.95020 3.30637 10.16061
1.95320 3.30148 10.16551
1.95620 3.29659 10.17039
1.95920 3.29172 10.17526
1.96220 3.28686 10.18012
1.96520 3.28202 10.18497
1.96820 3.27718 10.18980
1.97120 3.27236 10.19463
1.97420 3.26754 10.19944
1.97720 3.26274 10.20424
1.98020 3.25795 10.20903
1.98320 3.25317 10.21381
1.98620 3.24841 10.21858
1.98920 3.24365 10.22333
1.99220 3.23891 10.22808
1.99520 3.23417 10.23281
1.99820 3.22945 10.23753
2.00120 3.22474 10.24224
2.00420 3.22004 10.24694
2.00720 3.21536 10.25163
2.01020 3.21068 10.25631
2.01320 3.20601 10.26097
2.01620 3.20136 10.26563
2.01920 3.19671 10.27027
2.02220 3.19208 10.27490
2.02520 3.18746 10.27952
2.02820 3.18285 10.28413
2.03120 3.17825 10.28873
2.03420 3.17366 10.29332
2.03720 3.16908 10.29790
2.04020 3.16451 10.30247
2.04321 3.15996 10.30703
2.04621 3.15541 10.31157
2.04921 3.15088 10.31611
2.05221 3.14635 10.32063
2.05521 3.14184 10.32515
2.05821 3.13733 10.32965
2.06121 3.13284 10.33414
2.06421 3.12836 10.33863
2.06721 3.12389 10.34310
2.07021 3.11942 10.34756
2.07321 3.11497 10.35201
2.07621 3.11053 10.35645
2.07921 3.10610 10.36088
2.08221 3.10168 10.36530
2.08521 3.09727 10.36971
2.08821 3.09287 10.37411
2.09121 3.08848 10.37850
2.09421 3.08410 10.38288
2.09721 3.07973 10.38725
2.10021 3.07537 10.39161
2.10321 3.07102 10.39596
2.10621 3.06668 10.40030
2.10921 3.06236 10.40463
2.11221 3.05804 10.40895
2.11521 3.05373 10.41326
2.11821 3.04943 10.41756
2.12121 3.04514 10.42185
2.12421 3.04086 10.42612
2.12721 3.03659 10.43039
2.13021 3.03233 10.43465
2.13321 3.02808 10.43890
2.13621 3.02384 10.44314
2.13921 3.01961 10.44738
2.14222 3.01539 10.45160
2.14522 3.01118 10.45581
2.14822 3.00697 10.46001
2.15122 3.00278 10.46420
2.15422 2.99860 10.46838
2.15722 2.99443 10.47256
2.16022 2.99026 10.47672
2.16322 2.98611 10.48087
2.16622 2.98196 10.48502
2.16922 2.97783 10.48915
2.17222 2.97370 10.49328
2.17522 2.96959 10.49740
2.17822 2.96548 10.50150
2.18122 2.96138 10.50560
2.18422 2.95729 10.50969
2.18722 2.95321 10.51377
2.19022 2.94914 10.51784
2.19322 2.94508 10.52190
2.19622 2.94103 10.52595
2.19922 2.93699 10.53000
2.20222 2.93295 10.53403
2.20522 2.92893 10.53805
2.20822 2.92491 10.54207
2.21122 2.92091 10.54608
2.21422 2.91691 10.55007
2.21722 2.91292 10.55406
2.22022 2.90894 10.55804
2.22322 2.90497 10.56201
2.22622 2.90101 10.56598
2.22922 2.89705 10.56993
2.23222 2.89311 10.57387
2.23522 2.88917 10.57781
2.23822 2.88525 10.58174
2.24123 2.88133 10.58565
2.24423 2.87742 10.58956
2.24723 2.87352 10.59346
2.25023 2.86963 10.59736
2.25323 2.86574 10.60124
2.25623 2.86187 10.60511
2.25923 2.85800 10.60898
2.26223 2.85415 10.61284
2.26523 2.85030 10.61669
2.26823 2.84646 10.62053
2.27123 2.84262 10.62436
2.27423 2.83880 10.62818
2.27723 2.83498 10.63200
2.28023 2.83118 10.63581
2.28323 2.82738 10.63960
2.28623 2.82359 10.64339
2.28923 2.81981 10.64718
2.29223 2.81603 10.65095
2.29523 2.81227 10.65472
2.29823 2.80851 10.65847
2.30123 2.80476 10.66222
2.30423 2.80102 10.66596
2.30723 2.79729 10.66969
2.31023 2.79357 10.67342
2.31323 2.78985 10.67713
2.31623 2.78614 10.68084
2.31923 2.78244 10.68454
2.32223 2.77875 10.68823
2.32523 2.77507 10.69192
2.32823 2.77139 10.69559
2.33123 2.76772 10.69926
2.33423 2.76406 10.70292
2.33723 2.76041 10.70657
2.34023 2.75677 10.71022
2.34324 2.75313 10.71385
2.34624 2.74950 10.71748
2.34924 2.74588 10.72110
2.35224 2.74227 10.72472
2.35524 2.73866 10.72832
2.35824 2.73507 10.73192
2.36124 2.73148 10.73551
2.36424 2.72789 10.73909
2.36724 2.72432 10.74266
2.37024 2.72075 10.74623
2.37324 2.71720 10.74979
2.37624 2.71364 10.75334
2.37924 2.71010 10.75688
2.38224 2.70657 10.76042
2.38524 2.70304 10.76395
2.38824 2.69952 10.76747
2.39124 2.69600 10.77098
2.39424 2.69250 10.77449
2.39724 2.68900 10.77798
2.40024 2.68551 10.78148
2.40324 2.68202 10.78496
2.40624 2.67855 10.78843
2.40924 2.67508 10.79190
2.41224 2.67162 10.79536
2.41524 2.66817 10.79882
2.41824 2.66472 10.80226
2.42124 2.66128 10.80570
2.42424 2.65785 10.80914
2.42724 2.65442 10.81256
2.43024 2.65101 10.81598
2.43324 2.64760 10.81939
2.43624 2.64419 10.82279
2.43924 2.64080 10.82619
2.44225 2.63741 10.82958
2.44525 2.63403 10.83296
2.44825 2.63065 10.83633
2.45125 2.62729 10.83970
2.45425 2.62392 10.84306
2.45725 2.62057 10.84641
2.46025 2.61723 10.84976
2.46325 2.61389 10.85310
2.46625 2.61055 10.85643
2.46925 2.60723 10.85975
2.47225 2.60391 10.86307
2.47525 2.60060 10.86638
2.47825 2.59730 10.86969
2.48125 2.59400 10.87299
2.48425 2.59071 10.87628
2.48725 2.58742 10.87956
2.49025 2.58415 10.88284
2.49325 2.58088 10.88611
2.49625 2.57761 10.88937
2.49925 2.57436 10.89263
2.50225 2.57111 10.89588
2.50525 2.56786 10.89912
2.50825 2.56463 10.90236
2.51125 2.56140 10.90559
2.51425 2.55818 10.90881
2.51725 2.55496 10.91202
2.52025 2.55175 10.91523
2.52325 2.54855 10.91844
2.52625 2.54535 10.92163
2.52925 2.54216 10.92482
2.53225 2.53898 10.92801
2.53525 2.53580 10.93118
2.53825 2.53263 10.93435
2.54126 2.52947 10.93752
2.54426 2.52631 10.94067
2.54726 2.52316 10.94383
2.55026 2.52001 10.94697
2.55326 2.51688 10.95011
2.55626 2.51375 10.95324
2.55926 2.51062 10.95636
2.56226 2.50750 10.95948
2.56526 2.50439 10.96259
2.56826 2.50128 10.96570
2.57126 2.49818 10.96880
2.57426 2.49509 10.97189
2.57726 2.49200 10.97498
2.58026 2.48892 10.97806
2.58326 2.48585 10.98113
2.58626 2.48278 10.98420
2.58926 2.47972 10.98726
2.59226 2.47666 10.99032
2.59526 2.47361 10.99337
2.59826 2.47057 10.99641
2.60126 2.46753 10.99945
2.60426 2.46450 11.00248
2.60726 2.46148 11.00551
2.61026 2.45846 11.00853
2.61326 2.45545 11.01154
2.61626 2.45244 11.01454
2.61926 2.44944 11.01755
2.62226 2.44644 11.02054
2.62526 2.44346 11.02353
2.62826 2.44047 11.02651
2.63126 2.43750 11.02949
2.63426 2.43453 11.03246
2.63726 2.43156 11.03542
2.64026 2.42860 11.03838
2.64327 2.42565 11.04133
2.64627 2.42270 11.04428
2.64927 2.41976 11.04722
2.65227 2.41683 11.05016
2.65527 2.41390 11.05309
2.65827 2.41097 11.05601
2.66127 2.40806 11.05893
2.66427 2.40515 11.06184
2.66727 2.40224 11.06474
2.67027 2.39934 11.06764
2.67327 2.39644 11.07054
2.67627 2.39356 11.07343
2.67927 2.39067 11.07631
2.68227 2.38780 11.07919
2.68527 2.38492 11.08206
2.68827 2.38206 11.08493
2.69127 2.37920 11.08779
2.69427 2.37634 11.09064
2.69727 2.37349 11.09349
2.70027 2.37065 11.09633
2.70327 2.36781 11.09917
2.70627 2.36498 11.10200
2.70927 2.36216 11.10483
2.71227 2.35933 11.10765
2.71527 2.35652 11.11047
2.71827 2.35371 11.11328
2.72127 2.35090 11.11608
2.72427 2.34811 11.11888
2.72727 2.34531 11.12167
2.73027 2.34252 11.12446
2.73327 2.33974 11.12724
2.73627 2.33696 11.13002
2.73927 2.33419 11.13279
2.74228 2.33143 11.13556
2.74528 2.32867 11.13832
2.74828 2.32591 11.14107
2.75128 2.32316 11.14382
2.75428 2.32042 11.14657
2.75728 2.31768 11.14931
2.76028 2.31494 11.15204
2.76328 2.31221 11.15477
2.76628 2.30949 11.15749
2.76928 2.30677 11.16021
2.77228 2.30406 11.16292
2.77528 2.30135 11.16563
2.77828 2.29865 11.16833
2.78128 2.29595 11.17103
2.78428 2.29326 11.17372
2.78728 2.29057 11.17641
2.79028 2.28789 11.17909
2.79328 2.28522 11.18177
2.79628 2.28255 11.18444
2.79928 2.27988 11.18710
2.80228 2.27722 11.18977
2.80528 2.27456 11.19242
2.80828 2.27191 11.19507
2.81128 2.26927 11.19772
2.81428 2.26663 11.20036
2.81728 2.26399 11.20299
2.82028 2.26136 11.20562
2.82328 2.25873 11.20825
2.82628 2.25611 11.21087
2.82928 2.25350 11.21349
2.83228 2.25089 11.21610
2.83528 2.24828 11.21870
2.83828 2.24568 11.22130
2.84129 2.24309 11.22390
2.84429 2.24050 11.22649
2.84729 2.23791 11.22907
2.85029 2.23533 11.23165
2.85329 2.23275 11.23423
2.85629 2.23018 11.23680
2.85929 2.22762 11.23937
2.86229 2.22506 11.24193
2.86529 2.22250 11.24448
2.86829 2.21995 11.24704
2.87129 2.21740 11.24958
2.87429 2.21486 11.25212
2.87729 2.21232 11.25466
2.88029 2.20979 11.25719
2.88329 2.20726 11.25972
2.88629 2.20474 11.26224
2.88929 2.20222 11.26476
2.89229 2.19971 11.26727
2.89529 2.19720 11.26978
2.89829 2.19470 11.27229
2.90129 2.19220 11.27479
2.90429 2.18970 11.27728
2.90729 2.18721 11.27977
2.91029 2.18473 11.28225
2.91329 2.18225 11.28473
2.91629 2.17977 11.28721
2.91929 2.17730 11.28968
2.92229 2.17484 11.29215
2.92529 2.17237 11.29461
2.92829 2.16992 11.29707
2.93129 2.16746 11.29952
2.93429 2.16502 11.30197
2.93729 2.16257 11.30441
2.94029 2.16013 11.30685
2.94330 2.15770 11.30928
2.94630 2.15527 11.31171
2.94930 2.15284 11.31414
2.95230 2.15042 11.31656
2.95530 2.14801 11.31898
2.95830 2.14559 11.32139
2.96130 2.14319 11.32380
2.96430 2.14078 11.32620
2.96730 2.13839 11.32860
2.97030 2.13599 11.33099
2.97330 2.13360 11.33338
2.97630 2.13122 11.33577
2.97930 2.12884 11.33815
2.98230 2.12646 11.34052
2.98530 2.12409 11.34290
2.98830 2.12172 11.34526
2.99130 2.11936 11.34763
2.99430 2.11700 11.34999
2.99730 2.11464 11.35234
3.00030 2.11229 11.35469
3.00330 2.10995 11.35704
3.00630 2.10760 11.35938
3.00930 2.10527 11.36172
3.01230 2.10293 11.36405
3.01530 2.10060 11.36638
3.01830 2.09828 11.36870
3.02130 2.09596 11.37103
3.02430 2.09364 11.37334
3.02730 2.09133 11.37565
3.03030 2.08902 11.37796
3.03330 2.08672 11.38026
3.03630 2.08442 11.38256
3.03930 2.08212 11.38486
3.04231 2.07983 11.38715
3.04531 2.07755 11.38944
3.04831 2.07526 11.39172
3.05131 2.07299 11.39400
3.05431 2.07071 11.39627
3.05731 2.06844 11.39854
3.06031 2.06617 11.40081
3.06331 2.06391 11.40307
3.06631 2.06165 11.40533
3.06931 2.05940 11.40758
3.07231 2.05715 11.40983
3.07531 2.05490 11.41208
3.07831 2.05266 11.41432
3.08131 2.05042 11.41656
3.08431 2.04819 11.41879
3.08731 2.04596 11.42102
3.09031 2.04374 11.42325
3.09331 2.04151 11.42547
3.09631 2.03930 11.42769
3.09931 2.03708 11.42990
3.10231 2.03487 11.43211
3.10531 2.03267 11.43432
3.10831 2.03046 11.43652
3.11131 2.02827 11.43872
3.11431 2.02607 11.44091
3.11731 2.02388 11.44310
3.12031 2.02170 11.44529
3.12331 2.01951 11.44747
3.12631 2.01734 11.44965
3.12931 2.01516 11.45182
3.13231 2.01299 11.45399
3.13531 2.01082 11.45616
3.13831 2.00866 11.45832
3.14132 2.00650 11.46048
3.14432 2.00435 11.46264
3.14732 2.00219 11.46479
3.15032 2.00005 11.46694
3.15332 1.99790 11.46908
3.15632 1.99576 11.47122
3.15932 1.99363 11.47336
3.16232 1.99149 11.47549
3.16532 1.98937 11.47762
3.16832 1.98724 11.47974
3.17132 1.98512 11.48186
3.17432 1.98300 11.48398
3.17732 1.98089 11.48610
3.18032 1.97878 11.48821
3.18332 1.97667 11.49031
3.18632 1.97457 11.49241
3.18932 1.97247 11.49451
3.19232 1.97038 11.49661
3.19532 1.96828 11.49870
3.19832 1.96620 11.50079
3.20132 1.96411 11.50287
3.20432 1.96203 11.50495
3.20732 1.95995 11.50703
3.21032 1.95788 11.50910
3.21332 1.95581 11.51117
3.21632 1.95375 11.51324
3.21932 1.95168 11.51530
3.22232 1.94962 11.51736
3.22532 1.94757 11.51942
3.22832 1.94552 11.52147
3.23132 1.94347 11.52351
3.23432 1.94142 11.52556
3.23732 1.93938 11.52760
3.24032 1.93735 11.52964
3.24333 1.93531 11.53167
3.24633 1.93328 11.53370
3.24933 1.93125 11.53573
3.25233 1.92923 11.53775
3.25533 1.92721 11.53977
3.25833 1.92520 11.54179
3.26133 1.92318 11.54380
3.26433 1.92117 11.54581
3.26733 1.91917 11.54782
3.27033 1.91716 11.54982
3.27333 1.91517 11.55182
3.27633 1.91317 11.55381
3.27933 1.91118 11.55581
3.28233 1.90919 11.55779
3.28533 1.90720 11.55978
3.28833 1.90522 11.56176
3.29133 1.90324 11.56374
3.29433 1.90127 11.56572
3.29733 1.89930 11.56769
3.30033 1.89733 11.56966
3.30333 1.89536 11.57162
3.30633 1.89340 11.57358
3.30933 1.89144 11.57554
3.31233 1.88949 11.57749
3.31533 1.88754 11.57945
3.31833 1.88559 11.58139
3.32133 1.88364 11.58334
3.32433 1.88170 11.58528
3.32733 1.87976 11.58722
3.33033 1.87783 11.58915
3.33333 1.87590 11.59109
3.33633 1.87397 11.59301
3.33933 1.87204 11.59494
3.34234 1.87012 11.59686
3.34534 1.86820 11.59878
3.34834 1.86629 11.60069
3.35134 1.86438 11.60261
3.35434 1.86247 11.60452
3.35734 1.86056 11.60642
3.36034 1.85866 11.60832
3.36334 1.85676 11.61022
3.36634 1.85487 11.61212
3.36934 1.85297 11.61401
3.37234 1.85108 11.61590
3.37534 1.84920 11.61779
3.37834 1.84731 11.61967
3.38134 1.84543 11.62155
3.38434 1.84356 11.62343
3.38734 1.84168 11.62530
3.39034 1.83981 11.62717
3.39334 1.83794 11.62904
3.39634 1.83608 11.63090
3.39934 1.83422 11.63276
3.40234 1.83236 11.63462
3.40534 1.83051 11.63648
3.40834 1.82865 11.63833
3.41134 1.82681 11.64018
3.41434 1.82496 11.64202
3.41734 1.82312 11.64387
3.42034 1.82128 11.64571
3.42334 1.81944 11.64754
3.42634 1.81761 11.64938
3.42934 1.81578 11.65121
3.43234 1.81395 11.65303
3.43534 1.81213 11.65486
3.43834 1.81031 11.65668
3.44135 1.80849 11.65850
3.44435 1.80667 11.66031
3.44735 1.80486 11.66212
3.45035 1.80305 11.66393
3.45335 1.80125 11.66574
3.45635 1.79944 11.66754
3.45935 1.79764 11.66934
3.46235 1.79585 11.67114
3.46535 1.79405 11.67293
3.46835 1.79226 11.67472
3.47135 1.79047 11.67651
3.47435 1.78869 11.67830
3.47735 1.78690 11.68008
3.48035 1.78512 11.68186
3.48335 1.78335 11.68364
3.48635 1.78157 11.68541
3.48935 1.77980 11.68718
3.49235 1.77804 11.68895
3.49535 1.77627 11.69071
3.49835 1.77451 11.69247
3.50135 1.77275 11.69423
3.50435 1.77099 11.69599
3.50735 1.76924 11.69774
3.51035 1.76749 11.69949
3.51335 1.76574 11.70124
3.51635 1.76400 11.70298
3.51935 1.76226 11.70473
3.52235 1.76052 11.70647
3.52535 1.75878 11.70820
3.52835 1.75705 11.70994
3.53135 1.75532 11.71167
3.53435 1.75359 11.71339
3.53735 1.75187 11.71512
3.54035 1.75014 11.71684
3.54336 1.74842 11.71856
3.54636 1.74671 11.72028
3.54936 1.74499 11.72199
3.55236 1.74328 11.72370
3.55536 1.74158 11.72541
3.55836 1.73987 11.72711
3.56136 1.73817 11.72882
3.56436 1.73647 11.73052
3.56736 1.73477 11.73221
3.57036 1.73308 11.73391
3.57336 1.73139 11.73560
3.57636 1.72970 11.73729
3.57936 1.72801 11.73897
3.58236 1.72633 11.74066
3.58536 1.72465 11.74234
3.58836 1.72297 11.74402
3.59136 1.72129 11.74569
3.59436 1.71962 11.74736
3.59736 1.71795 11.74903
3.60036 1.71628 11.75070
3.60336 1.71462 11.75236
3.60636 1.71296 11.75403
3.60936 1.71130 11.75569
3.61236 1.70964 11.75734
3.61536 1.70799 11.75900
3.61836 1.70634 11.76065
3.62136 1.70469 11.76230
3.62436 1.70304 11.76394
3.62736 1.70140 11.76558
3.63036 1.69976 11.76723
3.63336 1.69812 11.76886
3.63636 1.69648 11.77050
3.63936 1.69485 11.77213
3.64237 1.69322 11.77376
3.64537 1.69159 11.77539
3.64837 1.68997 11.77701
3.65137 1.68835 11.77864
3.65437 1.68673 11.78026
3.65737 1.68511 11.78187
3.66037 1.68349 11.78349
3.66337 1.68188 11.78510
3.66637 1.68027 11.78671
3.66937 1.67867 11.78832
3.67237 1.67706 11.78992
3.67537 1.67546 11.79152
3.67837 1.67386 11.79312
3.68137 1.67226 11.79472
3.68437 1.67067 11.79632
3.68737 1.66908 11.79791
3.69037 1.66749 11.79950
3.69337 1.66590 11.80108
3.69637 1.66432 11.80267
3.69937 1.66273 11.80425
3.70237 1.66116 11.80583
3.70537 1.65958 11.80741
3.70837 1.65800 11.80898
3.71137 1.65643 11.81055
3.71437 1.65486 11.81212
3.71737 1.65330 11.81369
3.72037 1.65173 11.81525
3.72337 1.65017 11.81681
3.72637 1.64861 11.81837
3.72937 1.64705 11.81993
3.73237 1.64550 11.82149
3.73537 1.64394 11.82304
3.73837 1.64240 11.82459
3.74138 1.64085 11.82614
3.74438 1.63930 11.82768
3.74738 1.63776 11.82922
3.75038 1.63622 11.83076
3.75338 1.63468 11.83230
3.75638 1.63315 11.83384
3.75938 1.63161 11.83537
3.76238 1.63008 11.83690
3.76538 1.62855 11.83843
3.76838 1.62703 11.83996
3.77138 1.62550 11.84148
3.77438 1.62398 11.84300
3.77738 1.62246 11.84452
3.78038 1.62095 11.84604
3.78338 1.61943 11.84755
3.78638 1.61792 11.84906
3.78938 1.61641 11.85057
3.79238 1.61491 11.85208
3.79538 1.61340 11.85358
3.79838 1.61190 11.85509
3.80138 1.61040 11.85659
3.80438 1.60890 11.85808
3.80738 1.60740 11.85958
3.81038 1.60591 11.86107
3.81338 1.60442 11.86256
3.81638 1.60293 11.86405
3.81938 1.60145 11.86554
3.82238 1.59996 11.86702
3.82538 1.59848 11.86850
3.82838 1.59700 11.86998
3.83138 1.59552 11.87146
3.83438 1.59405 11.87294
3.83738 1.59257 11.87441
3.84038 1.59110 11.87588
3.84339 1.58964 11.87735
3.84639 1.58817 11.87881
3.84939 1.58671 11.88028
3.85239 1.58524 11.88174
3.85539 1.58379 11.88320
3.85839 1.58233 11.88466
3.86139 1.58087 11.88611
3.86439 1.57942 11.88756
3.86739 1.57797 11.88901
3.87039 1.57652 11.89046
3.87339 1.57508 11.89191
3.87639 1.57363 11.89335
3.87939 1.57219 11.89479
3.88239 1.57075 11.89623
3.88539 1.56931 11.89767
3.88839 1.56788 11.89910
3.89139 1.56645 11.90054
3.89439 1.56502 11.90197
3.89739 1.56359 11.90340
3.90039 1.56216 11.90482
3.90339 1.56074 11.90625
3.90639 1.55931 11.90767
3.90939 1.55789 11.90909
3.91239 1.55648 11.91051
3.91539 1.55506 11.91192
3.91839 1.55365 11.91334
3.92139 1.55224 11.91475
3.92439 1.55083 11.91616
3.92739 1.54942 11.91756
3.93039 1.54801 11.91897
3.93339 1.54661 11.92037
3.93639 1.54521 11.92177
3.93939 1.54381 11.92317
3.94240 1.54242 11.92457
3.94540 1.54102 11.92596
3.94840 1.53963 11.92736
3.95140 1.53824 11.92875
3.95440 1.53685 11.93013
3.95740 1.53546 11.93152
3.96040 1.53408 11.93290
3.96340 1.53270 11.93429
3.96640 1.53132 11.93567
3.96940 1.52994 11.93704
3.97240 1.52856 11.93842
3.97540 1.52719 11.93979
3.97840 1.52582 11.94117
3.98140 1.52445 11.94254
3.98440 1.52308 11.94390
3.98740 1.52171 11.94527
3.99040 1.52035 11.94663
3.99340 1.51899 11.94799
3.99640 1.51763 11.94935
3.99940 1.51627 11.95071
4.00240 1.51492 11.95207
4.00540 1.51356 11.95342
4.00840 1.51221 11.95477
4.01140 1.51086 11.95612
4.01440 1.50951 11.95747
4.01740 1.50817 11.95881
4.02040 1.50683 11.96016
4.02340 1.50548 11.96150
4.02640 1.50414 11.96284
4.02940 1.50281 11.96418
4.03240 1.50147 11.96551
4.03540 1.50014 11.96685
4.03840 1.49881 11.96818
4.04141 1.49748 11.96951
4.04441 1.49615 11.97084
4.04741 1.49482 11.97216
4.05041 1.49350 11.97349
4.05341 1.49218 11.97481
4.05641 1.49086 11.97613
4.05941 1.48954 11.97745
4.06241 1.48822 11.97876
4.06541 1.48691 11.98008
4.06841 1.48560 11.98139
4.07141 1.48429 11.98270
4.07441 1.48298 11.98401
4.07741 1.48167 11.98531
4.08041 1.48037 11.98662
4.08341 1.47906 11.98792
4.08641 1.47776 11.98922
4.08941 1.47646 11.99052
4.09241 1.47517 11.99182
4.09541 1.47387 11.99311
4.09841 1.47258 11.99441
4.10141 1.47129 11.99570
4.10441 1.47000 11.99699
4.10741 1.46871 11.99827
4.11041 1.46742 11.99956
4.11341 1.46614 12.00084
4.11641 1.46486 12.00213
4.11941 1.46358 12.00341
4.12241 1.46230 12.00469
4.12541 1.46102 12.00596
4.12841 1.45975 12.00724
4.13141 1.45847 12.00851
4.13441 1.45720 12.00978
4.13741 1.45593 12.01105
4.14041 1.45467 12.01232
4.14342 1.45340 12.01358
4.14642 1.45214 12.01485
4.14942 1.45088 12.01611
4.15242 1.44962 12.01737
4.15542 1.44836 12.01863
4.15842 1.44710 12.01988
4.16142 1.44585 12.02114
4.16442 1.44459 12.02239
4.16742 1.44334 12.02364
4.17042 1.44209 12.02489
4.17342 1.44085 12.02614
4.17642 1.43960 12.02738
4.17942 1.43836 12.02863
4.18242 1.43712 12.02987
4.18542 1.43588 12.03111
4.18842 1.43464 12.03235
4.19142 1.43340 12.03358
4.19442 1.43217 12.03482
4.19742 1.43093 12.03605
4.20042 1.42970 12.03728
4.20342 1.42847 12.03851
4.20642 1.42724 12.03974
4.20942 1.42602 12.04097
4.21242 1.42479 12.04219
4.21542 1.42357 12.04341
4.21842 1.42235 12.04463
4.22142 1.42113 12.04585
4.22442 1.41991 12.04707
4.22742 1.41870 12.04829
4.23042 1.41748 12.04950
4.23342 1.41627 12.05071
4.23642 1.41506 12.05192
4.23942 1.41385 12.05313
4.24243 1.41264 12.05434
4.24543 1.41144 12.05554
4.24843 1.41024 12.05675
4.25143 1.40903 12.05795
4.25443 1.40783 12.05915
4.25743 1.40663 12.06035
4.26043 1.40544 12.06155
4.26343 1.40424 12.06274
4.26643 1.40305 12.06393
4.26943 1.40186 12.06513
4.27243 1.40067 12.06632
4.27543 1.39948 12.06751
4.27843 1.39829 12.06869
4.28143 1.39711 12.06988
4.28443 1.39592 12.07106
4.28743 1.39474 12.07224
4.29043 1.39356 12.07342
4.29343 1.39238 12.07460
4.29643 1.39121 12.07578
4.29943 1.39003 12.07695
4.30243 1.38886 12.07813
4.30543 1.38769 12.07930
4.30843 1.38652 12.08047
4.31143 1.38535 12.08164
4.31443 1.38418 12.08280
4.31743 1.38301 12.08397
4.32043 1.38185 12.08513
4.32343 1.38069 12.08630
4.32643 1.37953 12.08746
4.32943 1.37837 12.08861
4.33243 1.37721 12.08977
4.33543 1.37606 12.09093
4.33843 1.37490 12.09208
4.34143 1.37375 12.09323
4.34444 1.37260 12.09438
4.34744 1.37145 12.09553
4.35044 1.37030 12.09668
4.35344 1.36916 12.09783
4.35644 1.36801 12.09897
4.35944 1.36687 12.10012
4.36244 1.36573 12.10126
4.36544 1.36459 12.10240
4.36844 1.36345 12.10353
4.37144 1.36231 12.10467
4.37444 1.36118 12.10581
4.37744 1.36004 12.10694
4.38044 1.35891 12.10807
4.38344 1.35778 12.10920
4.38644 1.35665 12.11033
4.38944 1.35553 12.11146
4.39244 1.35440 12.11258
4.39544 1.35328 12.11371
4.39844 1.35215 12.11483
4.40144 1.35103 12.11595
4.40444 1.34991 12.11707
4.40744 1.34880 12.11819
4.41044 1.34768 12.11930
4.41344 1.34657 12.12042
4.41644 1.34545 12.12153
4.41944 1.34434 12.12264
4.42244 1.34323 12.12375
4.42544 1.34212 12.12486
4.42844 1.34101 12.12597
4.43144 1.33991 12.12708
4.43444 1.33880 12.12818
4.43744 1.33770 12.12928
4.44044 1.33660 12.13038
4.44345 1.33550 12.13148
4.44645 1.33440 12.13258
4.44945 1.33331 12.13368
4.45245 1.33221 12.13477
4.45545 1.33112 12.13587
4.45845 1.33003 12.13696
4.46145 1.32893 12.13805
4.46445 1.32785 12.13914
4.46745 1.32676 12.14023
4.47045 1.32567 12.14131
4.47345 1.32459 12.14240
4.47645 1.32350 12.14348
4.47945 1.32242 12.14456
4.48245 1.32134 12.14564
4.48545 1.32026 12.14672
4.48845 1.31919 12.14780
4.49145 1.31811 12.14887
4.49445 1.31703 12.14995
4.49745 1.31596 12.15102
4.50045 1.31489 12.15209
4.50345 1.31382 12.15316
4.50645 1.31275 12.15423
4.50945 1.31168 12.15530
4.51245 1.31062 12.15637
4.51545 1.30955 12.15743
4.51845 1.30849 12.15849
4.52145 1.30743 12.15955
4.52445 1.30637 12.16061
4.52745 1.30531 12.16167
4.53045 1.30425 12.16273
4.53345 1.30320 12.16379
4.53645 1.30214 12.16484
4.53945 1.30109 12.16589
4.54246 1.30004 12.16695
4.54546 1.29899 12.16800
4.54846 1.29794 12.16904
4.55146 1.29689 12.17009
4.55446 1.29585 12.17114
4.55746 1.29480 12.17218
4.56046 1.29376 12.17322
4.56346 1.29272 12.17427
4.56646 1.29168 12.17531
4.56946 1.29064 12.17635
4.57246 1.28960 12.17738
4.57546 1.28856 12.17842
4.57846 1.28753 12.17945
4.58146 1.28650 12.18049
4.58446 1.28546 12.18152
4.58746 1.28443 12.18255
4.59046 1.28340 12.18358
4.59346 1.28238 12.18461
4.59646 1.28135 12.18563
4.59946 1.28032 12.18666
4.60246 1.27930 12.18768
4.60546 1.27828 12.18871
4.60846 1.27726 12.18973
4.61146 1.27624 12.19075
4.61446 1.27522 12.19177
4.61746 1.27420 12.19278
4.62046 1.27319 12.19380
4.62346 1.27217 12.19481
4.62646 1.27116 12.19583
4.62946 1.27015 12.19684
4.63246 1.26914 12.19785
4.63546 1.26813 12.19886
4.63846 1.26712 12.19986
4.64146 1.26611 12.20087
4.64447 1.26511 12.20188
4.64747 1.26410 12.20288
4.65047 1.26310 12.20388
4.65347 1.26210 12.20488
4.65647 1.26110 12.20588
4.65947 1.26010 12.20688
4.66247 1.25911 12.20788
4.66547 1.25811 12.20887
4.66847 1.25712 12.20987
4.67147 1.25612 12.21086
4.67447 1.25513 12.21185
4.67747 1.25414 12.21284
4.68047 1.25315 12.21383
4.68347 1.25216 12.21482
4.68647 1.25118 12.21581
4.68947 1.25019 12.21679
4.69247 1.24921 12.21778
4.69547 1.24822 12.21876
4.69847 1.24724 12.21974
4.70147 1.24626 12.22072
4.70447 1.24528 12.22170
4.70747 1.24430 12.22268
4.71047 1.24333 12.22366
4.71347 1.24235 12.22463
4.71647 1.24138 12.22560
4.71947 1.24041 12.22658
4.72247 1.23944 12.22755
4.72547 1.23847 12.22852
4.72847 1.23750 12.22949
4.73147 1.23653 12.23046
4.73447 1.23556 12.23142
4.73747 1.23460 12.23239
4.74047 1.23363 12.23335
4.74348 1.23267 12.23431
4.74648 1.23171 12.23527
4.74948 1.23075 12.23623
4.75248 1.22979 12.23719
4.75548 1.22883 12.23815
4.75848 1.22788 12.23911
4.76148 1.22692 12.24006
4.76448 1.22597 12.24102
4.76748 1.22501 12.24197
4.77048 1.22406 12.24292
4.77348 1.22311 12.24387
4.77648 1.22216 12.24482
4.77948 1.22122 12.24577
4.78248 1.22027 12.24671
4.78548 1.21932 12.24766
4.78848 1.21838 12.24860
4.79148 1.21744 12.24955
4.79448 1.21650 12.25049
4.79748 1.21556 12.25143
4.80048 1.21462 12.25237
4.80348 1.21368 12.25331
4.80648 1.21274 12.25424
4.80948 1.21181 12.25518
4.81248 1.21087 12.25611
4.81548 1.20994 12.25705
4.81848 1.20901 12.25798
4.82148 1.20807 12.25891
4.82448 1.20715 12.25984
4.82748 1.20622 12.26077
4.83048 1.20529 12.26169
4.83348 1.20436 12.26262
4.83648 1.20344 12.26355
4.83948 1.20251 12.26447
4.84249 1.20159 12.26539
4.84549 1.20067 12.26631
4.84849 1.19975 12.26723
4.85149 1.19883 12.26815
4.85449 1.19791 12.26907
4.85749 1.19700 12.26999
4.86049 1.19608 12.27090
4.86349 1.19517 12.27182
4.86649 1.19425 12.27273
4.86949 1.19334 12.27364
4.87249 1.19243 12.27455
4.87549 1.19152 12.27546
4.87849 1.19061 12.27637
4.88149 1.18970 12.27728
4.88449 1.18880 12.27819
4.88749 1.18789 12.27909
4.89049 1.18699 12.28000
4.89349 1.18609 12.28090
4.89649 1.18518 12.28180
4.89949 1.18428 12.28270
4.90249 1.18338 12.28360
4.90549 1.18249 12.28450
4.90849 1.18159 12.28540
4.91149 1.18069 12.28629
4.91449 1.17980 12.28719
4.91749 1.17890 12.28808
4.92049 1.17801 12.28897
4.92349 1.17712 12.28986
4.92649 1.17623 12.29075
4.92949 1.17534 12.29164
4.93249 1.17445 12.29253
4.93549 1.17356 12.29342
4.93849 1.17268 12.29431
4.94149 1.17179 12.29519
4.94450 1.17091 12.29607
4.94750 1.17003 12.29696
4.95050 1.16915 12.29784
4.95350 1.16827 12.29872
4.95650 1.16739 12.29960
4.95950 1.16651 12.30048
4.96250 1.16563 12.30135
4.96550 1.16475 12.30223
4.96850 1.16388 12.30310
4.97150 1.16301 12.30398
4.97450 1.16213 12.30485
4.97750 1.16126 12.30572
4.98050 1.16039 12.30659
4.98350 1.15952 12.30746
4.98650 1.15865 12.30833
4.98950 1.15778 12.30920
4.99250 1.15692 12.31007
4.99550 1.15605 12.31093
4.99850 1.15519 12.31179
5.00150 1.15433 12.31266
5.00450 1.15346 12.31352
5.00750 1.15260 12.31438
5.01050 1.15174 12.31524
5.01350 1.15088 12.31610
5.01650 1.15003 12.31696
5.01950 1.14917 12.31781
5.02250 1.14831 12.31867
5.02550 1.14746 12.31952
5.02850 1.14661 12.32038
5.03150 1.14575 12.32123
5.03450 1.14490 12.32208
5.03750 1.14405 12.32293
5.04050 1.14320 12.32378
5.04351 1.14236 12.32463
5.04651 1.14151 12.32548
5.04951 1.14066 12.32632
5.05251 1.13982 12.32717
5.05551 1.13897 12.32801
5.05851 1.13813 12.32885
5.06151 1.13729 12.32970
5.06451 1.13645 12.33054
5.06751 1.13561 12.33138
5.07051 1.13477 12.33222
5.07351 1.13393 12.33305
5.07651 1.13309 12.33389
5.07951 1.13226 12.33473
5.08251 1.13142 12.33556
5.08551 1.13059 12.33640
5.08851 1.12976 12.33723
5.09151 1.12892 12.33806
5.09451 1.12809 12.33889
5.09751 1.12726 12.33972
5.10051 1.12644 12.34055
5.10351 1.12561 12.34138
5.10651 1.12478 12.34220
5.10951 1.12396 12.34303
5.11251 1.12313 12.34385
5.11551 1.12231 12.34468
5.11851 1.12148 12.34550
5.12151 1.12066 12.34632
5.12451 1.11984 12.34714
5.12751 1.11902 12.34796
5.13051 1.11820 12.34878
5.13351 1.11739 12.34960
5.13651 1.11657 12.35041
5.13951 1.11575 12.35123
5.14252 1.11494 12.35204
5.14552 1.11413 12.35286
5.14852 1.11331 12.35367
5.15152 1.11250 12.35448
5.15452 1.11169 12.35529
5.15752 1.11088 12.35610
5.16052 1.11007 12.35691
5.16352 1.10926 12.35772
5.16652 1.10846 12.35853
5.16952 1.10765 12.35933
5.17252 1.10685 12.36014
5.17552 1.10604 12.36094
5.17852 1.10524 12.36174
5.18152 1.10444 12.36255
5.18452 1.10364 12.36335
5.18752 1.10284 12.36415
5.19052 1.10204 12.36495
5.19352 1.10124 12.36574
5.19652 1.10044 12.36654
5.19952 1.09965 12.36734
5.20252 1.09885 12.36813
5.20552 1.09806 12.36893
5.20852 1.09726 12.36972
5.21152 1.09647 12.37051
5.21452 1.09568 12.37130
5.21752 1.09489 12.37209
5.22052 1.09410 12.37288
5.22352 1.09331 12.37367
5.22652 1.09252 12.37446
5.22952 1.09174 12.37525
5.23252 1.09095 12.37603
5.23552 1.09017 12.37682
5.23852 1.08938 12.37760
5.24152 1.08860 12.37838
5.24453 1.08782 12.37917
5.24753 1.08704 12.37995
5.25053 1.08626 12.38073
5.25353 1.08548 12.38151
5.25653 1.08470 12.38228
5.25953 1.08392 12.38306
5.26253 1.08315 12.38384
5.26553 1.08237 12.38461
5.26853 1.08160 12.38539
5.27153 1.08082 12.38616
5.27453 1.08005 12.38693
5.27753 1.07928 12.38771
5.28053 1.07851 12.38848
5.28353 1.07774 12.38925
5.28653 1.07697 12.39002
5.28953 1.07620 12.39078
5.29253 1.07543 12.39155
5.29553 1.07467 12.39232
5.29853 1.07390 12.39308
5.30153 1.07314 12.39385
5.30453 1.07237 12.39461
5.30753 1.07161 12.39537
5.31053 1.07085 12.39614
5.31353 1.07009 12.39690
5.31653 1.06933 12.39766
5.31953 1.06857 12.39842
5.32253 1.06781 12.39917
5.32553 1.06705 12.39993
5.32853 1.06630 12.40069
5.33153 1.06554 12.40144
5.33453 1.06479 12.40220
5.33753 1.06403 12.40295
5.34053 1.06328 12.40370
5.34354 1.06253 12.40446
5.34654 1.06178 12.40521
5.34954 1.06103 12.40596
5.35254 1.06028 12.40671
5.35554 1.05953 12.40746
5.35854 1.05878 12.40820
5.36154 1.05803 12.40895
5.36454 1.05729 12.40970
5.36754 1.05654 12.41044
5.37054 1.05580 12.41118
5.37354 1.05506 12.41193
5.37654 1.05431 12.41267
5.37954 1.05357 12.41341
5.38254 1.05283 12.41415
5.38554 1.05209 12.41489
5.38854 1.05135 12.41563
5.39154 1.05062 12.41637
5.39454 1.04988 12.41711
5.39754 1.04914 12.41784
5.40054 1.04841 12.41858
5.40354 1.04767 12.41931
5.40654 1.04694 12.42005
5.40954 1.04621 12.42078
5.41254 1.04547 12.42151
5.41554 1.04474 12.42224
5.41854 1.04401 12.42297
5.42154 1.04328 12.42370
5.42454 1.04255 12.42443
5.42754 1.04183 12.42516
5.43054 1.04110 12.42589
5.43354 1.04037 12.42661
5.43654 1.03965 12.42734
5.43954 1.03892 12.42806
5.44255 1.03820 12.42878
5.44555 1.03748 12.42951
5.44855 1.03676 12.43023
5.45155 1.03603 12.43095
5.45455 1.03531 12.43167
5.45755 1.03459 12.43239
5.46055 1.03388 12.43311
5.46355 1.03316 12.43383
5.46655 1.03244 12.43454
5.46955 1.03173 12.43526
5.47255 1.03101 12.43597
5.47555 1.03030 12.43669
5.47855 1.02958 12.43740
5.48155 1.02887 12.43811
5.48455 1.02816 12.43883
5.48755 1.02745 12.43954
5.49055 1.02674 12.44025
5.49355 1.02603 12.44096
5.49655 1.02532 12.44167
5.49955 1.02461 12.44237
5.50255 1.02390 12.44308
5.50555 1.02320 12.44379
5.50855 1.02249 12.44449
5.51155 1.02179 12.44520
5.51455 1.02108 12.44590
5.51755 1.02038 12.44660
5.52055 1.01968 12.44731
5.52355 1.01898 12.44801
5.52655 1.01828 12.44871
5.52955 1.01758 12.44941
5.53255 1.01688 12.45011
5.53555 1.01618 12.45081
5.53855 1.01548 12.45150
5.54155 1.01478 12.45220
5.54456 1.01409 12.45290
5.54756 1.01339 12.45359
5.55056 1.01270 12.45428
5.55356 1.01201 12.45498
5.55656 1.01131 12.45567
5.55956 1.01062 12.45636
5.56256 1.00993 12.45705
5.56556 1.00924 12.45774
5.56856 1.00855 12.45843
5.57156 1.00786 12.45912
5.57456 1.00717 12.45981
5.57756 1.00649 12.46050
5.58056 1.00580 12.46118
5.58356 1.00511 12.46187
5.58656 1.00443 12.46255
5.58956 1.00375 12.46324
5.59256 1.00306 12.46392
5.59556 1.00238 12.46460
5.59856 1.00170 12.46529
5.60156 1.00102 12.46597
5.60456 1.00034 12.46665
5.60756 0.99966 12.46733
5.61056 0.99898 12.46801
5.61356 0.99830 12.46868
5.61656 0.99762 12.46936
5.61956 0.99695 12.47004
5.62256 0.99627 12.47071
5.62556 0.99560 12.47139
5.62856 0.99492 12.47206
5.63156 0.99425 12.47273
5.63456 0.99358 12.47341
5.63756 0.99290 12.47408
5.64056 0.99223 12.47475
5.64357 0.99156 12.47542
5.64657 0.99089 12.47609
5.64957 0.99023 12.47676
5.65257 0.98956 12.47743
5.65557 0.98889 12.47809
5.65857 0.98822 12.47876
5.66157 0.98756 12.47943
5.66457 0.98689 12.48009
5.66757 0.98623 12.48076
5.67057 0.98556 12.48142
5.67357 0.98490 12.48208
5.67657 0.98424 12.48274
5.67957 0.98358 12.48341
5.68257 0.98292 12.48407
5.68557 0.98226 12.48473
5.68857 0.98160 12.48539
5.69157 0.98094 12.48604
5.69457 0.98028 12.48670
5.69757 0.97963 12.48736
5.70057 0.97897 12.48801
5.70357 0.97831 12.48867
5.70657 0.97766 12.48932
5.70957 0.97701 12.48998
5.71257 0.97635 12.49063
5.71557 0.97570 12.49128
5.71857 0.97505 12.49194
5.72157 0.97440 12.49259
5.72457 0.97375 12.49324
5.72757 0.97310 12.49389
5.73057 0.97245 12.49454
5.73357 0.97180 12.49518
5.73657 0.97115 12.49583
5.73957 0.97050 12.49648
5.74258 0.96986 12.49713
5.74558 0.96921 12.49777
5.74858 0.96857 12.49842
5.75158 0.96792 12.49906
5.75458 0.96728 12.49970
5.75758 0.96664 12.50034
5.76058 0.96600 12.50099
5.76358 0.96536 12.50163
5.76658 0.96472 12.50227
5.76958 0.96408 12.50291
5.77258 0.96344 12.50355
5.77558 0.96280 12.50418
5.77858 0.96216 12.50482
5.78158 0.96152 12.50546
5.78458 0.96089 12.50610
5.78758 0.96025 12.50673
5.79058 0.95962 12.50737
5.79358 0.95898 12.50800
5.79658 0.95835 12.50863
5.79958 0.95772 12.50927
5.80258 0.95709 12.50990
5.80558 0.95645 12.51053
5.80858 0.95582 12.51116
5.81158 0.95519 12.51179
5.81458 0.95457 12.51242
5.81758 0.95394 12.51305
5.82058 0.95331 12.51368
5.82358 0.95268 12.51430
5.82658 0.95206 12.51493
5.82958 0.95143 12.51555
5.83258 0.95080 12.51618
5.83558 0.95018 12.51680
5.83858 0.94956 12.51743
5.84158 0.94893 12.51805
5.84459 0.94831 12.51867
5.84759 0.94769 12.51929
5.85059 0.94707 12.51992
5.85359 0.94645 12.52054
5.85659 0.94583 12.52116
5.85959 0.94521 12.52177
5.86259 0.94459 12.52239
5.86559 0.94397 12.52301
5.86859 0.94336 12.52363
5.87159 0.94274 12.52424
5.87459 0.94212 12.52486
5.87759 0.94151 12.52547
5.88059 0.94089 12.52609
5.88359 0.94028 12.52670
5.88659 0.93967 12.52732
5.88959 0.93906 12.52793
5.89259 0.93844 12.52854
5.89559 0.93783 12.52915
5.89859 0.93722 12.52976
5.90159 0.93661 12.53037
5.90459 0.93600 12.53098
5.90759 0.93540 12.53159
5.91059 0.93479 12.53220
5.91359 0.93418 12.53280
5.91659 0.93358 12.53341
5.91959 0.93297 12.53401
5.92259 0.93236 12.53462
5.92559 0.93176 12.53522
5.92859 0.93116 12.53583
5.93159 0.93055 12.53643
5.93459 0.92995 12.53703
5.93759 0.92935 12.53764
5.94059 0.92875 12.53824
5.94360 0.92815 12.53884
5.94660 0.92755 12.53944
5.94960 0.92695 12.54004
5.95260 0.92635 12.54063
5.95560 0.92575 12.54123
5.95860 0.92515 12.54183
5.96160 0.92456 12.54243
5.96460 0.92396 12.54302
5.96760 0.92337 12.54362
5.97060 0.92277 12.54421
5.97360 0.92218 12.54481
5.97660 0.92158 12.54540
5.97960 0.92099 12.54599
5.98260 0.92040 12.54658
5.98560 0.91981 12.54718
5.98860 0.91922 12.54777
5.99160 0.91863 12.54836
5.99460 0.91804 12.54895
5.99760 0.91745 12.54954
6.00060 0.91686 12.55012
6.00360 0.91627 12.55071
6.00660 0.91568 12.55130
6.00960 0.91510 12.55189
6.01260 0.91451 12.55247
6.01560 0.91393 12.55306
6.01860 0.91334 12.55364
6.02160 0.91276 12.55423
6.02460 0.91217 12.55481
6.02760 0.91159 12.55539
6.03060 0.91101 12.55597
6.03360 0.91043 12.55656
6.03660 0.90985 12.55714
6.03960 0.90927 12.55772
6.04261 0.90869 12.55830
6.04561 0.90811 12.55888
6.04861 0.90753 12.55945
6.05161 0.90695 12.56003
6.05461 0.90637 12.56061
6.05761 0.90580 12.56119
6.06061 0.90522 12.56176
6.06361 0.90465 12.56234
6.06661 0.90407 12.56291
6.06961 0.90350 12.56349
6.07261 0.90292 12.56406
6.07561 0.90235 12.56463
6.07861 0.90178 12.56521
6.08161 0.90121 12.56578
6.08461 0.90064 12.56635
6.08761 0.90006 12.56692
6.09061 0.89949 12.56749
6.09361 0.89893 12.56806
6.09661 0.89836 12.56863
6.09961 0.89779 12.56920
6.10261 0.89722 12.56976
6.10561 0.89665 12.57033
6.10861 0.89609 12.57090
6.11161 0.89552 12.57146
6.11461 0.89496 12.57203
6.11761 0.89439 12.57259
6.12061 0.89383 12.57316
6.12361 0.89326 12.57372
6.12661 0.89270 12.57428
6.12961 0.89214 12.57484
6.13261 0.89158 12.57541
6.13561 0.89102 12.57597
6.13861 0.89046 12.57653
6.14161 0.88990 12.57709
6.14462 0.88934 12.57765
6.14762 0.88878 12.57821
6.15062 0.88822 12.57876
6.15362 0.88766 12.57932
6.15662 0.88711 12.57988
6.15962 0.88655 12.58043
6.16262 0.88599 12.58099
6.16562 0.88544 12.58155
6.16862 0.88488 12.58210
6.17162 0.88433 12.58265
6.17462 0.88378 12.58321
6.17762 0.88322 12.58376
6.18062 0.88267 12.58431
6.18362 0.88212 12.58486
6.18662 0.88157 12.58542
6.18962 0.88102 12.58597
6.19262 0.88047 12.58652
6.19562 0.87992 12.58707
6.19862 0.87937 12.58762
6.20162 0.87882 12.58816
6.20462 0.87827 12.58871
6.20762 0.87773 12.58926
6.21062 0.87718 12.58981
6.21362 0.87663 12.59035
6.21662 0.87609 12.59090
6.21962 0.87554 12.59144
6.22262 0.87500 12.59199
6.22562 0.87445 12.59253
6.22862 0.87391 12.59307
6.23162 0.87337 12.59362
6.23462 0.87283 12.59416
6.23762 0.87228 12.59470
6.24062 0.87174 12.59524
6.24363 0.87120 12.59578
6.24663 0.87066 12.59632
6.24963 0.87012 12.59686
6.25263 0.86958 12.59740
6.25563 0.86905 12.59794
6.25863 0.86851 12.59847
6.26163 0.86797 12.59901
6.26463 0.86744 12.59955
6.26763 0.86690 12.60008
6.27063 0.86636 12.60062
6.27363 0.86583 12.60116
6.27663 0.86529 12.60169
6.27963 0.86476 12.60222
6.28263 0.86423 12.60276
6.28563 0.86369 12.60329
6.28863 0.86316 12.60382
6.29163 0.86263 12.60435
6.29463 0.86210 12.60488
6.29763 0.86157 12.60541
6.30063 0.86104 12.60594
6.30363 0.86051 12.60647
6.30663 0.85998 12.60700
6.30963 0.85945 12.60753
6.31263 0.85892 12.60806
6.31563 0.85840 12.60859
6.31863 0.85787 12.60911
6.32163 0.85734 12.60964
6.32463 0.85682 12.61017
6.32763 0.85629 12.61069
6.33063 0.85577 12.61121
6.33363 0.85524 12.61174
6.33663 0.85472 12.61226
6.33963 0.85420 12.61279
6.34264 0.85368 12.61331
6.34564 0.85315 12.61383
6.34864 0.85263 12.61435
6.35164 0.85211 12.61487
6.35464 0.85159 12.61539
6.35764 0.85107 12.61591
6.36064 0.85055 12.61643
6.36364 0.85003 12.61695
6.36664 0.84952 12.61747
6.36964 0.84900 12.61799
6.37264 0.84848 12.61850
6.37564 0.84796 12.61902
6.37864 0.84745 12.61954
6.38164 0.84693 12.62005
6.38464 0.84642 12.62057
6.38764 0.84590 12.62108
6.39064 0.84539 12.62160
6.39364 0.84487 12.62211
6.39664 0.84436 12.62262
6.39964 0.84385 12.62313
6.40264 0.84334 12.62365
6.40564 0.84283 12.62416
6.40864 0.84231 12.62467
6.41164 0.84180 12.62518
6.41464 0.84129 12.62569
6.41764 0.84078 12.62620
6.42064 0.84028 12.62671
6.42364 0.83977 12.62722
6.42664 0.83926 12.62772
6.42964 0.83875 12.62823
6.43264 0.83825 12.62874
6.43564 0.83774 12.62924
6.43864 0.83723 12.62975
6.44164 0.83673 12.63026
6.44465 0.83622 12.63076
6.44765 0.83572 12.63127
6.45065 0.83521 12.63177
6.45365 0.83471 12.63227
6.45665 0.83421 12.63278
6.45965 0.83371 12.63328
6.46265 0.83320 12.63378
6.46565 0.83270 12.63428
6.46865 0.83220 12.63478
6.47165 0.83170 12.63528
6.47465 0.83120 12.63578
6.47765 0.83070 12.63628
6.48065 0.83020 12.63678
6.48365 0.82971 12.63728
6.48665 0.82921 12.63778
6.48965 0.82871 12.63827
6.49265 0.82821 12.63877
6.49565 0.82772 12.63927
6.49865 0.82722 12.63976
6.50165 0.82673 12.64026
6.50465 0.82623 12.64075
6.50765 0.82574 12.64125
6.51065 0.82524 12.64174
6.51365 0.82475 12.64223
6.51665 0.82426 12.64273
6.51965 0.82377 12.64322
6.52265 0.82327 12.64371
6.52565 0.82278 12.64420
6.52865 0.82229 12.64469
6.53165 0.82180 12.64518
6.53465 0.82131 12.64567
6.53765 0.82082 12.64616
6.54065 0.82033 12.64665
6.54366 0.81984 12.64714
6.54666 0.81936 12.64763
6.54966 0.81887 12.64812
6.55266 0.81838 12.64860
6.55566 0.81790 12.64909
6.55866 0.81741 12.64957
6.56166 0.81692 12.65006
6.56466 0.81644 12.65055
6.56766 0.81595 12.65103
6.57066 0.81547 12.65151
6.57366 0.81499 12.65200
6.57666 0.81450 12.65248
6.57966 0.81402 12.65296
6.58266 0.81354 12.65345
6.58566 0.81306 12.65393
6.58866 0.81257 12.65441
6.59166 0.81209 12.65489
6.59466 0.81161 12.65537
6.59766 0.81113 12.65585
6.60066 0.81065 12.65633
6.60366 0.81018 12.65681
6.60666 0.80970 12.65729
6.60966 0.80922 12.65776
6.61266 0.80874 12.65824
6.61566 0.80826 12.65872
6.61866 0.80779 12.65920
6.62166 0.80731 12.65967
6.62466 0.80684 12.66015
6.62766 0.80636 12.66062
6.63066 0.80589 12.66110
6.63366 0.80541 12.66157
6.63666 0.80494 12.66205
6.63966 0.80446 12.66252
6.64267 0.80399 12.66299
6.64567 0.80352 12.66346
6.64867 0.80305 12.66394
6.65167 0.80258 12.66441
6.65467 0.80211 12.66488
6.65767 0.80163 12.66535
6.66067 0.80116 12.66582
6.66367 0.80070 12.66629
6.66667 0.80023 12.66676
6.66967 0.79976 12.66723
6.67267 0.79929 12.66769
6.67567 0.79882 12.66816
6.67867 0.79835 12.66863
6.68167 0.79789 12.66910
6.68467 0.79742 12.66956
6.68767 0.79695 12.67003
6.69067 0.79649 12.67049
6.69367 0.79602 12.67096
6.69667 0.79556 12.67142
6.69967 0.79510 12.67189
6.70267 0.79463 12.67235
6.70567 0.79417 12.67282
6.70867 0.79371 12.67328
6.71167 0.79324 12.67374
6.71467 0.79278 12.67420
6.71767 0.79232 12.67466
6.72067 0.79186 12.67513
6.72367 0.79140 12.67559
6.72667 0.79094 12.67605
6.72967 0.79048 12.67651
6.73267 0.79002 12.67697
6.73567 0.78956 12.67742
6.73867 0.78910 12.67788
6.74167 0.78864 12.67834
6.74468 0.78819 12.67880
6.74768 0.78773 12.67925
6.75068 0.78727 12.67971
6.75368 0.78682 12.68017
6.75668 0.78636 12.68062
6.75968 0.78591 12.68108
6.76268 0.78545 12.68153
6.76568 0.78500 12.68199
6.76868 0.78454 12.68244
6.77168 0.78409 12.68290
6.77468 0.78364 12.68335
6.77768 0.78318 12.68380
6.78068 0.78273 12.68425
6.78368 0.78228 12.68470
6.78668 0.78183 12.68516
6.78968 0.78138 12.68561
6.79268 0.78093 12.68606
6.79568 0.78048 12.68651
6.79868 0.78003 12.68696
6.80168 0.77958 12.68741
6.80468 0.77913 12.68786
6.80768 0.77868 12.68830
6.81068 0.77823 12.68875
6.81368 0.77779 12.68920
6.81668 0.77734 12.68965
6.81968 0.77689 12.69009
6.82268 0.77645 12.69054
6.82568 0.77600 12.69098
6.82868 0.77555 12.69143
6.83168 0.77511 12.69187
6.83468 0.77466 12.69232
6.83768 0.77422 12.69276
6.84068 0.77378 12.69321
6.84369 0.77333 12.69365
6.84669 0.77289 12.69409
6.84969 0.77245 12.69454
6.85269 0.77201 12.69498
6.85569 0.77157 12.69542
6.85869 0.77112 12.69586
6.86169 0.77068 12.69630
6.86469 0.77024 12.69674
6.86769 0.76980 12.69718
6.87069 0.76936 12.69762
6.87369 0.76892 12.69806
6.87669 0.76849 12.69850
6.87969 0.76805 12.69894
6.88269 0.76761 12.69937
6.88569 0.76717 12.69981
6.88869 0.76674 12.70025
6.89169 0.76630 12.70068
6.89469 0.76586 12.70112
6.89769 0.76543 12.70156
6.90069 0.76499 12.70199
6.90369 0.76456 12.70243
6.90669 0.76412 12.70286
6.90969 0.76369 12.70329
6.91269 0.76326 12.70373
6.91569 0.76282 12.70416
6.91869 0.76239 12.70459
6.92169 0.76196 12.70503
6.92469 0.76153 12.70546
6.92769 0.76109 12.70589
6.93069 0.76066 12.70632
6.93369 0.76023 12.70675
6.93669 0.75980 12.70718
6.93969 0.75937 12.70761
6.94270 0.75894 12.70804
6.94570 0.75851 12.70847
6.94870 0.75808 12.70890
6.95170 0.75766 12.70933
6.95470 0.75723 12.70976
6.95770 0.75680 12.71018
6.96070 0.75637 12.71061
6.96370 0.75595 12.71104
6.96670 0.75552 12.71146
6.96970 0.75509 12.71189
6.97270 0.75467 12.71232
6.97570 0.75424 12.71274
6.97870 0.75382 12.71317
6.98170 0.75339 12.71359
6.98470 0.75297 12.71401
6.98770 0.75255 12.71444
6.99070 0.75212 12.71486
6.99370 0.75170 12.71528
6.99670 0.75128 12.71571
6.99970 0.75086 12.71613
7.00270 0.75043 12.71655
7.00570 0.75001 12.71697
7.00870 0.74959 12.71739
7.01170 0.74917 12.71781
7.01470 0.74875 12.71823
7.01770 0.74833 12.71865
7.02070 0.74791 12.71907
7.02370 0.74749 12.71949
7.02670 0.74708 12.71991
7.02970 0.74666 12.72033
7.03270 0.74624 12.72074
7.03570 0.74582 12.72116
7.03870 0.74541 12.72158
7.04170 0.74499 12.72199
7.04471 0.74457 12.72241
7.04771 0.74416 12.72283
7.05071 0.74374 12.72324
7.05371 0.74333 12.72366
7.05671 0.74291 12.72407
7.05971 0.74250 12.72449
7.06271 0.74208 12.72490
7.06571 0.74167 12.72531
7.06871 0.74126 12.72573
7.07171 0.74085 12.72614
7.07471 0.74043 12.72655
7.07771 0.74002 12.72696
7.08071 0.73961 12.72737
7.08371 0.73920 12.72778
7.08671 0.73879 12.72820
7.08971 0.73838 12.72861
7.09271 0.73797 12.72902
7.09571 0.73756 12.72943
7.09871 0.73715 12.72983
7.10171 0.73674 12.73024
7.10471 0.73633 12.73065
7.10771 0.73592 12.73106
7.11071 0.73552 12.73147
7.11371 0.73511 12.73188
7.11671 0.73470 12.73228
7.11971 0.73430 12.73269
7.12271 0.73389 12.73310
7.12571 0.73348 12.73350
7.12871 0.73308 12.73391
7.13171 0.73267 12.73431
7.13471 0.73227 12.73472
7.13771 0.73186 12.73512
7.14071 0.73146 12.73552
7.14372 0.73106 12.73593
7.14672 0.73065 12.73633
7.14972 0.73025 12.73673
7.15272 0.72985 12.73714
7.15572 0.72945 12.73754
7.15872 0.72904 12.73794
7.16172 0.72864 12.73834
7.16472 0.72824 12.73874
7.16772 0.72784 12.73914
7.17072 0.72744 12.73954
7.17372 0.72704 12.73994
7.17672 0.72664 12.74034
7.17972 0.72624 12.74074
7.18272 0.72584 12.74114
7.18572 0.72544 12.74154
7.18872 0.72505 12.74194
7.19172 0.72465 12.74234
7.19472 0.72425 12.74273
7.19772 0.72385 12.74313
7.20072 0.72346 12.74353
7.20372 0.72306 12.74392
7.20672 0.72267 12.74432
7.20972 0.72227 12.74471
7.21272 0.72187 12.74511
7.21572 0.72148 12.74550
7.21872 0.72108 12.74590
7.22172 0.72069 12.74629
7.22472 0.72030 12.74669
7.22772 0.71990 12.74708
7.23072 0.71951 12.74747
7.23372 0.71912 12.74787
7.23672 0.71873 12.74826
7.23972 0.71833 12.74865
7.24273 0.71794 12.74904
7.24573 0.71755 12.74943
7.24873 0.71716 12.74982
7.25173 0.71677 12.75021
7.25473 0.71638 12.75060
7.25773 0.71599 12.75099
7.26073 0.71560 12.75138
7.26373 0.71521 12.75177
7.26673 0.71482 12.75216
7.26973 0.71443 12.75255
7.27273 0.71405 12.75294
7.27573 0.71366 12.75333
7.27873 0.71327 12.75371
7.28173 0.71288 12.75410
7.28473 0.71250 12.75449
7.28773 0.71211 12.75487
7.29073 0.71172 12.75526
7.29373 0.71134 12.75565
7.29673 0.71095 12.75603
7.29973 0.71057 12.75642
7.30273 0.71018 12.75680
7.30573 0.70980 12.75718
7.30873 0.70942 12.75757
7.31173 0.70903 12.75795
7.31473 0.70865 12.75834
7.31773 0.70827 12.75872
7.32073 0.70788 12.75910
7.32373 0.70750 12.75948
7.32673 0.70712 12.75986
7.32973 0.70674 12.76025
7.33273 0.70636 12.76063
7.33573 0.70598 12.76101
7.33873 0.70560 12.76139
7.34173 0.70521 12.76177
7.34474 0.70484 12.76215
7.34774 0.70446 12.76253
7.35074 0.70408 12.76291
7.35374 0.70370 12.76329
7.35674 0.70332 12.76366
7.35974 0.70294 12.76404
7.36274 0.70256 12.76442
7.36574 0.70219 12.76480
7.36874 0.70181 12.76517
7.37174 0.70143 12.76555
7.37474 0.70106 12.76593
7.37774 0.70068 12.76630
7.38074 0.70030 12.76668
7.38374 0.69993 12.76706
7.38674 0.69955 12.76743
7.38974 0.69918 12.76781
7.39274 0.69880 12.76818
7.39574 0.69843 12.76855
7.39874 0.69806 12.76893
7.40174 0.69768 12.76930
7.40474 0.69731 12.76967
7.40774 0.69694 12.77005
7.41074 0.69657 12.77042
7.41374 0.69619 12.77079
7.41674 0.69582 12.77116
7.41974 0.69545 12.77153
7.42274 0.69508 12.77191
7.42574 0.69471 12.77228
7.42874 0.69434 12.77265
7.43174 0.69397 12.77302
7.43474 0.69360 12.77339
7.43774 0.69323 12.77376
7.44074 0.69286 12.77412
7.44375 0.69249 12.77449
7.44675 0.69212 12.77486
7.44975 0.69175 12.77523
7.45275 0.69139 12.77560
7.45575 0.69102 12.77597
7.45875 0.69065 12.77633
7.46175 0.69028 12.77670
7.46475 0.68992 12.77707
7.46775 0.68955 12.77743
7.47075 0.68919 12.77780
7.47375 0.68882 12.77816
7.47675 0.68846 12.77853
7.47975 0.68809 12.77889
7.48275 0.68773 12.77926
7.48575 0.68736 12.77962
7.48875 0.68700 12.77999
7.49175 0.68663 12.78035
7.49475 0.68627 12.78071
7.49775 0.68591 12.78108
7.50075 0.68555 12.78144
7.50375 0.68518 12.78180
7.50675 0.68482 12.78216
7.50975 0.68446 12.78252
7.51275 0.68410 12.78289
7.51575 0.68374 12.78325
7.51875 0.68338 12.78361
7.52175 0.68302 12.78397
7.52475 0.68266 12.78433
7.52775 0.68230 12.78469
7.53075 0.68194 12.78505
7.53375 0.68158 12.78541
7.53675 0.68122 12.78577
7.53975 0.68086 12.78612
7.54276 0.68050 12.78648
7.54576 0.68014 12.78684
7.54876 0.67979 12.78720
7.55176 0.67943 12.78756
7.55476 0.67907 12.78791
7.55776 0.67872 12.78827
7.56076 0.67836 12.78862
7.56376 0.67800 12.78898
7.56676 0.67765 12.78934
7.56976 0.67729 12.78969
7.57276 0.67694 12.79005
7.57576 0.67658 12.79040
7.57876 0.67623 12.79076
7.58176 0.67587 12.79111
7.58476 0.67552 12.79146
7.58776 0.67517 12.79182
7.59076 0.67481 12.79217
7.59376 0.67446 12.79252
7.59676 0.67411 12.79288
7.59976 0.67375 12.79323
7.60276 0.67340 12.79358
7.60576 0.67305 12.79393
7.60876 0.67270 12.79428
7.61176 0.67235 12.79464
7.61476 0.67200 12.79499
7.61776 0.67165 12.79534
7.62076 0.67130 12.79569
7.62376 0.67095 12.79604
7.62676 0.67060 12.79639
7.62976 0.67025 12.79674
7.63276 0.66990 12.79708
7.63576 0.66955 12.79743
7.63876 0.66920 12.79778
7.64176 0.66885 12.79813
7.64477 0.66851 12.79848
7.64777 0.66816 12.79882
7.65077 0.66781 12.79917
7.65377 0.66747 12.79952
7.65677 0.66712 12.79987
7.65977 0.66677 12.80021
7.66277 0.66643 12.80056
7.66577 0.66608 12.80090
7.66877 0.66574 12.80125
7.67177 0.66539 12.80159
7.67477 0.66505 12.80194
7.67777 0.66470 12.80228
7.68077 0.66436 12.80263
7.68377 0.66401 12.80297
7.68677 0.66367 12.80331
7.68977 0.66333 12.80366
7.69277 0.66298 12.80400
7.69577 0.66264 12.80434
7.69877 0.66230 12.80469
7.70177 0.66196 12.80503
7.70477 0.66161 12.80537
7.70777 0.66127 12.80571
7.71077 0.66093 12.80605
7.71377 0.66059 12.80639
7.71677 0.66025 12.80673
7.71977 0.65991 12.80707
7.72277 0.65957 12.80741
7.72577 0.65923 12.80775
7.72877 0.65889 12.80809
7.73177 0.65855 12.80843
7.73477 0.65821 12.80877
7.73777 0.65787 12.80911
7.74077 0.65754 12.80945
7.74378 0.65720 12.80979
7.74678 0.65686 12.81012
7.74978 0.65652 12.81046
7.75278 0.65619 12.81080
7.75578 0.65585 12.81114
7.75878 0.65551 12.81147
7.76178 0.65518 12.81181
7.76478 0.65484 12.81214
7.76778 0.65450 12.81248
7.77078 0.65417 12.81282
7.77378 0.65383 12.81315
7.77678 0.65350 12.81349
7.77978 0.65316 12.81382
7.78278 0.65283 12.81415
7.78578 0.65250 12.81449
7.78878 0.65216 12.81482
7.79178 0.65183 12.81516
7.79478 0.65150 12.81549
7.79778 0.65116 12.81582
7.80078 0.65083 12.81615
7.80378 0.65050 12.81649
7.80678 0.65017 12.81682
7.80978 0.64983 12.81715
7.81278 0.64950 12.81748
7.81578 0.64917 12.81781
7.81878 0.64884 12.81814
7.82178 0.64851 12.81847
7.82478 0.64818 12.81880
7.82778 0.64785 12.81913
7.83078 0.64752 12.81946
7.83378 0.64719 12.81979
7.83678 0.64686 12.82012
7.83978 0.64653 12.82045
7.84279 0.64620 12.82078
7.84579 0.64587 12.82111
7.84879 0.64555 12.82144
7.85179 0.64522 12.82177
7.85479 0.64489 12.82209
7.85779 0.64456 12.82242
7.86079 0.64424 12.82275
7.86379 0.64391 12.82307
7.86679 0.64358 12.82340
7.86979 0.64326 12.82373
7.87279 0.64293 12.82405
7.87579 0.64261 12.82438
7.87879 0.64228 12.82470
7.88179 0.64196 12.82503
7.88479 0.64163 12.82535
7.88779 0.64131 12.82568
7.89079 0.64098 12.82600
7.89379 0.64066 12.82633
7.89679 0.64033 12.82665
7.89979 0.64001 12.82697
7.90279 0.63969 12.82730
7.90579 0.63937 12.82762
7.90879 0.63904 12.82794
7.91179 0.63872 12.82826
7.91479 0.63840 12.82859
7.91779 0.63808 12.82891
7.92079 0.63775 12.82923
7.92379 0.63743 12.82955
7.92679 0.63711 12.82987
7.92979 0.63679 12.83019
7.93279 0.63647 12.83051
7.93579 0.63615 12.83083
7.93879 0.63583 12.83115
7.94179 0.63551 12.83147
7.94480 0.63519 12.83179
7.94780 0.63487 12.83211
7.95080 0.63455 12.83243
7.95380 0.63424 12.83275
7.95680 0.63392 12.83307
7.95980 0.63360 12.83338
7.96280 0.63328 12.83370
7.96580 0.63296 12.83402
7.96880 0.63265 12.83434
7.97180 0.63233 12.83465
7.97480 0.63201 12.83497
7.97780 0.63170 12.83529
7.98080 0.63138 12.83560
7.98380 0.63106 12.83592
7.98680 0.63075 12.83623
7.98980 0.63043 12.83655
7.99280 0.63012 12.83687
7.99580 0.62980 12.83718
7.99880 0.62949 12.83749
8.00180 0.62917 12.83781
8.00480 0.62886 12.83812
8.00780 0.62855 12.83844
8.01080 0.62823 12.83875
8.01380 0.62792 12.83906
8.01680 0.62761 12.83938
8.01980 0.62729 12.83969
8.02280 0.62698 12.84000
8.02580 0.62667 12.84031
8.02880 0.62636 12.84063
8.03180 0.62605 12.84094
8.03480 0.62573 12.84125
8.03780 0.62542 12.84156
8.04080 0.62511 12.84187
8.04381 0.62480 12.84218
8.04681 0.62449 12.84249
8.04981 0.62418 12.84280
8.05281 0.62387 12.84311
8.05581 0.62356 12.84342
8.05881 0.62325 12.84373
8.06181 0.62294 12.84404
8.06481 0.62263 12.84435
8.06781 0.62232 12.84466
8.07081 0.62202 12.84497
8.07381 0.62171 12.84528
8.07681 0.62140 12.84558
8.07981 0.62109 12.84589
8.08281 0.62079 12.84620
8.08581 0.62048 12.84651
8.08881 0.62017 12.84681
8.09181 0.61986 12.84712
8.09481 0.61956 12.84743
8.09781 0.61925 12.84773
8.10081 0.61895 12.84804
8.10381 0.61864 12.84834
8.10681 0.61833 12.84865
8.10981 0.61803 12.84895
8.11281 0.61772 12.84926
8.11581 0.61742 12.84956
8.11881 0.61712 12.84987
8.12181 0.61681 12.85017
8.12481 0.61651 12.85048
8.12781 0.61620 12.85078
8.13081 0.61590 12.85108
8.13381 0.61560 12.85139
8.13681 0.61529 12.85169
8.13981 0.61499 12.85199
8.14282 0.61469 12.85229
8.14582 0.61439 12.85260
8.14882 0.61409 12.85290
8.15182 0.61378 12.85320
8.15482 0.61348 12.85350
8.15782 0.61318 12.85380
8.16082 0.61288 12.85410
8.16382 0.61258 12.85440
8.16682 0.61228 12.85470
8.16982 0.61198 12.85500
8.17282 0.61168 12.85530
8.17582 0.61138 12.85560
8.17882 0.61108 12.85590
8.18182 0.61078 12.85620
8.18482 0.61048 12.85650
8.18782 0.61018 12.85680
8.19082 0.60989 12.85710
8.19382 0.60959 12.85740
8.19682 0.60929 12.85770
8.19982 0.60899 12.85799
8.20282 0.60869 12.85829
8.20582 0.60840 12.85859
8.20882 0.60810 12.85888
8.21182 0.60780 12.85918
8.21482 0.60751 12.85948
8.21782 0.60721 12.85977
8.22082 0.60691 12.86007
8.22382 0.60662 12.86037
8.22682 0.60632 12.86066
8.22982 0.60603 12.86096
8.23282 0.60573 12.86125
8.23582 0.60544 12.86155
8.23882 0.60514 12.86184
8.24182 0.60485 12.86214
8.24483 0.60455 12.86243
8.24783 0.60426 12.86272
8.25083 0.60397 12.86302
8.25383 0.60367 12.86331
8.25683 0.60338 12.86360
8.25983 0.60309 12.86390
8.26283 0.60279 12.86419
8.26583 0.60250 12.86448
8.26883 0.60221 12.86477
8.27183 0.60192 12.86507
8.27483 0.60163 12.86536
8.27783 0.60133 12.86565
8.28083 0.60104 12.86594
8.28383 0.60075 12.86623
8.28683 0.60046 12.86652
8.28983 0.60017 12.86681
8.29283 0.59988 12.86710
8.29583 0.59959 12.86739
8.29883 0.59930 12.86768
8.30183 0.59901 12.86797
8.30483 0.59872 12.86826
8.30783 0.59843 12.86855
8.31083 0.59814 12.86884
8.31383 0.59785 12.86913
8.31683 0.59757 12.86942
8.31983 0.59728 12.86971
8.32283 0.59699 12.86999
8.32583 0.59670 12.87028
8.32883 0.59641 12.87057
8.33183 0.59613 12.87086
8.33483 0.59584 12.87114
8.33783 0.59555 12.87143
8.34083 0.59527 12.87172
8.34384 0.59498 12.87200
8.34684 0.59469 12.87229
8.34984 0.59441 12.87258
8.35284 0.59412 12.87286
8.35584 0.59384 12.87315
8.35884 0.59355 12.87343
8.36184 0.59327 12.87372
8.36484 0.59298 12.87400
8.36784 0.59270 12.87429
8.37084 0.59241 12.87457
8.37384 0.59213 12.87486
8.37684 0.59184 12.87514
8.37984 0.59156 12.87542
8.38284 0.59128 12.87571
8.38584 0.59099 12.87599
8.38884 0.59071 12.87627
8.39184 0.59043 12.87656
8.39484 0.59015 12.87684
8.39784 0.58986 12.87712
8.40084 0.58958 12.87740
8.40384 0.58930 12.87768
8.40684 0.58902 12.87797
8.40984 0.58874 12.87825
8.41284 0.58845 12.87853
8.41584 0.58817 12.87881
8.41884 0.58789 12.87909
8.42184 0.58761 12.87937
8.42484 0.58733 12.87965
8.42784 0.58705 12.87993
8.43084 0.58677 12.88021
8.43384 0.58649 12.88049
8.43684 0.58621 12.88077
8.43984 0.58593 12.88105
8.44285 0.58566 12.88133
8.44585 0.58538 12.88161
8.44885 0.58510 12.88189
8.45185 0.58482 12.88216
8.45485 0.58454 12.88244
8.45785 0.58426 12.88272
8.46085 0.58399 12.88300
8.46385 0.58371 12.88328
8.46685 0.58343 12.88355
8.46985 0.58315 12.88383
8.47285 0.58288 12.88411
8.47585 0.58260 12.88438
8.47885 0.58232 12.88466
8.48185 0.58205 12.88494
8.48485 0.58177 12.88521
8.48785 0.58150 12.88549
8.49085 0.58122 12.88576
8.49385 0.58095 12.88604
8.49685 0.58067 12.88631
8.49985 0.58040 12.88659
8.50285 0.58012 12.88686
8.50585 0.57985 12.88714
8.50885 0.57957 12.88741
8.51185 0.57930 12.88768
8.51485 0.57903 12.88796
8.51785 0.57875 12.88823
8.52085 0.57848 12.88851
8.52385 0.57821 12.88878
8.52685 0.57793 12.88905
8.52985 0.57766 12.88932
8.53285 0.57739 12.88960
8.53585 0.57712 12.88987
8.53885 0.57684 12.89014
8.54185 0.57657 12.89041
8.54486 0.57630 12.89068
8.54786 0.57603 12.89096
8.55086 0.57576 12.89123
8.55386 0.57549 12.89150
8.55686 0.57522 12.89177
8.55986 0.57495 12.89204
8.56286 0.57467 12.89231
8.56586 0.57440 12.89258
8.56886 0.57413 12.89285
8.57186 0.57387 12.89312
8.57486 0.57360 12.89339
8.57786 0.57333 12.89366
8.58086 0.57306 12.89393
8.58386 0.57279 12.89420
8.58686 0.57252 12.89446
8.58986 0.57225 12.89473
8.59286 0.57198 12.89500
8.59586 0.57172 12.89527
8.59886 0.57145 12.89554
8.60186 0.57118 12.89580
8.60486 0.57091 12.89607
8.60786 0.57065 12.89634
8.61086 0.57038 12.89661
8.61386 0.57011 12.89687
8.61686 0.56985 12.89714
8.61986 0.56958 12.89741
8.62286 0.56931 12.89767
8.62586 0.56905 12.89794
8.62886 0.56878 12.89820
8.63186 0.56852 12.89847
8.63486 0.56825 12.89873
8.63786 0.56799 12.89900
8.64086 0.56772 12.89926
8.64387 0.56746 12.89953
8.64687 0.56719 12.89979
8.64987 0.56693 12.90006
8.65287 0.56666 12.90032
8.65587 0.56640 12.90059
8.65887 0.56614 12.90085
8.66187 0.56587 12.90111
8.66487 0.56561 12.90138
8.66787 0.56535 12.90164
8.67087 0.56508 12.90190
8.67387 0.56482 12.90216
8.67687 0.56456 12.90243
8.67987 0.56430 12.90269
8.68287 0.56403 12.90295
8.68587 0.56377 12.90321
8.68887 0.56351 12.90347
8.69187 0.56325 12.90374
8.69487 0.56299 12.90400
8.69787 0.56273 12.90426
8.70087 0.56247 12.90452
8.70387 0.56220 12.90478
8.70687 0.56194 12.90504
8.70987 0.56168 12.90530
8.71287 0.56142 12.90556
8.71587 0.56116 12.90582
8.71887 0.56090 12.90608
8.72187 0.56065 12.90634
8.72487 0.56039 12.90660
8.72787 0.56013 12.90686
8.73087 0.55987 12.90712
8.73387 0.55961 12.90737
8.73687 0.55935 12.90763
8.73987 0.55909 12.90789
8.74287 0.55883 12.90815
8.74588 0.55858 12.90841
8.74888 0.55832 12.90866
8.75188 0.55806 12.90892
8.75488 0.55780 12.90918
8.75788 0.55755 12.90944
8.76088 0.55729 12.90969
8.76388 0.55703 12.90995
8.76688 0.55678 12.91021
8.76988 0.55652 12.91046
8.77288 0.55627 12.91072
8.77588 0.55601 12.91097
8.77888 0.55575 12.91123
8.78188 0.55550 12.91149
8.78488 0.55524 12.91174
8.78788 0.55499 12.91200
8.79088 0.55473 12.91225
8.79388 0.55448 12.91251
8.79688 0.55422 12.91276
8.79988 0.55397 12.91301
8.80288 0.55372 12.91327
8.80588 0.55346 12.91352
8.80888 0.55321 12.91378
8.81188 0.55295 12.91403
8.81488 0.55270 12.91428
8.81788 0.55245 12.91454
8.82088 0.55220 12.91479
8.82388 0.55194 12.91504
8.82688 0.55169 12.91529
8.82988 0.55144 12.91555
8.83288 0.55119 12.91580
8.83588 0.55093 12.91605
8.83888 0.55068 12.91630
8.84188 0.55043 12.91655
8.84489 0.55018 12.91681
8.84789 0.54993 12.91706
8.85089 0.54968 12.91731
8.85389 0.54943 12.91756
8.85689 0.54918 12.91781
8.85989 0.54892 12.91806
8.86289 0.54867 12.91831
8.86589 0.54842 12.91856
8.86889 0.54817 12.91881
8.87189 0.54792 12.91906
8.87489 0.54768 12.91931
8.87789 0.54743 12.91956
8.88089 0.54718 12.91981
8.88389 0.54693 12.92006
8.88689 0.54668 12.92030
8.88989 0.54643 12.92055
8.89289 0.54618 12.92080
8.89589 0.54593 12.92105
8.89889 0.54569 12.92130
8.90189 0.54544 12.92155
8.90489 0.54519 12.92179
8.90789 0.54494 12.92204
8.91089 0.54470 12.92229
8.91389 0.54445 12.92253
8.91689 0.54420 12.92278
8.91989 0.54396 12.92303
8.92289 0.54371 12.92327
8.92589 0.54346 12.92352
8.92889 0.54322 12.92377
8.93189 0.54297 12.92401
8.93489 0.54272 12.92426
8.93789 0.54248 12.92450
8.94089 0.54223 12.92475
8.94390 0.54199 12.92500
8.94690 0.54174 12.92524
8.94990 0.54150 12.92549
8.95290 0.54125 12.92573
8.95590 0.54101 12.92597
8.95890 0.54077 12.92622
8.96190 0.54052 12.92646
8.96490 0.54028 12.92671
8.96790 0.54003 12.92695
8.97090 0.53979 12.92719
8.97390 0.53955 12.92744
8.97690 0.53930 12.92768
8.97990 0.53906 12.92792
8.98290 0.53882 12.92817
8.98590 0.53858 12.92841
8.98890 0.53833 12.92865
8.99190 0.53809 12.92889
8.99490 0.53785 12.92914
8.99790 0.53761 12.92938
9.00090 0.53736 12.92962
9.00390 0.53712 12.92986
9.00690 0.53688 12.93010
9.00990 0.53664 12.93034
9.01290 0.53640 12.93058
9.01590 0.53616 12.93082
9.01890 0.53592 12.93107
9.02190 0.53568 12.93131
9.02490 0.53544 12.93155
9.02790 0.53520 12.93179
9.03090 0.53496 12.93203
9.03390 0.53472 12.93227
9.03690 0.53448 12.93251
9.03990 0.53424 12.93275
9.04290 0.53400 12.93298
9.04591 0.53376 12.93322
9.04891 0.53352 12.93346
9.05191 0.53328 12.93370
9.05491 0.53304 12.93394
9.05791 0.53281 12.93418
9.06091 0.53257 12.93442
9.06391 0.53233 12.93465
9.06691 0.53209 12.93489
9.06991 0.53185 12.93513
9.07291 0.53162 12.93537
9.07591 0.53138 12.93560
9.07891 0.53114 12.93584
9.08191 0.53091 12.93608
9.08491 0.53067 12.93631
9.08791 0.53043 12.93655
9.09091 0.53020 12.93679
9.09391 0.52996 12.93702
9.09691 0.52972 12.93726
9.09991 0.52949 12.93750
9.10291 0.52925 12.93773
9.10591 0.52902 12.93797
9.10891 0.52878 12.93820
9.11191 0.52855 12.93844
9.11491 0.52831 12.93867
9.11791 0.52808 12.93891
9.12091 0.52784 12.93914
9.12391 0.52761 12.93938
9.12691 0.52737 12.93961
9.12991 0.52714 12.93984
9.13291 0.52691 12.94008
9.13591 0.52667 12.94031
9.13891 0.52644 12.94055
9.14191 0.52620 12.94078
9.14492 0.52597 12.94101
9.14792 0.52574 12.94125
9.15092 0.52551 12.94148
9.15392 0.52527 12.94171
9.15692 0.52504 12.94194
9.15992 0.52481 12.94218
9.16292 0.52458 12.94241
9.16592 0.52434 12.94264
9.16892 0.52411 12.94287
9.17192 0.52388 12.94310
9.17492 0.52365 12.94334
9.17792 0.52342 12.94357
9.18092 0.52319 12.94380
9.18392 0.52296 12.94403
9.18692 0.52272 12.94426
9.18992 0.52249 12.94449
9.19292 0.52226 12.94472
9.19592 0.52203 12.94495
9.19892 0.52180 12.94518
9.20192 0.52157 12.94541
9.20492 0.52134 12.94564
9.20792 0.52111 12.94587
9.21092 0.52088 12.94610
9.21392 0.52065 12.94633
9.21692 0.52043 12.94656
9.21992 0.52020 12.94679
9.22292 0.51997 12.94702
9.22592 0.51974 12.94725
9.22892 0.51951 12.94747
9.23192 0.51928 12.94770
9.23492 0.51905 12.94793
9.23792 0.51883 12.94816
9.24092 0.51860 12.94839
9.24393 0.51837 12.94861
9.24693 0.51814 12.94884
9.24993 0.51792 12.94907
9.25293 0.51769 12.94930
9.25593 0.51746 12.94952
9.25893 0.51723 12.94975
9.26193 0.51701 12.94998
9.26493 0.51678 12.95020
9.26793 0.51656 12.95043
9.27093 0.51633 12.95066
9.27393 0.51610 12.95088
9.27693 0.51588 12.95111
9.27993 0.51565 12.95133
9.28293 0.51543 12.95156
9.28593 0.51520 12.95178
9.28893 0.51498 12.95201
9.29193 0.51475 12.95223
9.29493 0.51453 12.95246
9.29793 0.51430 12.95268
9.30093 0.51408 12.95291
9.30393 0.51385 12.95313
9.30693 0.51363 12.95336
9.30993 0.51340 12.95358
9.31293 0.51318 12.95380
9.31593 0.51296 12.95403
9.31893 0.51273 12.95425
9.32193 0.51251 12.95447
9.32493 0.51229 12.95470
9.32793 0.51206 12.95492
9.33093 0.51184 12.95514
9.33393 0.51162 12.95537
9.33693 0.51139 12.95559
9.33993 0.51117 12.95581
9.34293 0.51095 12.95603
9.34594 0.51073 12.95626
9.34894 0.51051 12.95648
9.35194 0.51028 12.95670
9.35494 0.51006 12.95692
9.35794 0.50984 12.95714
9.36094 0.50962 12.95736
9.36394 0.50940 12.95759
9.36694 0.50918 12.95781
9.36994 0.50896 12.95803
9.37294 0.50874 12.95825
9.37594 0.50852 12.95847
9.37894 0.50830 12.95869
9.38194 0.50808 12.95891
9.38494 0.50786 12.95913
9.38794 0.50764 12.95935
9.39094 0.50742 12.95957
9.39394 0.50720 12.95979
9.39694 0.50698 12.96001
9.39994 0.50676 12.96023
9.40294 0.50654 12.96045
9.40594 0.50632 12.96066
9.40894 0.50610 12.96088
9.41194 0.50588 12.96110
9.41494 0.50566 12.96132
9.41794 0.50545 12.96154
9.42094 0.50523 12.96176
9.42394 0.50501 12.96197
9.42694 0.50479 12.96219
9.42994 0.50457 12.96241
9.43294 0.50436 12.96263
9.43594 0.50414 12.96284
9.43894 0.50392 12.96306
9.44194 0.50371 12.96328
9.44495 0.50349 12.96350
9.44795 0.50327 12.96371
9.45095 0.50305 12.96393
9.45395 0.50284 12.96415
9.45695 0.50262 12.96436
9.45995 0.50241 12.96458
9.46295 0.50219 12.96479
9.46595 0.50197 12.96501
9.46895 0.50176 12.96523
9.47195 0.50154 12.96544
9.47495 0.50133 12.96566
9.47795 0.50111 12.96587
9.48095 0.50090 12.96609
9.48395 0.50068 12.96630
9.48695 0.50047 12.96652
9.48995 0.50025 12.96673
9.49295 0.50004 12.96694
9.49595 0.49983 12.96716
9.49895 0.49961 12.96737
9.50195 0.49940 12.96759
9.50495 0.49918 12.96780
9.50795 0.49897 12.96801
9.51095 0.49876 12.96823
9.51395 0.49854 12.96844
9.51695 0.49833 12.96865
9.51995 0.49812 12.96887
9.52295 0.49790 12.96908
9.52595 0.49769 12.96929
9.52895 0.49748 12.96951
9.53195 0.49727 12.96972
9.53495 0.49705 12.96993
9.53795 0.49684 12.97014
9.54095 0.49663 12.97035
9.54396 0.49642 12.97057
9.54696 0.49621 12.97078
9.54996 0.49599 12.97099
9.55296 0.49578 12.97120
9.55596 0.49557 12.97141
9.55896 0.49536 12.97162
9.56196 0.49515 12.97183
9.56496 0.49494 12.97204
9.56796 0.49473 12.97226
9.57096 0.49452 12.97247
9.57396 0.49431 12.97268
9.57696 0.49410 12.97289
9.57996 0.49389 12.97310
9.58296 0.49368 12.97331
9.58596 0.49347 12.97352
9.58896 0.49326 12.97373
9.59196 0.49305 12.97393
9.59496 0.49284 12.97414
9.59796 0.49263 12.97435
9.60096 0.49242 12.97456
9.60396 0.49221 12.97477
9.60696 0.49200 12.97498
9.60996 0.49180 12.97519
9.61296 0.49159 12.97540
9.61596 0.49138 12.97561
9.61896 0.49117 12.97581
9.62196 0.49096 12.97602
9.62496 0.49076 12.97623
9.62796 0.49055 12.97644
9.63096 0.49034 12.97664
9.63396 0.49013 12.97685
9.63696 0.48993 12.97706
9.63996 0.48972 12.97727
9.64296 0.48951 12.97747
9.64597 0.48930 12.97768
9.64897 0.48910 12.97789
9.65197 0.48889 12.97809
9.65497 0.48869 12.97830
9.65797 0.48848 12.97851
9.66097 0.48827 12.97871
9.66397 0.48807 12.97892
9.66697 0.48786 12.97912
9.66997 0.48766 12.97933
9.67297 0.48745 12.97953
9.67597 0.48724 12.97974
9.67897 0.48704 12.97994
9.68197 0.48683 12.98015
9.68497 0.48663 12.98035
9.68797 0.48642 12.98056
9.69097 0.48622 12.98076
9.69397 0.48602 12.98097
9.69697 0.48581 12.98117
9.69997 0.48561 12.98138
9.70297 0.48540 12.98158
9.70597 0.48520 12.98178
9.70897 0.48500 12.98199
9.71197 0.48479 12.98219
9.71497 0.48459 12.98240
9.71797 0.48438 12.98260
9.72097 0.48418 12.98280
9.72397 0.48398 12.98301
9.72697 0.48378 12.98321
9.72997 0.48357 12.98341
9.73297 0.48337 12.98361
9.73597 0.48317 12.98382
9.73897 0.48297 12.98402
9.74197 0.48276 12.98422
9.74498 0.48256 12.98442
9.74798 0.48236 12.98462
9.75098 0.48216 12.98483
9.75398 0.48196 12.98503
9.75698 0.48175 12.98523
9.75998 0.48155 12.98543
9.76298 0.48135 12.98563
9.76598 0.48115 12.98583
9.76898 0.48095 12.98603
9.77198 0.48075 12.98623
9.77498 0.48055 12.98644
9.77798 0.48035 12.98664
9.78098 0.48015 12.98684
9.78398 0.47995 12.98704
9.78698 0.47975 12.98724
9.78998 0.47955 12.98744
9.79298 0.47935 12.98764
9.79598 0.47915 12.98784
9.79898 0.47895 12.98804
9.80198 0.47875 12.98824
9.80498 0.47855 12.98843
9.80798 0.47835 12.98863
9.81098 0.47815 12.98883
9.81398 0.47795 12.98903
9.81698 0.47775 12.98923
9.81998 0.47756 12.98943
9.82298 0.47736 12.98963
9.82598 0.47716 12.98983
9.82898 0.47696 12.99002
9.83198 0.47676 12.99022
9.83498 0.47656 12.99042
9.83798 0.47637 12.99062
9.84098 0.47617 12.99081
9.84399 0.47597 12.99101
9.84699 0.47577 12.99121
9.84999 0.47558 12.99141
9.85299 0.47538 12.99160
9.85599 0.47518 12.99180
9.85899 0.47499 12.99200
9.86199 0.47479 12.99219
9.86499 0.47459 12.99239
9.86799 0.47440 12.99259
9.87099 0.47420 12.99278
9.87399 0.47400 12.99298
9.87699 0.47381 12.99318
9.87999 0.47361 12.99337
9.88299 0.47342 12.99357
9.88599 0.47322 12.99376
9.88899 0.47303 12.99396
9.89199 0.47283 12.99415
9.89499 0.47263 12.99435
9.89799 0.47244 12.99454
9.90099 0.47225 12.99474
9.90399 0.47205 12.99493
9.90699 0.47186 12.99513
9.90999 0.47166 12.99532
9.91299 0.47147 12.99552
9.91599 0.47127 12.99571
9.91899 0.47108 12.99591
9.92199 0.47088 12.99610
9.92499 0.47069 12.99629
9.92799 0.47050 12.99649
9.93099 0.47030 12.99668
9.93399 0.47011 12.99687
9.93699 0.46992 12.99707
9.93999 0.46972 12.99726
9.94299 0.46953 12.99745
9.94600 0.46934 12.99765
9.94900 0.46914 12.99784
9.95200 0.46895 12.99803
9.95500 0.46876 12.99822
9.95800 0.46857 12.99842
9.96100 0.46837 12.99861
9.96400 0.46818 12.99880
9.96700 0.46799 12.99899
9.97000 0.46780 12.99919
9.97300 0.46761 12.99938
9.97600 0.46742 12.99957
9.97900 0.46722 12.99976
9.98200 0.46703 12.99995
9.98500 0.46684 13.00014
9.98800 0.46665 13.00033
9.99100 0.46646 13.00052
9.99400 0.46627 13.00072
9.99700 0.46608 13.00091
10.00000 0.46589 13.00110
10.00300 0.46570 13.00129
10.00600 0.46551 13.00148
10.00900 0.46532 13.00167
10.01200 0.46513 13.00186
10.01500 0.46494 13.00205
10.01800 0.46475 13.00224
10.02100 0.46456 13.00243
10.02400 0.46437 13.00262
10.02700 0.46418 13.00281
10.03000 0.46399 13.00300
10.03300 0.46380 13.00318
10.03600 0.46361 13.00337
10.03900 0.46342 13.00356
10.04200 0.46323 13.00375
10.04501 0.46304 13.00394
10.04801 0.46286 13.00413
10.05101 0.46267 13.00432
10.05401 0.46248 13.00450
10.05701 0.46229 13.00469
10.06001 0.46210 13.00488
10.06301 0.46192 13.00507
10.06601 0.46173 13.00526
10.06901 0.46154 13.00544
10.07201 0.46135 13.00563
10.07501 0.46116 13.00582
10.07801 0.46098 13.00601
10.08101 0.46079 13.00619
10.08401 0.46060 13.00638
10.08701 0.46042 13.00657
10.09001 0.46023 13.00675
10.09301 0.46004 13.00694
10.09601 0.45986 13.00713
10.09901 0.45967 13.00731
10.10201 0.45948 13.00750
10.10501 0.45930 13.00769
10.10801 0.45911 13.00787
10.11101 0.45893 13.00806
10.11401 0.45874 13.00824
10.11701 0.45856 13.00843
10.12001 0.45837 13.00861
10.12301 0.45818 13.00880
10.12601 0.45800 13.00898
10.12901 0.45781 13.00917
10.13201 0.45763 13.00935
10.13501 0.45744 13.00954
10.13801 0.45726 13.00972
10.14101 0.45708 13.00991
10.14402 0.45689 13.01009
10.14702 0.45671 13.01028
10.15002 0.45652 13.01046
10.15302 0.45634 13.01065
10.15602 0.45615 13.01083
10.15902 0.45597 13.01101
10.16202 0.45579 13.01120
10.16502 0.45560 13.01138
10.16802 0.45542 13.01156
10.17102 0.45524 13.01175
10.17402 0.45505 13.01193
10.17702 0.45487 13.01211
10.18002 0.45469 13.01230
10.18302 0.45450 13.01248
10.18602 0.45432 13.01266
10.18902 0.45414 13.01285
10.19202 0.45396 13.01303
10.19502 0.45377 13.01321
10.19802 0.45359 13.01339
10.20102 0.45341 13.01357
10.20402 0.45323 13.01376
10.20702 0.45305 13.01394
10.21002 0.45286 13.01412
10.21302 0.45268 13.01430
10.21602 0.45250 13.01448
10.21902 0.45232 13.01467
10.22202 0.45214 13.01485
10.22502 0.45196 13.01503
10.22802 0.45178 13.01521
10.23102 0.45159 13.01539
10.23402 0.45141 13.01557
10.23702 0.45123 13.01575
10.24002 0.45105 13.01593
10.24302 0.45087 13.01611
10.24603 0.45069 13.01629
10.24903 0.45051 13.01647
10.25203 0.45033 13.01665
10.25503 0.45015 13.01683
10.25803 0.44997 13.01701
10.26103 0.44979 13.01719
10.26403 0.44961 13.01737
10.26703 0.44943 13.01755
10.27003 0.44925 13.01773
10.27303 0.44907 13.01791
10.27603 0.44889 13.01809
10.27903 0.44872 13.01827
10.28203 0.44854 13.01845
10.28503 0.44836 13.01863
10.28803 0.44818 13.01880
10.29103 0.44800 13.01898
10.29403 0.44782 13.01916
10.29703 0.44764 13.01934
10.30003 0.44747 13.01952
10.30303 0.44729 13.01970
10.30603 0.44711 13.01987
10.30903 0.44693 13.02005
10.31203 0.44675 13.02023
10.31503 0.44658 13.02041
10.31803 0.44640 13.02058
10.32103 0.44622 13.02076
10.32403 0.44605 13.02094
10.32703 0.44587 13.02112
10.33003 0.44569 13.02129
10.33303 0.44551 13.02147
10.33603 0.44534 13.02165
10.33903 0.44516 13.02182
10.34203 0.44498 13.02200
10.34504 0.44481 13.02218
10.34804 0.44463 13.02235
10.35104 0.44446 13.02253
10.35404 0.44428 13.02270
10.35704 0.44410 13.02288
10.36004 0.44393 13.02306
10.36304 0.44375 13.02323
10.36604 0.44358 13.02341
10.36904 0.44340 13.02358
10.37204 0.44323 13.02376
10.37504 0.44305 13.02393
10.37804 0.44287 13.02411
10.38104 0.44270 13.02428
10.38404 0.44252 13.02446
10.38704 0.44235 13.02463
10.39004 0.44218 13.02481
10.39304 0.44200 13.02498
10.39604 0.44183 13.02516
10.39904 0.44165 13.02533
10.40204 0.44148 13.02551
10.40504 0.44130 13.02568
10.40804 0.44113 13.02585
10.41104 0.44096 13.02603
10.41404 0.44078 13.02620
10.41704 0.44061 13.02638
10.42004 0.44043 13.02655
10.42304 0.44026 13.02672
10.42604 0.44009 13.02690
10.42904 0.43991 13.02707
10.43204 0.43974 13.02724
10.43504 0.43957 13.02742
10.43804 0.43940 13.02759
10.44104 0.43922 13.02776
10.44405 0.43905 13.02793
10.44705 0.43888 13.02811
10.45005 0.43871 13.02828
10.45305 0.43853 13.02845
10.45605 0.43836 13.02862
10.45905 0.43819 13.02879
10.46205 0.43802 13.02897
10.46505 0.43785 13.02914
10.46805 0.43767 13.02931
10.47105 0.43750 13.02948
10.47405 0.43733 13.02965
10.47705 0.43716 13.02982
10.48005 0.43699 13.03000
10.48305 0.43682 13.03017
10.48605 0.43665 13.03034
10.48905 0.43647 13.03051
10.49205 0.43630 13.03068
10.49505 0.43613 13.03085
10.49805 0.43596 13.03102
10.50105 0.43579 13.03119
10.50405 0.43562 13.03136
10.50705 0.43545 13.03153
10.51005 0.43528 13.03170
10.51305 0.43511 13.03187
10.51605 0.43494 13.03204
10.51905 0.43477 13.03221
10.52205 0.43460 13.03238
10.52505 0.43443 13.03255
10.52805 0.43426 13.03272
10.53105 0.43409 13.03289
10.53405 0.43392 13.03306
10.53705 0.43375 13.03323
10.54005 0.43359 13.03340
10.54305 0.43342 13.03357
10.54606 0.43325 13.03374
10.54906 0.43308 13.03390
10.55206 0.43291 13.03407
10.55506 0.43274 13.03424
10.55806 0.43257 13.03441
10.56106 0.43241 13.03458
10.56406 0.43224 13.03475
10.56706 0.43207 13.03491
10.57006 0.43190 13.03508
10.57306 0.43173 13.03525
10.57606 0.43157 13.03542
10.57906 0.43140 13.03559
10.58206 0.43123 13.03575
10.58506 0.43106 13.03592
10.58806 0.43090 13.03609
10.59106 0.43073 13.03626
10.59406 0.43056 13.03642
10.59706 0.43039 13.03659
10.60006 0.43023 13.03676
10.60306 0.43006 13.03692
10.60606 0.42989 13.03709
10.60906 0.42973 13.03726
10.61206 0.42956 13.03742
10.61506 0.42939 13.03759
10.61806 0.42923 13.03776
10.62106 0.42906 13.03792
10.62406 0.42890 13.03809
10.62706 0.42873 13.03825
10.63006 0.42856 13.03842
10.63306 0.42840 13.03859
10.63606 0.42823 13.03875
10.63906 0.42807 13.03892
10.64206 0.42790 13.03908
10.64507 0.42774 13.03925
10.64807 0.42757 13.03941
10.65107 0.42741 13.03958
10.65407 0.42724 13.03974
10.65707 0.42708 13.03991
10.66007 0.42691 13.04007
10.66307 0.42675 13.04024
10.66607 0.42658 13.04040
10.66907 0.42642 13.04057
10.67207 0.42625 13.04073
10.67507 0.42609 13.04089
10.67807 0.42593 13.04106
10.68107 0.42576 13.04122
10.68407 0.42560 13.04139
10.68707 0.42543 13.04155
10.69007 0.42527 13.04171
10.69307 0.42511 13.04188
10.69607 0.42494 13.04204
10.69907 0.42478 13.04220
10.70207 0.42462 13.04237
10.70507 0.42445 13.04253
10.70807 0.42429 13.04269
10.71107 0.42413 13.04286
10.71407 0.42396 13.04302
10.71707 0.42380 13.04318
10.72007 0.42364 13.04334
10.72307 0.42348 13.04351
10.72607 0.42331 13.04367
10.72907 0.42315 13.04383
10.73207 0.42299 13.04399
10.73507 0.42283 13.04416
10.73807 0.42267 13.04432
10.74107 0.42250 13.04448
10.74408 0.42234 13.04464
10.74708 0.42218 13.04480
10.75008 0.42202 13.04497
10.75308 0.42186 13.04513
10.75608 0.42170 13.04529
10.75908 0.42153 13.04545
10.76208 0.42137 13.04561
10.76508 0.42121 13.04577
10.76808 0.42105 13.04593
10.77108 0.42089 13.04609
10.77408 0.42073 13.04625
10.77708 0.42057 13.04642
10.78008 0.42041 13.04658
10.78308 0.42025 13.04674
10.78608 0.42009 13.04690
10.78908 0.41993 13.04706
10.79208 0.41977 13.04722
10.79508 0.41961 13.04738
10.79808 0.41945 13.04754
10.80108 0.41929 13.04770
10.80408 0.41913 13.04786
10.80708 0.41897 13.04802
10.81008 0.41881 13.04818
10.81308 0.41865 13.04834
10.81608 0.41849 13.04849
10.81908 0.41833 13.04865
10.82208 0.41817 13.04881
10.82508 0.41801 13.04897
10.82808 0.41785 13.04913
10.83108 0.41769 13.04929
10.83408 0.41753 13.04945
10.83708 0.41738 13.04961
10.84008 0.41722 13.04977
10.84308 0.41706 13.04992
10.84609 0.41690 13.05008
10.84909 0.41674 13.05024
10.85209 0.41658 13.05040
10.85509 0.41643 13.05056
10.85809 0.41627 13.05072
10.86109 0.41611 13.05087
10.86409 0.41595 13.05103
10.86709 0.41580 13.05119
10.87009 0.41564 13.05135
10.87309 0.41548 13.05150
10.87609 0.41532 13.05166
10.87909 0.41517 13.05182
10.88209 0.41501 13.05198
10.88509 0.41485 13.05213
10.88809 0.41469 13.05229
10.89109 0.41454 13.05245
10.89409 0.41438 13.05260
10.89709 0.41422 13.05276
10.90009 0.41407 13.05292
10.90309 0.41391 13.05307
10.90609 0.41375 13.05323
10.90909 0.41360 13.05339
10.91209 0.41344 13.05354
10.91509 0.41329 13.05370
10.91809 0.41313 13.05385
10.92109 0.41297 13.05401
10.92409 0.41282 13.05417
10.92709 0.41266 13.05432
10.93009 0.41251 13.05448
10.93309 0.41235 13.05463
10.93609 0.41220 13.05479
10.93909 0.41204 13.05494
10.94209 0.41189 13.05510
10.94510 0.41173 13.05525
10.94810 0.41158 13.05541
10.95110 0.41142 13.05556
10.95410 0.41127 13.05572
10.95710 0.41111 13.05587
10.96010 0.41096 13.05603
10.96310 0.41080 13.05618
10.96610 0.41065 13.05634
10.96910 0.41049 13.05649
10.97210 0.41034 13.05664
10.97510 0.41018 13.05680
10.97810 0.41003 13.05695
10.98110 0.40988 13.05711
10.98410 0.40972 13.05726
10.98710 0.40957 13.05741
10.99010 0.40942 13.05757
10.99310 0.40926 13.05772
10.99610 0.40911 13.05788
10.99910 0.40896 13.05803
11.00210 0.40880 13.05818
11.00510 0.40865 13.05834
11.00810 0.40850 13.05849
11.01110 0.40834 13.05864
11.01410 0.40819 13.05879
11.01710 0.40804 13.05895
11.02010 0.40788 13.05910
11.02310 0.40773 13.05925
11.02610 0.40758 13.05940
11.02910 0.40743 13.05956
11.03210 0.40727 13.05971
11.03510 0.40712 13.05986
11.03810 0.40697 13.06001
11.04110 0.40682 13.06017
11.04411 0.40667 13.06032
11.04711 0.40651 13.06047
11.05011 0.40636 13.06062
11.05311 0.40621 13.06077
11.05611 0.40606 13.06092
11.05911 0.40591 13.06108
11.06211 0.40576 13.06123
11.06511 0.40561 13.06138
11.06811 0.40545 13.06153
11.07111 0.40530 13.06168
11.07411 0.40515 13.06183
11.07711 0.40500 13.06198
11.08011 0.40485 13.06213
11.08311 0.40470 13.06228
11.08611 0.40455 13.06243
11.08911 0.40440 13.06259
11.09211 0.40425 13.06274
11.09511 0.40410 13.06289
11.09811 0.40395 13.06304
11.10111 0.40380 13.06319
11.10411 0.40365 13.06334
11.10711 0.40350 13.06349
11.11011 0.40335 13.06364
11.11311 0.40320 13.06379
11.11611 0.40305 13.06394
11.11911 0.40290 13.06409
11.12211 0.40275 13.06424
11.12511 0.40260 13.06438
11.12811 0.40245 13.06453
11.13111 0.40230 13.06468
11.13411 0.40215 13.06483
11.13711 0.40200 13.06498
11.14011 0.40185 13.06513
11.14311 0.40170 13.06528
11.14612 0.40156 13.06543
11.14912 0.40141 13.06558
11.15212 0.40126 13.06572
11.15512 0.40111 13.06587
11.15812 0.40096 13.06602
11.16112 0.40081 13.06617
11.16412 0.40067 13.06632
11.16712 0.40052 13.06647
11.17012 0.40037 13.06661
11.17312 0.40022 13.06676
11.17612 0.40007 13.06691
11.17912 0.39993 13.06706
11.18212 0.39978 13.06721
11.18512 0.39963 13.06735
11.18812 0.39948 13.06750
11.19112 0.39934 13.06765
11.19412 0.39919 13.06780
11.19712 0.39904 13.06794
11.20012 0.39889 13.06809
11.20312 0.39875 13.06824
11.20612 0.39860 13.06838
11.20912 0.39845 13.06853
11.21212 0.39831 13.06868
11.21512 0.39816 13.06882
11.21812 0.39801 13.06897
11.22112 0.39787 13.06912
11.22412 0.39772 13.06926
11.22712 0.39757 13.06941
11.23012 0.39743 13.06956
11.23312 0.39728 13.06970
11.23612 0.39714 13.06985
11.23912 0.39699 13.06999
11.24212 0.39684 13.07014
11.24513 0.39670 13.07029
11.24813 0.39655 13.07043
11.25113 0.39641 13.07058
11.25413 0.39626 13.07072
11.25713 0.39612 13.07087
11.26013 0.39597 13.07101
11.26313 0.39583 13.07116
11.26613 0.39568 13.07130
11.26913 0.39553 13.07145
11.27213 0.39539 13.07159
11.27513 0.39524 13.07174
11.27813 0.39510 13.07188
11.28113 0.39496 13.07203
11.28413 0.39481 13.07217
11.28713 0.39467 13.07232
11.29013 0.39452 13.07246
11.29313 0.39438 13.07261
11.29613 0.39423 13.07275
11.29913 0.39409 13.07289
11.30213 0.39394 13.07304
11.30513 0.39380 13.07318
11.30813 0.39366 13.07333
11.31113 0.39351 13.07347
11.31413 0.39337 13.07361
11.31713 0.39323 13.07376
11.32013 0.39308 13.07390
11.32313 0.39294 13.07405
11.32613 0.39280 13.07419
11.32913 0.39265 13.07433
11.33213 0.39251 13.07448
11.33513 0.39237 13.07462
11.33813 0.39222 13.07476
11.34113 0.39208 13.07490
11.34414 0.39194 13.07505
11.34714 0.39179 13.07519
11.35014 0.39165 13.07533
11.35314 0.39151 13.07548
11.35614 0.39137 13.07562
11.35914 0.39122 13.07576
11.36214 0.39108 13.07590
11.36514 0.39094 13.07604
11.36814 0.39080 13.07619
11.37114 0.39065 13.07633
11.37414 0.39051 13.07647
11.37714 0.39037 13.07661
11.38014 0.39023 13.07676
11.38314 0.39009 13.07690
11.38614 0.38995 13.07704
11.38914 0.38980 13.07718
11.39214 0.38966 13.07732
11.39514 0.38952 13.07746
11.39814 0.38938 13.07760
11.40114 0.38924 13.07775
11.40414 0.38910 13.07789
11.40714 0.38896 13.07803
11.41014 0.38882 13.07817
11.41314 0.38867 13.07831
11.41614 0.38853 13.07845
11.41914 0.38839 13.07859
11.42214 0.38825 13.07873
11.42514 0.38811 13.07887
11.42814 0.38797 13.07901
11.43114 0.38783 13.07915
11.43414 0.38769 13.07929
11.43714 0.38755 13.07943
11.44014 0.38741 13.07957
11.44314 0.38727 13.07971
11.44615 0.38713 13.07985
11.44915 0.38699 13.07999
11.45215 0.38685 13.08013
11.45515 0.38671 13.08027
11.45815 0.38657 13.08041
11.46115 0.38643 13.08055
11.46415 0.38629 13.08069
11.46715 0.38615 13.08083
11.47015 0.38601 13.08097
11.47315 0.38587 13.08111
11.47615 0.38573 13.08125
11.47915 0.38560 13.08139
11.48215 0.38546 13.08153
11.48515 0.38532 13.08167
11.48815 0.38518 13.08180
11.49115 0.38504 13.08194
11.49415 0.38490 13.08208
11.49715 0.38476 13.08222
11.50015 0.38462 13.08236
11.50315 0.38449 13.08250
11.50615 0.38435 13.08264
11.50915 0.38421 13.08277
11.51215 0.38407 13.08291
11.51515 0.38393 13.08305
11.51815 0.38380 13.08319
11.52115 0.38366 13.08333
11.52415 0.38352 13.08346
11.52715 0.38338 13.08360
11.53015 0.38324 13.08374
11.53315 0.38311 13.08388
11.53615 0.38297 13.08401
11.53915 0.38283 13.08415
11.54215 0.38270 13.08429
11.54516 0.38256 13.08443
11.54816 0.38242 13.08456
11.55116 0.38228 13.08470
11.55416 0.38215 13.08484
11.55716 0.38201 13.08497
11.56016 0.38187 13.08511
11.56316 0.38174 13.08525
11.56616 0.38160 13.08538
11.56916 0.38146 13.08552
11.57216 0.38133 13.08566
11.57516 0.38119 13.08579
11.57816 0.38105 13.08593
11.58116 0.38092 13.08607
11.58416 0.38078 13.08620
11.58716 0.38065 13.08634
11.59016 0.38051 13.08647
11.59316 0.38037 13.08661
11.59616 0.38024 13.08675
11.59916 0.38010 13.08688
11.60216 0.37997 13.08702
11.60516 0.37983 13.08715
11.60816 0.37969 13.08729
11.61116 0.37956 13.08742
11.61416 0.37942 13.08756
11.61716 0.37929 13.08770
11.62016 0.37915 13.08783
11.62316 0.37902 13.08797
11.62616 0.37888 13.08810
11.62916 0.37875 13.08824
11.63216 0.37861 13.08837
11.63516 0.37848 13.08851
11.63816 0.37834 13.08864
11.64116 0.37821 13.08877
11.64417 0.37807 13.08891
11.64717 0.37794 13.08904
11.65017 0.37781 13.08918
11.65317 0.37767 13.08931
11.65617 0.37754 13.08945
11.65917 0.37740 13.08958
11.66217 0.37727 13.08971
11.66517 0.37714 13.08985
11.66817 0.37700 13.08998
11.67117 0.37687 13.09012
11.67417 0.37673 13.09025
11.67717 0.37660 13.09038
11.68017 0.37647 13.09052
11.68317 0.37633 13.09065
11.68617 0.37620 13.09078
11.68917 0.37607 13.09092
11.69217 0.37593 13.09105
11.69517 0.37580 13.09118
11.69817 0.37567 13.09132
11.70117 0.37553 13.09145
11.70417 0.37540 13.09158
11.70717 0.37527 13.09172
11.71017 0.37513 13.09185
11.71317 0.37500 13.09198
11.71617 0.37487 13.09211
11.71917 0.37474 13.09225
11.72217 0.37460 13.09238
11.72517 0.37447 13.09251
11.72817 0.37434 13.09264
11.73117 0.37421 13.09278
11.73417 0.37408 13.09291
11.73717 0.37394 13.09304
11.74017 0.37381 13.09317
11.74317 0.37368 13.09331
11.74618 0.37355 13.09344
11.74918 0.37342 13.09357
11.75218 0.37328 13.09370
11.75518 0.37315 13.09383
11.75818 0.37302 13.09396
11.76118 0.37289 13.09410
11.76418 0.37276 13.09423
11.76718 0.37263 13.09436
11.77018 0.37249 13.09449
11.77318 0.37236 13.09462
11.77618 0.37223 13.09475
11.77918 0.37210 13.09488
11.78218 0.37197 13.09501
11.78518 0.37184 13.09514
11.78818 0.37171 13.09528
11.79118 0.37158 13.09541
11.79418 0.37145 13.09554
11.79718 0.37132 13.09567
11.80018 0.37119 13.09580
11.80318 0.37106 13.09593
11.80618 0.37093 13.09606
11.80918 0.37080 13.09619
11.81218 0.37067 13.09632
11.81518 0.37054 13.09645
11.81818 0.37040 13.09658
11.82118 0.37028 13.09671
11.82418 0.37015 13.09684
11.82718 0.37002 13.09697
11.83018 0.36989 13.09710
11.83318 0.36976 13.09723
11.83618 0.36963 13.09736
11.83918 0.36950 13.09749
11.84218 0.36937 13.09762
11.84519 0.36924 13.09775
11.84819 0.36911 13.09788
11.85119 0.36898 13.09800
11.85419 0.36885 13.09813
11.85719 0.36872 13.09826
11.86019 0.36859 13.09839
11.86319 0.36846 13.09852
11.86619 0.36833 13.09865
11.86919 0.36821 13.09878
11.87219 0.36808 13.09891
11.87519 0.36795 13.09904
11.87819 0.36782 13.09916
11.88119 0.36769 13.09929
11.88419 0.36756 13.09942
11.88719 0.36743 13.09955
11.89019 0.36731 13.09968
11.89319 0.36718 13.09981
11.89619 0.36705 13.09993
11.89919 0.36692 13.10006
11.90219 0.36679 13.10019
11.90519 0.36667 13.10032
11.90819 0.36654 13.10045
11.91119 0.36641 13.10057
11.91419 0.36628 13.10070
11.91719 0.36616 13.10083
11.92019 0.36603 13.10096
11.92319 0.36590 13.10108
11.92619 0.36577 13.10121
11.92919 0.36565 13.10134
11.93219 0.36552 13.10146
11.93519 0.36539 13.10159
11.93819 0.36527 13.10172
11.94119 0.36514 13.10185
11.94420 0.36501 13.10197
11.94720 0.36488 13.10210
11.95020 0.36476 13.10223
11.95320 0.36463 13.10235
11.95620 0.36450 13.10248
11.95920 0.36438 13.10261
11.96220 0.36425 13.10273
11.96520 0.36413 13.10286
11.96820 0.36400 13.10299
11.97120 0.36387 13.10311
11.97420 0.36375 13.10324
11.97720 0.36362 13.10336
11.98020 0.36349 13.10349
11.98320 0.36337 13.10362
11.98620 0.36324 13.10374
11.98920 0.36312 13.10387
11.99220 0.36299 13.10399
11.99520 0.36287 13.10412
11.99820 0.36274 13.10424
12.00120 0.36261 13.10437
12.00420 0.36249 13.10450
12.00720 0.36236 13.10462
12.01020 0.36224 13.10475
12.01320 0.36211 13.10487
12.01620 0.36199 13.10500
12.01920 0.36186 13.10512
12.02220 0.36174 13.10525
12.02520 0.36161 13.10537
12.02820 0.36149 13.10550
12.03120 0.36136 13.10562
12.03420 0.36124 13.10575
12.03720 0.36111 13.10587
12.04020 0.36099 13.10599
12.04320 0.36086 13.10612
12.04621 0.36074 13.10624
12.04921 0.36062 13.10637
12.05221 0.36049 13.10649
12.05521 0.36037 13.10662
12.05821 0.36024 13.10674
12.06121 0.36012 13.10687
12.06421 0.35999 13.10699
12.06721 0.35987 13.10711
12.07021 0.35975 13.10724
12.07321 0.35962 13.10736
12.07621 0.35950 13.10748
12.07921 0.35938 13.10761
12.08221 0.35925 13.10773
12.08521 0.35913 13.10786
12.08821 0.35901 13.10798
12.09121 0.35888 13.10810
12.09421 0.35876 13.10823
12.09721 0.35864 13.10835
12.10021 0.35851 13.10847
12.10321 0.35839 13.10859
12.10621 0.35827 13.10872
12.10921 0.35814 13.10884
12.11221 0.35802 13.10896
12.11521 0.35790 13.10909
12.11821 0.35777 13.10921
12.12121 0.35765 13.10933
12.12421 0.35753 13.10945
12.12721 0.35741 13.10958
12.13021 0.35728 13.10970
12.13321 0.35716 13.10982
12.13621 0.35704 13.10994
12.13921 0.35692 13.11007
12.14221 0.35680 13.11019
12.14522 0.35667 13.11031
12.14822 0.35655 13.11043
12.15122 0.35643 13.11055
12.15422 0.35631 13.11068
12.15722 0.35619 13.11080
12.16022 0.35606 13.11092
12.16322 0.35594 13.11104
12.16622 0.35582 13.11116
12.16922 0.35570 13.11128
12.17222 0.35558 13.11141
12.17522 0.35546 13.11153
12.17822 0.35533 13.11165
12.18122 0.35521 13.11177
12.18422 0.35509 13.11189
12.18722 0.35497 13.11201
12.19022 0.35485 13.11213
12.19322 0.35473 13.11225
12.19622 0.35461 13.11238
12.19922 0.35449 13.11250
12.20222 0.35437 13.11262
12.20522 0.35425 13.11274
12.20822 0.35413 13.11286
12.21122 0.35400 13.11298
12.21422 0.35388 13.11310
12.21722 0.35376 13.11322
12.22022 0.35364 13.11334
12.22322 0.35352 13.11346
12.22622 0.35340 13.11358
12.22922 0.35328 13.11370
12.23222 0.35316 13.11382
12.23522 0.35304 13.11394
12.23822 0.35292 13.11406
12.24122 0.35280 13.11418
12.24423 0.35268 13.11430
12.24723 0.35256 13.11442
12.25023 0.35244 13.11454
12.25323 0.35232 13.11466
12.25623 0.35220 13.11478
12.25923 0.35208 13.11490
12.26223 0.35197 13.11502
12.26523 0.35185 13.11514
12.26823 0.35173 13.11526
12.27123 0.35161 13.11538
12.27423 0.35149 13.11550
12.27723 0.35137 13.11561
12.28023 0.35125 13.11573
12.28323 0.35113 13.11585
12.28623 0.35101 13.11597
12.28923 0.35089 13.11609
12.29223 0.35077 13.11621
12.29523 0.35066 13.11633
12.29823 0.35054 13.11645
12.30123 0.35042 13.11657
12.30423 0.35030 13.11668
12.30723 0.35018 13.11680
12.31023 0.35006 13.11692
12.31323 0.34995 13.11704
12.31623 0.34983 13.11716
12.31923 0.34971 13.11728
12.32223 0.34959 13.11739
12.32523 0.34947 13.11751
12.32823 0.34935 13.11763
12.33123 0.34924 13.11775
12.33423 0.34912 13.11787
12.33723 0.34900 13.11798
12.34023 0.34888 13.11810
12.34323 0.34877 13.11822
12.34624 0.34865 13.11834
12.34924 0.34853 13.11845
12.35224 0.34841 13.11857
12.35524 0.34830 13.11869
12.35824 0.34818 13.11881
12.36124 0.34806 13.11892
12.36424 0.34794 13.11904
12.36724 0.34783 13.11916
12.37024 0.34771 13.11927
12.37324 0.34759 13.11939
12.37624 0.34748 13.11951
12.37924 0.34736 13.11962
12.38224 0.34724 13.11974
12.38524 0.34713 13.11986
12.38824 0.34701 13.11997
12.39124 0.34689 13.12009
12.39424 0.34678 13.12021
12.39724 0.34666 13.12032
12.40024 0.34654 13.12044
12.40324 0.34643 13.12056
12.40624 0.34631 13.12067
12.40924 0.34619 13.12079
12.41224 0.34608 13.12091
12.41524 0.34596 13.12102
12.41824 0.34585 13.12114
12.42124 0.34573 13.12125
12.42424 0.34561 13.12137
12.42724 0.34550 13.12149
12.43024 0.34538 13.12160
12.43324 0.34527 13.12172
12.43624 0.34515 13.12183
12.43924 0.34504 13.12195
12.44224 0.34492 13.12206
12.44525 0.34481 13.12218
12.44825 0.34469 13.12229
12.45125 0.34457 13.12241
12.45425 0.34446 13.12252
12.45725 0.34434 13.12264
12.46025 0.34423 13.12275
12.46325 0.34411 13.12287
12.46625 0.34400 13.12298
12.46925 0.34388 13.12310
12.47225 0.34377 13.12321
12.47525 0.34365 13.12333
12.47825 0.34354 13.12344
12.48125 0.34343 13.12356
12.48425 0.34331 13.12367
12.48725 0.34320 13.12379
12.49025 0.34308 13.12390
12.49325 0.34297 13.12402
12.49625 0.34285 13.12413
12.49925 0.34274 13.12424
12.50225 0.34262 13.12436
12.50525 0.34251 13.12447
12.50825 0.34240 13.12459
12.51125 0.34228 13.12470
12.51425 0.34217 13.12482
12.51725 0.34205 13.12493
12.52025 0.34194 13.12504
12.52325 0.34183 13.12516
12.52625 0.34171 13.12527
12.52925 0.34160 13.12538
12.53225 0.34149 13.12550
12.53525 0.34137 13.12561
12.53825 0.34126 13.12572
12.54125 0.34115 13.12584
12.54426 0.34103 13.12595
12.54726 0.34092 13.12606
12.55026 0.34081 13.12618
12.55326 0.34069 13.12629
12.55626 0.34058 13.12640
12.55926 0.34047 13.12652
12.56226 0.34035 13.12663
12.56526 0.34024 13.12674
12.56826 0.34013 13.12686
12.57126 0.34002 13.12697
12.57426 0.33990 13.12708
12.57726 0.33979 13.12719
12.58026 0.33968 13.12731
12.58326 0.33957 13.12742
12.58626 0.33945 13.12753
12.58926 0.33934 13.12764
12.59226 0.33923 13.12776
12.59526 0.33912 13.12787
12.59826 0.33900 13.12798
12.60126 0.33889 13.12809
12.60426 0.33878 13.12820
12.60726 0.33867 13.12832
12.61026 0.33856 13.12843
12.61326 0.33844 13.12854
12.61626 0.33833 13.12865
12.61926 0.33822 13.12876
12.62226 0.33811 13.12888
12.62526 0.33800 13.12899
12.62826 0.33789 13.12910
12.63126 0.33777 13.12921
12.63426 0.33766 13.12932
12.63726 0.33755 13.12943
12.64026 0.33744 13.12954
12.64326 0.33733 13.12966
12.64627 0.33722 13.12977
12.64927 0.33711 13.12988
12.65227 0.33699 13.12999
12.65527 0.33688 13.13010
12.65827 0.33677 13.13021
12.66127 0.33666 13.13032
12.66427 0.33655 13.13043
12.66727 0.33644 13.13054
12.67027 0.33633 13.13065
12.67327 0.33622 13.13077
12.67627 0.33611 13.13088
12.67927 0.33600 13.13099
12.68227 0.33589 13.13110
12.68527 0.33578 13.13121
12.68827 0.33567 13.13132
12.69127 0.33556 13.13143
12.69427 0.33545 13.13154
12.69727 0.33534 13.13165
12.70027 0.33523 13.13176
12.70327 0.33512 13.13187
12.70627 0.33501 13.13198
12.70927 0.33490 13.13209
12.71227 0.33479 13.13220
12.71527 0.33468 13.13231
12.71827 0.33457 13.13242
12.72127 0.33446 13.13253
12.72427 0.33435 13.13264
12.72727 0.33424 13.13275
12.73027 0.33413 13.13286
12.73327 0.33402 13.13297
12.73627 0.33391 13.13307
12.73927 0.33380 13.13318
12.74227 0.33369 13.13329
12.74528 0.33358 13.13340
12.74828 0.33347 13.13351
12.75128 0.33336 13.13362
12.75428 0.33325 13.13373
12.75728 0.33314 13.13384
12.76028 0.33304 13.13395
12.76328 0.33293 13.13406
12.76628 0.33282 13.13417
12.76928 0.33271 13.13427
12.77228 0.33260 13.13438
12.77528 0.33249 13.13449
12.77828 0.33238 13.13460
12.78128 0.33228 13.13471
12.78428 0.33217 13.13482
12.78728 0.33206 13.13493
12.79028 0.33195 13.13503
12.79328 0.33184 13.13514
12.79628 0.33173 13.13525
12.79928 0.33163 13.13536
12.80228 0.33152 13.13547
12.80528 0.33141 13.13557
12.80828 0.33130 13.13568
12.81128 0.33119 13.13579
12.81428 0.33109 13.13590
12.81728 0.33098 13.13601
12.82028 0.33087 13.13611
12.82328 0.33076 13.13622
12.82628 0.33065 13.13633
12.82928 0.33055 13.13644
12.83228 0.33044 13.13654
12.83528 0.33033 13.13665
12.83828 0.33022 13.13676
12.84128 0.33012 13.13687
12.84429 0.33001 13.13697
12.84729 0.32990 13.13708
12.85029 0.32980 13.13719
12.85329 0.32969 13.13730
12.85629 0.32958 13.13740
12.85929 0.32947 13.13751
12.86229 0.32937 13.13762
12.86529 0.32926 13.13772
12.86829 0.32915 13.13783
12.87129 0.32905 13.13794
12.87429 0.32894 13.13804
12.87729 0.32883 13.13815
12.88029 0.32873 13.13826
12.88329 0.32862 13.13836
12.88629 0.32851 13.13847
12.88929 0.32841 13.13858
12.89229 0.32830 13.13868
12.89529 0.32820 13.13879
12.89829 0.32809 13.13889
12.90129 0.32798 13.13900
12.90429 0.32788 13.13911
12.90729 0.32777 13.13921
12.91029 0.32766 13.13932
12.91329 0.32756 13.13943
12.91629 0.32745 13.13953
12.91929 0.32735 13.13964
12.92229 0.32724 13.13974
12.92529 0.32714 13.13985
12.92829 0.32703 13.13995
12.93129 0.32692 13.14006
12.93429 0.32682 13.14017
12.93729 0.32671 13.14027
12.94029 0.32661 13.14038
12.94329 0.32650 13.14048
12.94630 0.32640 13.14059
12.94930 0.32629 13.14069
12.95230 0.32619 13.14080
12.95530 0.32608 13.14090
12.95830 0.32598 13.14101
12.96130 0.32587 13.14111
12.96430 0.32577 13.14122
12.96730 0.32566 13.14132
12.97030 0.32556 13.14143
12.97330 0.32545 13.14153
12.97630 0.32535 13.14164
12.97930 0.32524 13.14174
12.98230 0.32514 13.14185
12.98530 0.32503 13.14195
12.98830 0.32493 13.14206
12.99130 0.32482 13.14216
12.99430 0.32472 13.14226
12.99730 0.32462 13.14237
13.00030 0.32451 13.14247
13.00330 0.32441 13.14258
13.00630 0.32430 13.14268
13.00930 0.32420 13.14279
13.01230 0.32409 13.14289
13.01530 0.32399 13.14299
13.01830 0.32389 13.14310
13.02130 0.32378 13.14320
13.02430 0.32368 13.14331
13.02730 0.32357 13.14341
13.03030 0.32347 13.14351
13.03330 0.32337 13.14362
13.03630 0.32326 13.14372
13.03930 0.32316 13.14382
13.04230 0.32306 13.14393
13.04531 0.32295 13.14403
13.04831 0.32285 13.14413
13.05131 0.32275 13.14424
13.05431 0.32264 13.14434
13.05731 0.32254 13.14444
13.06031 0.32244 13.14455
13.06331 0.32233 13.14465
13.06631 0.32223 13.14475
13.06931 0.32213 13.14486
13.07231 0.32202 13.14496
13.07531 0.32192 13.14506
13.07831 0.32182 13.14517
13.08131 0.32172 13.14527
13.08431 0.32161 13.14537
13.08731 0.32151 13.14547
13.09031 0.32141 13.14558
13.09331 0.32130 13.14568
13.09631 0.32120 13.14578
13.09931 0.32110 13.14588
13.10231 0.32100 13.14599
13.10531 0.32089 13.14609
13.10831 0.32079 13.14619
13.11131 0.32069 13.14629
13.11431 0.32059 13.14640
13.11731 0.32049 13.14650
13.12031 0.32038 13.14660
13.12331 0.32028 13.14670
13.12631 0.32018 13.14680
13.12931 0.32008 13.14691
13.13231 0.31998 13.14701
13.13531 0.31987 13.14711
13.13831 0.31977 13.14721
13.14131 0.31967 13.14731
13.14431 0.31957 13.14742
13.14732 0.31947 13.14752
13.15032 0.31937 13.14762
13.15332 0.31926 13.14772
13.15632 0.31916 13.14782
13.15932 0.31906 13.14792
13.16232 0.31896 13.14802
13.16532 0.31886 13.14813
13.16832 0.31876 13.14823
13.17132 0.31866 13.14833
13.17432 0.31855 13.14843
13.17732 0.31845 13.14853
13.18032 0.31835 13.14863
13.18332 0.31825 13.14873
13.18632 0.31815 13.14883
13.18932 0.31805 13.14893
13.19232 0.31795 13.14903
13.19532 0.31785 13.14914
13.19832 0.31775 13.14924
13.20132 0.31765 13.14934
13.20432 0.31755 13.14944
13.20732 0.31745 13.14954
13.21032 0.31735 13.14964
13.21332 0.31724 13.14974
13.21632 0.31714 13.14984
13.21932 0.31704 13.14994
13.22232 0.31694 13.15004
13.22532 0.31684 13.15014
13.22832 0.31674 13.15024
13.23132 0.31664 13.15034
13.23432 0.31654 13.15044
13.23732 0.31644 13.15054
13.24032 0.31634 13.15064
13.24332 0.31624 13.15074
13.24633 0.31614 13.15084
13.24933 0.31604 13.15094
13.25233 0.31594 13.15104
13.25533 0.31584 13.15114
13.25833 0.31574 13.15124
13.26133 0.31564 13.15134
13.26433 0.31555 13.15144
13.26733 0.31545 13.15154
13.27033 0.31535 13.15164
13.27333 0.31525 13.15174
13.27633 0.31515 13.15184
13.27933 0.31505 13.15194
13.28233 0.31495 13.15204
13.28533 0.31485 13.15213
13.28833 0.31475 13.15223
13.29133 0.31465 13.15233
13.29433 0.31455 13.15243
13.29733 0.31445 13.15253
13.30033 0.31435 13.15263
13.30333 0.31426 13.15273
13.30633 0.31416 13.15283
13.30933 0.31406 13.15293
13.31233 0.31396 13.15302
13.31533 0.31386 13.15312
13.31833 0.31376 13.15322
13.32133 0.31366 13.15332
13.32433 0.31357 13.15342
13.32733 0.31347 13.15352
13.33033 0.31337 13.15362
13.33333 0.31327 13.15371
13.33633 0.31317 13.15381
13.33933 0.31307 13.15391
13.34233 0.31297 13.15401
13.34534 0.31288 13.15411
13.34834 0.31278 13.15421
13.35134 0.31268 13.15430
13.35434 0.31258 13.15440
13.35734 0.31248 13.15450
13.36034 0.31239 13.15460
13.36334 0.31229 13.15469
13.36634 0.31219 13.15479
13.36934 0.31209 13.15489
13.37234 0.31200 13.15499
13.37534 0.31190 13.15509
13.37834 0.31180 13.15518
13.38134 0.31170 13.15528
13.38434 0.31161 13.15538
13.38734 0.31151 13.15548
13.39034 0.31141 13.15557
13.39334 0.31131 13.15567
13.39634 0.31122 13.15577
13.39934 0.31112 13.15587
13.40234 0.31102 13.15596
13.40534 0.31092 13.15606
13.40834 0.31083 13.15616
13.41134 0.31073 13.15625
13.41434 0.31063 13.15635
13.41734 0.31054 13.15645
13.42034 0.31044 13.15654
13.42334 0.31034 13.15664
13.42634 0.31025 13.15674
13.42934 0.31015 13.15683
13.43234 0.31005 13.15693
13.43534 0.30996 13.15703
13.43834 0.30986 13.15712
13.44134 0.30976 13.15722
13.44434 0.30967 13.15732
13.44735 0.30957 13.15741
13.45035 0.30947 13.15751
13.45335 0.30938 13.15761
13.45635 0.30928 13.15770
13.45935 0.30918 13.15780
13.46235 0.30909 13.15790
13.46535 0.30899 13.15799
13.46835 0.30890 13.15809
13.47135 0.30880 13.15818
13.47435 0.30870 13.15828
13.47735 0.30861 13.15838
13.48035 0.30851 13.15847
13.48335 0.30842 13.15857
13.48635 0.30832 13.15866
13.48935 0.30822 13.15876
13.49235 0.30813 13.15885
13.49535 0.30803 13.15895
13.49835 0.30794 13.15905
13.50135 0.30784 13.15914
13.50435 0.30775 13.15924
13.50735 0.30765 13.15933
13.51035 0.30756 13.15943
13.51335 0.30746 13.15952
13.51635 0.30737 13.15962
13.51935 0.30727 13.15971
13.52235 0.30718 13.15981
13.52535 0.30708 13.15990
13.52835 0.30698 13.16000
13.53135 0.30689 13.16009
13.53435 0.30679 13.16019
13.53735 0.30670 13.16028
13.54035 0.30660 13.16038
13.54335 0.30651 13.16047
13.54636 0.30642 13.16057
13.54936 0.30632 13.16066
13.55236 0.30623 13.16076
13.55536 0.30613 13.16085
13.55836 0.30604 13.16095
13.56136 0.30594 13.16104
13.56436 0.30585 13.16114
13.56736 0.30575 13.16123
13.57036 0.30566 13.16133
13.57336 0.30556 13.16142
13.57636 0.30547 13.16151
13.57936 0.30538 13.16161
13.58236 0.30528 13.16170
13.58536 0.30519 13.16180
13.58836 0.30509 13.16189
13.59136 0.30500 13.16198
13.59436 0.30491 13.16208
13.59736 0.30481 13.16217
13.60036 0.30472 13.16227
13.60336 0.30462 13.16236
13.60636 0.30453 13.16245
13.60936 0.30444 13.16255
13.61236 0.30434 13.16264
13.61536 0.30425 13.16274
13.61836 0.30415 13.16283
13.62136 0.30406 13.16292
13.62436 0.30397 13.16302
13.62736 0.30387 13.16311
13.63036 0.30378 13.16320
13.63336 0.30369 13.16330
13.63636 0.30359 13.16339
13.63936 0.30350 13.16348
13.64236 0.30341 13.16358
13.64537 0.30331 13.16367
13.64837 0.30322 13.16376
13.65137 0.30313 13.16386
13.65437 0.30303 13.16395
13.65737 0.30294 13.16404
13.66037 0.30285 13.16414
13.66337 0.30276 13.16423
13.66637 0.30266 13.16432
13.66937 0.30257 13.16441
13.67237 0.30248 13.16451
13.67537 0.30238 13.16460
13.67837 0.30229 13.16469
13.68137 0.30220 13.16478
13.68437 0.30211 13.16488
13.68737 0.30201 13.16497
13.69037 0.30192 13.16506
13.69337 0.30183 13.16515
13.69637 0.30174 13.16525
13.69937 0.30164 13.16534
13.70237 0.30155 13.16543
13.70537 0.30146 13.16552
13.70837 0.30137 13.16562
13.71137 0.30128 13.16571
13.71437 0.30118 13.16580
13.71737 0.30109 13.16589
13.72037 0.30100 13.16598
13.72337 0.30091 13.16608
13.72637 0.30082 13.16617
13.72937 0.30072 13.16626
13.73237 0.30063 13.16635
13.73537 0.30054 13.16644
13.73837 0.30045 13.16654
13.74137 0.30036 13.16663
13.74437 0.30026 13.16672
13.74738 0.30017 13.16681
13.75038 0.30008 13.16690
13.75338 0.29999 13.16699
13.75638 0.29990 13.16709
13.75938 0.29981 13.16718
13.76238 0.29972 13.16727
13.76538 0.29962 13.16736
13.76838 0.29953 13.16745
13.77138 0.29944 13.16754
13.77438 0.29935 13.16763
13.77738 0.29926 13.16772
13.78038 0.29917 13.16782
13.78338 0.29908 13.16791
13.78638 0.29899 13.16800
13.78938 0.29890 13.16809
13.79238 0.29880 13.16818
13.79538 0.29871 13.16827
13.79838 0.29862 13.16836
13.80138 0.29853 13.16845
13.80438 0.29844 13.16854
13.80738 0.29835 13.16863
13.81038 0.29826 13.16872
13.81338 0.29817 13.16881
13.81638 0.29808 13.16890
13.81938 0.29799 13.16900
13.82238 0.29790 13.16909
13.82538 0.29781 13.16918
13.82838 0.29772 13.16927
13.83138 0.29763 13.16936
13.83438 0.29754 13.16945
13.83738 0.29745 13.16954
13.84038 0.29736 13.16963
13.84338 0.29727 13.16972
13.84639 0.29718 13.16981
13.84939 0.29709 13.16990
13.85239 0.29700 13.16999
13.85539 0.29691 13.17008
13.85839 0.29682 13.17017
13.86139 0.29673 13.17026
13.86439 0.29664 13.17035
13.86739 0.29655 13.17044
13.87039 0.29646 13.17053
13.87339 0.29637 13.17062
13.87639 0.29628 13.17071
13.87939 0.29619 13.17080
13.88239 0.29610 13.17089
13.88539 0.29601 13.17097
13.88839 0.29592 13.17106
13.89139 0.29583 13.17115
13.89439 0.29574 13.17124
13.89739 0.29565 13.17133
13.90039 0.29556 13.17142
13.90339 0.29547 13.17151
13.90639 0.29538 13.17160
13.90939 0.29529 13.17169
13.91239 0.29521 13.17178
13.91539 0.29512 13.17187
13.91839 0.29503 13.17196
13.92139 0.29494 13.17205
13.92439 0.29485 13.17213
13.92739 0.29476 13.17222
13.93039 0.29467 13.17231
13.93339 0.29458 13.17240
13.93639 0.29449 13.17249
13.93939 0.29441 13.17258
13.94239 0.29432 13.17267
13.94540 0.29423 13.17276
13.94840 0.29414 13.17284
13.95140 0.29405 13.17293
13.95440 0.29396 13.17302
13.95740 0.29387 13.17311
13.96040 0.29379 13.17320
13.96340 0.29370 13.17329
13.96640 0.29361 13.17337
13.96940 0.29352 13.17346
13.97240 0.29343 13.17355
13.97540 0.29335 13.17364
13.97840 0.29326 13.17373
13.98140 0.29317 13.17382
13.98440 0.29308 13.17390
13.98740 0.29299 13.17399
13.99040 0.29290 13.17408
13.99340 0.29282 13.17417
13.99640 0.29273 13.17425
13.99940 0.29264 13.17434
14.00240 0.29255 13.17443
14.00540 0.29247 13.17452
14.00840 0.29238 13.17461
14.01140 0.29229 13.17469
14.01440 0.29220 13.17478
14.01740 0.29212 13.17487
14.02040 0.29203 13.17496
14.02340 0.29194 13.17504
14.02640 0.29185 13.17513
14.02940 0.29177 13.17522
14.03240 0.29168 13.17531
14.03540 0.29159 13.17539
14.03840 0.29150 13.17548
14.04140 0.29142 13.17557
14.04440 0.29133 13.17565
14.04741 0.29124 13.17574
14.05041 0.29116 13.17583
14.05341 0.29107 13.17592
14.05641 0.29098 13.17600
14.05941 0.29089 13.17609
14.06241 0.29081 13.17618
14.06541 0.29072 13.17626
14.06841 0.29063 13.17635
14.07141 0.29055 13.17644
14.07441 0.29046 13.17652
14.07741 0.29037 13.17661
14.08041 0.29029 13.17670
14.08341 0.29020 13.17678
14.08641 0.29011 13.17687
14.08941 0.29003 13.17696
14.09241 0.28994 13.17704
14.09541 0.28985 13.17713
14.09841 0.28977 13.17722
14.10141 0.28968 13.17730
14.10441 0.28960 13.17739
14.10741 0.28951 13.17747
14.11041 0.28942 13.17756
14.11341 0.28934 13.17765
14.11641 0.28925 13.17773
14.11941 0.28916 13.17782
14.12241 0.28908 13.17791
14.12541 0.28899 13.17799
14.12841 0.28891 13.17808
14.13141 0.28882 13.17816
14.13441 0.28874 13.17825
14.13741 0.28865 13.17833
14.14041 0.28856 13.17842
14.14341 0.28848 13.17851
14.14642 0.28839 13.17859
14.14942 0.28831 13.17868
14.15242 0.28822 13.17876
14.15542 0.28814 13.17885
14.15842 0.28805 13.17893
14.16142 0.28796 13.17902
14.16442 0.28788 13.17911
14.16742 0.28779 13.17919
14.17042 0.28771 13.17928
14.17342 0.28762 13.17936
14.17642 0.28754 13.17945
14.17942 0.28745 13.17953
14.18242 0.28737 13.17962
14.18542 0.28728 13.17970
14.18842 0.28720 13.17979
14.19142 0.28711 13.17987
14.19442 0.28703 13.17996
14.19742 0.28694 13.18004
14.20042 0.28686 13.18013
14.20342 0.28677 13.18021
14.20642 0.28669 13.18030
14.20942 0.28660 13.18038
14.21242 0.28652 13.18047
14.21542 0.28643 13.18055
14.21842 0.28635 13.18064
14.22142 0.28626 13.18072
14.22442 0.28618 13.18081
14.22742 0.28609 13.18089
14.23042 0.28601 13.18097
14.23342 0.28593 13.18106
14.23642 0.28584 13.18114
14.23942 0.28576 13.18123
14.24242 0.28567 13.18131
14.24543 0.28559 13.18140
14.24843 0.28550 13.18148
14.25143 0.28542 13.18156
14.25443 0.28534 13.18165
14.25743 0.28525 13.18173
14.26043 0.28517 13.18182
14.26343 0.28508 13.18190
14.26643 0.28500 13.18199
14.26943 0.28491 13.18207
14.27243 0.28483 13.18215
14.27543 0.28475 13.18224
14.27843 0.28466 13.18232
14.28143 0.28458 13.18240
14.28443 0.28450 13.18249
14.28743 0.28441 13.18257
14.29043 0.28433 13.18266
14.29343 0.28424 13.18274
14.29643 0.28416 13.18282
14.29943 0.28408 13.18291
14.30243 0.28399 13.18299
14.30543 0.28391 13.18307
14.30843 0.28383 13.18316
14.31143 0.28374 13.18324
14.31443 0.28366 13.18332
14.31743 0.28358 13.18341
14.32043 0.28349 13.18349
14.32343 0.28341 13.18357
14.32643 0.28333 13.18366
14.32943 0.28324 13.18374
14.33243 0.28316 13.18382
14.33543 0.28308 13.18391
14.33843 0.28299 13.18399
14.34143 0.28291 13.18407
14.34443 0.28283 13.18416
14.34744 0.28275 13.18424
14.35044 0.28266 13.18432
14.35344 0.28258 13.18440
14.35644 0.28250 13.18449
14.35944 0.28241 13.18457
14.36244 0.28233 13.18465
14.36544 0.28225 13.18473
14.36844 0.28217 13.18482
14.37144 0.28208 13.18490
14.37444 0.28200 13.18498
14.37744 0.28192 13.18507
14.38044 0.28184 13.18515
14.38344 0.28175 13.18523
14.38644 0.28167 13.18531
14.38944 0.28159 13.18539
14.39244 0.28151 13.18548
14.39544 0.28142 13.18556
14.39844 0.28134 13.18564
14.40144 0.28126 13.18572
14.40444 0.28118 13.18581
14.40744 0.28110 13.18589
14.41044 0.28101 13.18597
14.41344 0.28093 13.18605
14.41644 0.28085 13.18613
14.41944 0.28077 13.18622
14.42244 0.28069 13.18630
14.42544 0.28060 13.18638
14.42844 0.28052 13.18646
14.43144 0.28044 13.18654
14.43444 0.28036 13.18663
14.43744 0.28028 13.18671
14.44044 0.28020 13.18679
14.44344 0.28011 13.18687
14.44645 0.28003 13.18695
14.44945 0.27995 13.18703
14.45245 0.27987 13.18711
14.45545 0.27979 13.18720
14.45845 0.27971 13.18728
14.46145 0.27962 13.18736
14.46445 0.27954 13.18744
14.46745 0.27946 13.18752
14.47045 0.27938 13.18760
14.47345 0.27930 13.18768
14.47645 0.27922 13.18777
14.47945 0.27914 13.18785
14.48245 0.27906 13.18793
14.48545 0.27898 13.18801
14.48845 0.27889 13.18809
14.49145 0.27881 13.18817
14.49445 0.27873 13.18825
14.49745 0.27865 13.18833
14.50045 0.27857 13.18841
14.50345 0.27849 13.18849
14.50645 0.27841 13.18858
14.50945 0.27833 13.18866
14.51245 0.27825 13.18874
14.51545 0.27817 13.18882
14.51845 0.27809 13.18890
14.52145 0.27801 13.18898
14.52445 0.27792 13.18906
14.52745 0.27784 13.18914
14.53045 0.27776 13.18922
14.53345 0.27768 13.18930
14.53645 0.27760 13.18938
14.53945 0.27752 13.18946
14.54245 0.27744 13.18954
14.54546 0.27736 13.18962
14.54846 0.27728 13.18970
14.55146 0.27720 13.18978
14.55446 0.27712 13.18986
14.55746 0.27704 13.18994
14.56046 0.27696 13.19002
14.56346 0.27688 13.19010
14.56646 0.27680 13.19018
14.56946 0.27672 13.19026
14.57246 0.27664 13.19034
14.57546 0.27656 13.19042
14.57846 0.27648 13.19050
14.58146 0.27640 13.19058
14.58446 0.27632 13.19066
14.58746 0.27624 13.19074
14.59046 0.27616 13.19082
14.59346 0.27608 13.19090
14.59646 0.27600 13.19098
14.59946 0.27592 13.19106
14.60246 0.27584 13.19114
14.60546 0.27576 13.19122
14.60846 0.27568 13.19130
14.61146 0.27560 13.19138
14.61446 0.27553 13.19146
14.61746 0.27545 13.19154
14.62046 0.27537 13.19162
14.62346 0.27529 13.19170
14.62646 0.27521 13.19178
14.62946 0.27513 13.19185
14.63246 0.27505 13.19193
14.63546 0.27497 13.19201
14.63846 0.27489 13.19209
14.64146 0.27481 13.19217
14.64446 0.27473 13.19225
14.64747 0.27465 13.19233
14.65047 0.27458 13.19241
14.65347 0.27450 13.19249
14.65647 0.27442 13.19257
14.65947 0.27434 13.19265
14.66247 0.27426 13.19272
14.66547 0.27418 13.19280
14.66847 0.27410 13.19288
14.67147 0.27402 13.19296
14.67447 0.27395 13.19304
14.67747 0.27387 13.19312
14.68047 0.27379 13.19320
14.68347 0.27371 13.19327
14.68647 0.27363 13.19335
14.68947 0.27355 13.19343
14.69247 0.27347 13.19351
14.69547 0.27340 13.19359
14.69847 0.27332 13.19367
14.70147 0.27324 13.19375
14.70447 0.27316 13.19382
14.70747 0.27308 13.19390
14.71047 0.27300 13.19398
14.71347 0.27293 13.19406
14.71647 0.27285 13.19414
14.71947 0.27277 13.19421
14.72247 0.27269 13.19429
14.72547 0.27261 13.19437
14.72847 0.27254 13.19445
14.73147 0.27246 13.19453
14.73447 0.27238 13.19460
14.73747 0.27230 13.19468
14.74047 0.27222 13.19476
14.74347 0.27215 13.19484
14.74648 0.27207 13.19492
14.74948 0.27199 13.19499
14.75248 0.27191 13.19507
14.75548 0.27184 13.19515
14.75848 0.27176 13.19523
14.76148 0.27168 13.19530
14.76448 0.27160 13.19538
14.76748 0.27153 13.19546
14.77048 0.27145 13.19554
14.77348 0.27137 13.19561
14.77648 0.27129 13.19569
14.77948 0.27122 13.19577
14.78248 0.27114 13.19585
14.78548 0.27106 13.19592
14.78848 0.27098 13.19600
14.79148 0.27091 13.19608
14.79448 0.27083 13.19615
14.79748 0.27075 13.19623
14.80048 0.27068 13.19631
14.80348 0.27060 13.19639
14.80648 0.27052 13.19646
14.80948 0.27044 13.19654
14.81248 0.27037 13.19662
14.81548 0.27029 13.19669
14.81848 0.27021 13.19677
14.82148 0.27014 13.19685
14.82448 0.27006 13.19692
14.82748 0.26998 13.19700
14.83048 0.26991 13.19708
14.83348 0.26983 13.19715
14.83648 0.26975 13.19723
14.83948 0.26968 13.19731
14.84248 0.26960 13.19738
14.84549 0.26952 13.19746
14.84849 0.26945 13.19754
14.85149 0.26937 13.19761
14.85449 0.26929 13.19769
14.85749 0.26922 13.19777
14.86049 0.26914 13.19784
14.86349 0.26906 13.19792
14.86649 0.26899 13.19800
14.86949 0.26891 13.19807
14.87249 0.26884 13.19815
14.87549 0.26876 13.19822
14.87849 0.26868 13.19830
14.88149 0.26861 13.19838
14.88449 0.26853 13.19845
14.88749 0.26846 13.19853
14.89049 0.26838 13.19860
14.89349 0.26830 13.19868
14.89649 0.26823 13.19876
14.89949 0.26815 13.19883
14.90249 0.26808 13.19891
14.90549 0.26800 13.19898
14.90849 0.26792 13.19906
14.91149 0.26785 13.19914
14.91449 0.26777 13.19921
14.91749 0.26770 13.19929
14.92049 0.26762 13.19936
14.92349 0.26755 13.19944
14.92649 0.26747 13.19951
14.92949 0.26739 13.19959
14.93249 0.26732 13.19967
14.93549 0.26724 13.19974
14.93849 0.26717 13.19982
14.94149 0.26709 13.19989
14.94449 0.26702 13.19997
14.94750 0.26694 13.20004
14.95050 0.26687 13.20012
14.95350 0.26679 13.20019
14.95650 0.26672 13.20027
14.95950 0.26664 13.20034
14.96250 0.26657 13.20042
14.96550 0.26649 13.20049
14.96850 0.26642 13.20057
14.97150 0.26634 13.20064
14.97450 0.26627 13.20072
14.97750 0.26619 13.20079
14.98050 0.26612 13.20087
14.98350 0.26604 13.20094
14.98650 0.26597 13.20102
14.98950 0.26589 13.20109
14.99250 0.26582 13.20117
14.99550 0.26574 13.20124
14.99850 0.26567 13.20132
15.00150 0.26559 13.20139
15.00450 0.26552 13.20147
15.00750 0.26544 13.20154
15.01050 0.26537 13.20162
15.01350 0.26529 13.20169
15.01650 0.26522 13.20177
15.01950 0.26514 13.20184
15.02250 0.26507 13.20191
15.02550 0.26500 13.20199
15.02850 0.26492 13.20206
15.03150 0.26485 13.20214
15.03450 0.26477 13.20221
15.03750 0.26470 13.20229
15.04050 0.26462 13.20236
15.04350 0.26455 13.20243
15.04651 0.26448 13.20251
15.04951 0.26440 13.20258
15.05251 0.26433 13.20266
15.05551 0.26425 13.20273
15.05851 0.26418 13.20281
15.06151 0.26410 13.20288
15.06451 0.26403 13.20295
15.06751 0.26396 13.20303
15.07051 0.26388 13.20310
15.07351 0.26381 13.20317
15.07651 0.26374 13.20325
15.07951 0.26366 13.20332
15.08251 0.26359 13.20340
15.08551 0.26351 13.20347
15.08851 0.26344 13.20354
15.09151 0.26337 13.20362
15.09451 0.26329 13.20369
15.09751 0.26322 13.20376
15.10051 0.26315 13.20384
15.10351 0.26307 13.20391
15.10651 0.26300 13.20398
15.10951 0.26293 13.20406
15.11251 0.26285 13.20413
15.11551 0.26278 13.20421
15.11851 0.26271 13.20428
15.12151 0.26263 13.20435
15.12451 0.26256 13.20443
15.12751 0.26249 13.20450
15.13051 0.26241 13.20457
15.13351 0.26234 13.20464
15.13651 0.26227 13.20472
15.13951 0.26219 13.20479
15.14251 0.26212 13.20486
15.14552 0.26205 13.20494
15.14852 0.26197 13.20501
15.15152 0.26190 13.20508
15.15452 0.26183 13.20516
15.15752 0.26175 13.20523
15.16052 0.26168 13.20530
15.16352 0.26161 13.20537
15.16652 0.26154 13.20545
15.16952 0.26146 13.20552
15.17252 0.26139 13.20559
15.17552 0.26132 13.20567
15.17852 0.26125 13.20574
15.18152 0.26117 13.20581
15.18452 0.26110 13.20588
15.18752 0.26103 13.20596
15.19052 0.26096 13.20603
15.19352 0.26088 13.20610
15.19652 0.26081 13.20617
15.19952 0.26074 13.20625
15.20252 0.26067 13.20632
15.20552 0.26059 13.20639
15.20852 0.26052 13.20646
15.21152 0.26045 13.20654
15.21452 0.26038 13.20661
15.21752 0.26030 13.20668
15.22052 0.26023 13.20675
15.22352 0.26016 13.20682
15.22652 0.26009 13.20690
15.22952 0.26002 13.20697
15.23252 0.25994 13.20704
15.23552 0.25987 13.20711
15.23852 0.25980 13.20719
15.24152 0.25973 13.20726
15.24452 0.25966 13.20733
15.24753 0.25958 13.20740
15.25053 0.25951 13.20747
15.25353 0.25944 13.20754
15.25653 0.25937 13.20762
15.25953 0.25930 13.20769
15.26253 0.25922 13.20776
15.26553 0.25915 13.20783
15.26853 0.25908 13.20790
15.27153 0.25901 13.20797
15.27453 0.25894 13.20805
15.27753 0.25887 13.20812
15.28053 0.25879 13.20819
15.28353 0.25872 13.20826
15.28653 0.25865 13.20833
15.28953 0.25858 13.20840
15.29253 0.25851 13.20848
15.29553 0.25844 13.20855
15.29853 0.25837 13.20862
15.30153 0.25829 13.20869
15.30453 0.25822 13.20876
15.30753 0.25815 13.20883
15.31053 0.25808 13.20890
15.31353 0.25801 13.20897
15.31653 0.25794 13.20905
15.31953 0.25787 13.20912
15.32253 0.25780 13.20919
15.32553 0.25773 13.20926
15.32853 0.25765 13.20933
15.33153 0.25758 13.20940
15.33453 0.25751 13.20947
15.33753 0.25744 13.20954
15.34053 0.25737 13.20961
15.34353 0.25730 13.20968
15.34654 0.25723 13.20976
15.34954 0.25716 13.20983
15.35254 0.25709 13.20990
15.35554 0.25702 13.20997
15.35854 0.25695 13.21004
15.36154 0.25688 13.21011
15.36454 0.25680 13.21018
15.36754 0.25673 13.21025
15.37054 0.25666 13.21032
15.37354 0.25659 13.21039
15.37654 0.25652 13.21046
15.37954 0.25645 13.21053
15.38254 0.25638 13.21060
15.38554 0.25631 13.21067
15.38854 0.25624 13.21074
15.39154 0.25617 13.21081
15.39454 0.25610 13.21088
15.39754 0.25603 13.21095
15.40054 0.25596 13.21102
15.40354 0.25589 13.21109
15.40654 0.25582 13.21116
15.40954 0.25575 13.21124
15.41254 0.25568 13.21131
15.41554 0.25561 13.21138
15.41854 0.25554 13.21145
15.42154 0.25547 13.21152
15.42454 0.25540 13.21159
15.42754 0.25533 13.21166
15.43054 0.25526 13.21173
15.43354 0.25519 13.21180
15.43654 0.25512 13.21186
15.43954 0.25505 13.21193
15.44254 0.25498 13.21200
15.44555 0.25491 13.21207
15.44855 0.25484 13.21214
15.45155 0.25477 13.21221
15.45455 0.25470 13.21228
15.45755 0.25463 13.21235
15.46055 0.25456 13.21242
15.46355 0.25449 13.21249
15.46655 0.25442 13.21256
15.46955 0.25435 13.21263
15.47255 0.25428 13.21270
15.47555 0.25421 13.21277
15.47855 0.25414 13.21284
15.48155 0.25407 13.21291
15.48455 0.25401 13.21298
15.48755 0.25394 13.21305
15.49055 0.25387 13.21312
15.49355 0.25380 13.21319
15.49655 0.25373 13.21326
15.49955 0.25366 13.21332
15.50255 0.25359 13.21339
15.50555 0.25352 13.21346
15.50855 0.25345 13.21353
15.51155 0.25338 13.21360
15.51455 0.25331 13.21367
15.51755 0.25324 13.21374
15.52055 0.25318 13.21381
15.52355 0.25311 13.21388
15.52655 0.25304 13.21395
15.52955 0.25297 13.21401
15.53255 0.25290 13.21408
15.53555 0.25283 13.21415
15.53855 0.25276 13.21422
15.54155 0.25269 13.21429
15.54455 0.25263 13.21436
15.54756 0.25256 13.21443
15.55056 0.25249 13.21450
15.55356 0.25242 13.21456
15.55656 0.25235 13.21463
15.55956 0.25228 13.21470
15.56256 0.25221 13.21477
15.56556 0.25215 13.21484
15.56856 0.25208 13.21491
15.57156 0.25201 13.21498
15.57456 0.25194 13.21504
15.57756 0.25187 13.21511
15.58056 0.25180 13.21518
15.58356 0.25173 13.21525
15.58656 0.25167 13.21532
15.58956 0.25160 13.21539
15.59256 0.25153 13.21545
15.59556 0.25146 13.21552
15.59856 0.25139 13.21559
15.60156 0.25133 13.21566
15.60456 0.25126 13.21573
15.60756 0.25119 13.21579
15.61056 0.25112 13.21586
15.61356 0.25105 13.21593
15.61656 0.25099 13.21600
15.61956 0.25092 13.21607
15.62256 0.25085 13.21613
15.62556 0.25078 13.21620
15.62856 0.25071 13.21627
15.63156 0.25065 13.21634
15.63456 0.25058 13.21641
15.63756 0.25051 13.21647
15.64056 0.25044 13.21654
15.64356 0.25037 13.21661
15.64657 0.25031 13.21668
15.64957 0.25024 13.21674
15.65257 0.25017 13.21681
15.65557 0.25010 13.21688
15.65857 0.25004 13.21695
15.66157 0.24997 13.21701
15.66457 0.24990 13.21708
15.66757 0.24983 13.21715
15.67057 0.24977 13.21722
15.67357 0.24970 13.21728
15.67657 0.24963 13.21735
15.67957 0.24956 13.21742
15.68257 0.24950 13.21749
15.68557 0.24943 13.21755
15.68857 0.24936 13.21762
15.69157 0.24930 13.21769
15.69457 0.24923 13.21776
15.69757 0.24916 13.21782
15.70057 0.24909 13.21789
15.70357 0.24903 13.21796
15.70657 0.24896 13.21802
15.70957 0.24889 13.21809
15.71257 0.24883 13.21816
15.71557 0.24876 13.21823
15.71857 0.24869 13.21829
15.72157 0.24863 13.21836
15.72457 0.24856 13.21843
15.72757 0.24849 13.21849
15.73057 0.24842 13.21856
15.73357 0.24836 13.21863
15.73657 0.24829 13.21869
15.73957 0.24822 13.21876
15.74257 0.24816 13.21883
15.74558 0.24809 13.21889
15.74858 0.24802 13.21896
15.75158 0.24796 13.21903
15.75458 0.24789 13.21909
15.75758 0.24782 13.21916
15.76058 0.24776 13.21923
15.76358 0.24769 13.21929
15.76658 0.24762 13.21936
15.76958 0.24756 13.21943
15.77258 0.24749 13.21949
15.77558 0.24743 13.21956
15.77858 0.24736 13.21962
15.78158 0.24729 13.21969
15.78458 0.24723 13.21976
15.78758 0.24716 13.21982
15.79058 0.24709 13.21989
15.79358 0.24703 13.21996
15.79658 0.24696 13.22002
15.79958 0.24690 13.22009
15.80258 0.24683 13.22015
15.80558 0.24676 13.22022
15.80858 0.24670 13.22029
15.81158 0.24663 13.22035
15.81458 0.24657 13.22042
15.81758 0.24650 13.22048
15.82058 0.24643 13.22055
15.82358 0.24637 13.22062
15.82658 0.24630 13.22068
15.82958 0.24624 13.22075
15.83258 0.24617 13.22081
15.83558 0.24610 13.22088
15.83858 0.24604 13.22095
15.84158 0.24597 13.22101
15.84458 0.24591 13.22108
15.84759 0.24584 13.22114
15.85059 0.24578 13.22121
15.85359 0.24571 13.22127
15.85659 0.24564 13.22134
15.85959 0.24558 13.22141
15.86259 0.24551 13.22147
15.86559 0.24545 13.22154
15.86859 0.24538 13.22160
15.87159 0.24532 13.22167
15.87459 0.24525 13.22173
15.87759 0.24519 13.22180
15.88059 0.24512 13.22186
15.88359 0.24506 13.22193
15.88659 0.24499 13.22199
15.88959 0.24492 13.22206
15.89259 0.24486 13.22212
15.89559 0.24479 13.22219
15.89859 0.24473 13.22225
15.90159 0.24466 13.22232
15.90459 0.24460 13.22238
15.90759 0.24453 13.22245
15.91059 0.24447 13.22252
15.91359 0.24440 13.22258
15.91659 0.24434 13.22265
15.91959 0.24427 13.22271
15.92259 0.24421 13.22278
15.92559 0.24414 13.22284
15.92859 0.24408 13.22290
15.93159 0.24401 13.22297
15.93459 0.24395 13.22303
15.93759 0.24388 13.22310
15.94059 0.24382 13.22316
15.94359 0.24376 13.22323
15.94660 0.24369 13.22329
15.94960 0.24363 13.22336
15.95260 0.24356 13.22342
15.95560 0.24350 13.22349
15.95860 0.24343 13.22355
15.96160 0.24337 13.22362
15.96460 0.24330 13.22368
15.96760 0.24324 13.22375
15.97060 0.24317 13.22381
15.97360 0.24311 13.22387
15.97660 0.24304 13.22394
15.97960 0.24298 13.22400
15.98260 0.24292 13.22407
15.98560 0.24285 13.22413
15.98860 0.24279 13.22420
15.99160 0.24272 13.22426
15.99460 0.24266 13.22433
15.99760 0.24259 13.22439
16.00060 0.24253 13.22445
16.00360 0.24247 13.22452
16.00660 0.24240 13.22458
16.00960 0.24234 13.22465
16.01260 0.24227 13.22471
16.01560 0.24221 13.22477
16.01860 0.24215 13.22484
16.02160 0.24208 13.22490
16.02460 0.24202 13.22497
16.02760 0.24195 13.22503
16.03060 0.24189 13.22509
16.03360 0.24183 13.22516
16.03660 0.24176 13.22522
16.03960 0.24170 13.22529
16.04260 0.24163 13.22535
16.04561 0.24157 13.22541
16.04861 0.24151 13.22548
16.05161 0.24144 13.22554
16.05461 0.24138 13.22560
16.05761 0.24132 13.22567
16.06061 0.24125 13.22573
16.06361 0.24119 13.22580
16.06661 0.24112 13.22586
16.06961 0.24106 13.22592
16.07261 0.24100 13.22599
16.07561 0.24093 13.22605
16.07861 0.24087 13.22611
16.08161 0.24081 13.22618
16.08461 0.24074 13.22624
16.08761 0.24068 13.22630
16.09061 0.24062 13.22637
16.09361 0.24055 13.22643
16.09661 0.24049 13.22649
16.09961 0.24043 13.22656
16.10261 0.24036 13.22662
16.10561 0.24030 13.22668
16.10861 0.24024 13.22675
16.11161 0.24017 13.22681
16.11461 0.24011 13.22687
16.11761 0.24005 13.22694
16.12061 0.23998 13.22700
16.12361 0.23992 13.22706
16.12661 0.23986 13.22713
16.12961 0.23980 13.22719
16.13261 0.23973 13.22725
16.13561 0.23967 13.22731
16.13861 0.23961 13.22738
16.14161 0.23954 13.22744
16.14461 0.23948 13.22750
16.14762 0.23942 13.22757
16.15062 0.23936 13.22763
16.15362 0.23929 13.22769
16.15662 0.23923 13.22775
16.15962 0.23917 13.22782
16.16262 0.23910 13.22788
16.16562 0.23904 13.22794
16.16862 0.23898 13.22800
16.17162 0.23892 13.22807
16.17462 0.23885 13.22813
16.17762 0.23879 13.22819
16.18062 0.23873 13.22825
16.18362 0.23867 13.22832
16.18662 0.23860 13.22838
16.18962 0.23854 13.22844
16.19262 0.23848 13.22850
16.19562 0.23842 13.22857
16.19862 0.23835 13.22863
16.20162 0.23829 13.22869
16.20462 0.23823 13.22875
16.20762 0.23817 13.22882
16.21062 0.23811 13.22888
16.21362 0.23804 13.22894
16.21662 0.23798 13.22900
16.21962 0.23792 13.22907
16.22262 0.23786 13.22913
16.22562 0.23779 13.22919
16.22862 0.23773 13.22925
16.23162 0.23767 13.22931
16.23462 0.23761 13.22938
16.23762 0.23755 13.22944
16.24062 0.23748 13.22950
16.24362 0.23742 13.22956
16.24663 0.23736 13.22962
16.24963 0.23730 13.22969
16.25263 0.23724 13.22975
16.25563 0.23717 13.22981
16.25863 0.23711 13.22987
16.26163 0.23705 13.22993
16.26463 0.23699 13.23000
16.26763 0.23693 13.23006
16.27063 0.23687 13.23012
16.27363 0.23680 13.23018
16.27663 0.23674 13.23024
16.27963 0.23668 13.23030
16.28263 0.23662 13.23037
16.28563 0.23656 13.23043
16.28863 0.23650 13.23049
16.29163 0.23643 13.23055
16.29463 0.23637 13.23061
16.29763 0.23631 13.23067
16.30063 0.23625 13.23073
16.30363 0.23619 13.23080
16.30663 0.23613 13.23086
16.30963 0.23607 13.23092
16.31263 0.23600 13.23098
16.31563 0.23594 13.23104
16.31863 0.23588 13.23110
16.32163 0.23582 13.23116
16.32463 0.23576 13.23123
16.32763 0.23570 13.23129
16.33063 0.23564 13.23135
16.33363 0.23558 13.23141
16.33663 0.23551 13.23147
16.33963 0.23545 13.23153
16.34263 0.23539 13.23159
16.34564 0.23533 13.23165
16.34864 0.23527 13.23171
16.35164 0.23521 13.23178
16.35464 0.23515 13.23184
16.35764 0.23509 13.23190
16.36064 0.23503 13.23196
16.36364 0.23497 13.23202
16.36664 0.23490 13.23208
16.36964 0.23484 13.23214
16.37264 0.23478 13.23220
16.37564 0.23472 13.23226
16.37864 0.23466 13.23232
16.38164 0.23460 13.23238
16.38464 0.23454 13.23244
16.38764 0.23448 13.23251
16.39064 0.23442 13.23257
16.39364 0.23436 13.23263
16.39664 0.23430 13.23269
16.39964 0.23424 13.23275
16.40264 0.23418 13.23281
16.40564 0.23412 13.23287
16.40864 0.23405 13.23293
16.41164 0.23399 13.23299
16.41464 0.23393 13.23305
16.41764 0.23387 13.23311
16.42064 0.23381 13.23317
16.42364 0.23375 13.23323
16.42664 0.23369 13.23329
16.42964 0.23363 13.23335
16.43264 0.23357 13.23341
16.43564 0.23351 13.23347
16.43864 0.23345 13.23353
16.44164 0.23339 13.23359
16.44464 0.23333 13.23365
16.44765 0.23327 13.23371
16.45065 0.23321 13.23377
16.45365 0.23315 13.23383
16.45665 0.23309 13.23389
16.45965 0.23303 13.23395
16.46265 0.23297 13.23401
16.46565 0.23291 13.23407
16.46865 0.23285 13.23413
16.47165 0.23279 13.23419
16.47465 0.23273 13.23425
16.47765 0.23267 13.23431
16.48065 0.23261 13.23437
16.48365 0.23255 13.23443
16.48665 0.23249 13.23449
16.48965 0.23243 13.23455
16.49265 0.23237 13.23461
16.49565 0.23231 13.23467
16.49865 0.23225 13.23473
16.50165 0.23219 13.23479
16.50465 0.23213 13.23485
16.50765 0.23207 13.23491
16.51065 0.23201 13.23497
16.51365 0.23195 13.23503
16.51665 0.23189 13.23509
16.51965 0.23183 13.23515
16.52265 0.23177 13.23521
16.52565 0.23171 13.23527
16.52865 0.23166 13.23533
16.53165 0.23160 13.23539
16.53465 0.23154 13.23545
16.53765 0.23148 13.23551
16.54065 0.23142 13.23557
16.54365 0.23136 13.23563
16.54666 0.23130 13.23568
16.54966 0.23124 13.23574
16.55266 0.23118 13.23580
16.55566 0.23112 13.23586
16.55866 0.23106 13.23592
16.56166 0.23100 13.23598
16.56466 0.23094 13.23604
16.56766 0.23088 13.23610
16.57066 0.23083 13.23616
16.57366 0.23077 13.23622
16.57666 0.23071 13.23628
16.57966 0.23065 13.23634
16.58266 0.23059 13.23639
16.58566 0.23053 13.23645
16.58866 0.23047 13.23651
16.59166 0.23041 13.23657
16.59466 0.23035 13.23663
16.59766 0.23029 13.23669
16.60066 0.23024 13.23675
16.60366 0.23018 13.23681
16.60666 0.23012 13.23687
16.60966 0.23006 13.23692
16.61266 0.23000 13.23698
16.61566 0.22994 13.23704
16.61866 0.22988 13.23710
16.62166 0.22982 13.23716
16.62466 0.22977 13.23722
16.62766 0.22971 13.23728
16.63066 0.22965 13.23734
16.63366 0.22959 13.23739
16.63666 0.22953 13.23745
16.63966 0.22947 13.23751
16.64266 0.22941 13.23757
16.64567 0.22936 13.23763
16.64867 0.22930 13.23769
16.65167 0.22924 13.23775
16.65467 0.22918 13.23780
16.65767 0.22912 13.23786
16.66067 0.22906 13.23792
16.66367 0.22900 13.23798
16.66667 0.22895 13.23804
16.66967 0.22889 13.23810
16.67267 0.22883 13.23815
16.67567 0.22877 13.23821
16.67867 0.22871 13.23827
16.68167 0.22866 13.23833
16.68467 0.22860 13.23839
16.68767 0.22854 13.23844
16.69067 0.22848 13.23850
16.69367 0.22842 13.23856
16.69667 0.22836 13.23862
16.69967 0.22831 13.23868
16.70267 0.22825 13.23874
16.70567 0.22819 13.23879
16.70867 0.22813 13.23885
16.71167 0.22807 13.23891
16.71467 0.22802 13.23897
16.71767 0.22796 13.23903
16.72067 0.22790 13.23908
16.72367 0.22784 13.23914
16.72667 0.22779 13.23920
16.72967 0.22773 13.23926
16.73267 0.22767 13.23931
16.73567 0.22761 13.23937
16.73867 0.22755 13.23943
16.74167 0.22750 13.23949
16.74467 0.22744 13.23955
16.74768 0.22738 13.23960
16.75068 0.22732 13.23966
16.75368 0.22727 13.23972
16.75668 0.22721 13.23978
16.75968 0.22715 13.23983
16.76268 0.22709 13.23989
16.76568 0.22704 13.23995
16.76868 0.22698 13.24001
16.77168 0.22692 13.24006
16.77468 0.22686 13.24012
16.77768 0.22681 13.24018
16.78068 0.22675 13.24024
16.78368 0.22669 13.24029
16.78668 0.22663 13.24035
16.78968 0.22658 13.24041
16.79268 0.22652 13.24046
16.79568 0.22646 13.24052
16.79868 0.22640 13.24058
16.80168 0.22635 13.24064
16.80468 0.22629 13.24069
16.80768 0.22623 13.24075
16.81068 0.22618 13.24081
16.81368 0.22612 13.24087
16.81668 0.22606 13.24092
16.81968 0.22600 13.24098
16.82268 0.22595 13.24104
16.82568 0.22589 13.24109
16.82868 0.22583 13.24115
16.83168 0.22578 13.24121
16.83468 0.22572 13.24126
16.83768 0.22566 13.24132
16.84068 0.22561 13.24138
16.84368 0.22555 13.24144
16.84669 0.22549 13.24149
16.84969 0.22543 13.24155
16.85269 0.22538 13.24161
16.85569 0.22532 13.24166
16.85869 0.22526 13.24172
16.86169 0.22521 13.24178
16.86469 0.22515 13.24183
16.86769 0.22509 13.24189
16.87069 0.22504 13.24195
16.87369 0.22498 13.24200
16.87669 0.22492 13.24206
16.87969 0.22487 13.24212
16.88269 0.22481 13.24217
16.88569 0.22475 13.24223
16.88869 0.22470 13.24229
16.89169 0.22464 13.24234
16.89469 0.22459 13.24240
16.89769 0.22453 13.24246
16.90069 0.22447 13.24251
16.90369 0.22442 13.24257
16.90669 0.22436 13.24262
16.90969 0.22430 13.24268
16.91269 0.22425 13.24274
16.91569 0.22419 13.24279
16.91869 0.22413 13.24285
16.92169 0.22408 13.24291
16.92469 0.22402 13.24296
16.92769 0.22397 13.24302
16.93069 0.22391 13.24307
16.93369 0.22385 13.24313
16.93669 0.22380 13.24319
16.93969 0.22374 13.24324
16.94269 0.22368 13.24330
16.94570 0.22363 13.24336
16.94870 0.22357 13.24341
16.95170 0.22352 13.24347
16.95470 0.22346 13.24352
16.95770 0.22340 13.24358
16.96070 0.22335 13.24364
16.96370 0.22329 13.24369
16.96670 0.22324 13.24375
16.96970 0.22318 13.24380
16.97270 0.22312 13.24386
16.97570 0.22307 13.24392
16.97870 0.22301 13.24397
16.98170 0.22296 13.24403
16.98470 0.22290 13.24408
16.98770 0.22285 13.24414
16.99070 0.22279 13.24419
16.99370 0.22273 13.24425
16.99670 0.22268 13.24431
16.99970 0.22262 13.24436
17.00270 0.22257 13.24442
17.00570 0.22251 13.24447
17.00870 0.22246 13.24453
17.01170 0.22240 13.24458
17.01470 0.22234 13.24464
17.01770 0.22229 13.24469
17.02070 0.22223 13.24475
17.02370 0.22218 13.24481
17.02670 0.22212 13.24486
17.02970 0.22207 13.24492
17.03270 0.22201 13.24497
17.03570 0.22196 13.24503
17.03870 0.22190 13.24508
17.04170 0.22185 13.24514
17.04470 0.22179 13.24519
17.04771 0.22174 13.24525
17.05071 0.22168 13.24530
17.05371 0.22162 13.24536
17.05671 0.22157 13.24541
17.05971 0.22151 13.24547
17.06271 0.22146 13.24552
17.06571 0.22140 13.24558
17.06871 0.22135 13.24564
17.07171 0.22129 13.24569
17.07471 0.22124 13.24575
17.07771 0.22118 13.24580
17.08071 0.22113 13.24586
17.08371 0.22107 13.24591
17.08671 0.22102 13.24597
17.08971 0.22096 13.24602
17.09271 0.22091 13.24608
17.09571 0.22085 13.24613
17.09871 0.22080 13.24619
17.10171 0.22074 13.24624
17.10471 0.22069 13.24629
17.10771 0.22063 13.24635
17.11071 0.22058 13.24640
17.11371 0.22052 13.24646
17.11671 0.22047 13.24651
17.11971 0.22042 13.24657
17.12271 0.22036 13.24662
17.12571 0.22031 13.24668
17.12871 0.22025 13.24673
17.13171 0.22020 13.24679
17.13471 0.22014 13.24684
17.13771 0.22009 13.24690
17.14071 0.22003 13.24695
17.14371 0.21998 13.24701
17.14672 0.21992 13.24706
17.14972 0.21987 13.24712
17.15272 0.21981 13.24717
17.15572 0.21976 13.24722
17.15872 0.21971 13.24728
17.16172 0.21965 13.24733
17.16472 0.21960 13.24739
17.16772 0.21954 13.24744
17.17072 0.21949 13.24750
17.17372 0.21943 13.24755
17.17672 0.21938 13.24760
17.17972 0.21932 13.24766
17.18272 0.21927 13.24771
17.18572 0.21922 13.24777
17.18872 0.21916 13.24782
17.19172 0.21911 13.24788
17.19472 0.21905 13.24793
17.19772 0.21900 13.24798
17.20072 0.21895 13.24804
17.20372 0.21889 13.24809
17.20672 0.21884 13.24815
17.20972 0.21878 13.24820
17.21272 0.21873 13.24825
17.21572 0.21867 13.24831
17.21872 0.21862 13.24836
17.22172 0.21857 13.24842
17.22472 0.21851 13.24847
17.22772 0.21846 13.24852
17.23072 0.21841 13.24858
17.23372 0.21835 13.24863
17.23672 0.21830 13.24869
17.23972 0.21824 13.24874
17.24272 0.21819 13.24879
17.24572 0.21814 13.24885
17.24873 0.21808 13.24890
17.25173 0.21803 13.24896
17.25473 0.21797 13.24901
17.25773 0.21792 13.24906
17.26073 0.21787 13.24912
17.26373 0.21781 13.24917
17.26673 0.21776 13.24922
17.26973 0.21771 13.24928
17.27273 0.21765 13.24933
17.27573 0.21760 13.24938
17.27873 0.21755 13.24944
17.28173 0.21749 13.24949
17.28473 0.21744 13.24955
17.28773 0.21738 13.24960
17.29073 0.21733 13.24965
17.29373 0.21728 13.24971
17.29673 0.21722 13.24976
17.29973 0.21717 13.24981
17.30273 0.21712 13.24987
17.30573 0.21706 13.24992
17.30873 0.21701 13.24997
17.31173 0.21696 13.25003
17.31473 0.21690 13.25008
17.31773 0.21685 13.25013
17.32073 0.21680 13.25019
17.32373 0.21674 13.25024
17.32673 0.21669 13.25029
17.32973 0.21664 13.25035
17.33273 0.21659 13.25040
17.33573 0.21653 13.25045
17.33873 0.21648 13.25051
17.34173 0.21643 13.25056
17.34473 0.21637 13.25061
17.34774 0.21632 13.25066
17.35074 0.21627 13.25072
17.35374 0.21621 13.25077
17.35674 0.21616 13.25082
17.35974 0.21611 13.25088
17.36274 0.21605 13.25093
17.36574 0.21600 13.25098
17.36874 0.21595 13.25104
17.37174 0.21590 13.25109
17.37474 0.21584 13.25114
17.37774 0.21579 13.25119
17.38074 0.21574 13.25125
17.38374 0.21568 13.25130
17.38674 0.21563 13.25135
17.38974 0.21558 13.25141
17.39274 0.21553 13.25146
17.39574 0.21547 13.25151
17.39874 0.21542 13.25156
17.40174 0.21537 13.25162
17.40474 0.21532 13.25167
17.40774 0.21526 13.25172
17.41074 0.21521 13.25177
17.41374 0.21516 13.25183
17.41674 0.21510 13.25188
17.41974 0.21505 13.25193
17.42274 0.21500 13.25198
17.42574 0.21495 13.25204
17.42874 0.21489 13.25209
17.43174 0.21484 13.25214
17.43474 0.21479 13.25219
17.43774 0.21474 13.25225
17.44074 0.21469 13.25230
17.44374 0.21463 13.25235
17.44675 0.21458 13.25240
17.44975 0.21453 13.25246
17.45275 0.21448 13.25251
17.45575 0.21442 13.25256
17.45875 0.21437 13.25261
17.46175 0.21432 13.25266
17.46475 0.21427 13.25272
17.46775 0.21421 13.25277
17.47075 0.21416 13.25282
17.47375 0.21411 13.25287
17.47675 0.21406 13.25293
17.47975 0.21401 13.25298
17.48275 0.21395 13.25303
17.48575 0.21390 13.25308
17.48875 0.21385 13.25313
17.49175 0.21380 13.25319
17.49475 0.21375 13.25324
17.49775 0.21369 13.25329
17.50075 0.21364 13.25334
17.50375 0.21359 13.25339
17.50675 0.21354 13.25345
17.50975 0.21349 13.25350
17.51275 0.21343 13.25355
17.51575 0.21338 13.25360
17.51875 0.21333 13.25365
17.52175 0.21328 13.25371
17.52475 0.21323 13.25376
17.52775 0.21317 13.25381
17.53075 0.21312 13.25386
17.53375 0.21307 13.25391
17.53675 0.21302 13.25396
17.53975 0.21297 13.25402
17.54275 0.21292 13.25407
17.54575 0.21286 13.25412
17.54876 0.21281 13.25417
17.55176 0.21276 13.25422
17.55476 0.21271 13.25427
17.55776 0.21266 13.25433
17.56076 0.21261 13.25438
17.56376 0.21256 13.25443
17.56676 0.21250 13.25448
17.56976 0.21245 13.25453
17.57276 0.21240 13.25458
17.57576 0.21235 13.25463
17.57876 0.21230 13.25469
17.58176 0.21225 13.25474
17.58476 0.21219 13.25479
17.58776 0.21214 13.25484
17.59076 0.21209 13.25489
17.59376 0.21204 13.25494
17.59676 0.21199 13.25499
17.59976 0.21194 13.25505
17.60276 0.21189 13.25510
17.60576 0.21184 13.25515
17.60876 0.21178 13.25520
17.61176 0.21173 13.25525
17.61476 0.21168 13.25530
17.61776 0.21163 13.25535
17.62076 0.21158 13.25540
17.62376 0.21153 13.25546
17.62676 0.21148 13.25551
17.62976 0.21143 13.25556
17.63276 0.21138 13.25561
17.63576 0.21132 13.25566
17.63876 0.21127 13.25571
17.64176 0.21122 13.25576
17.64476 0.21117 13.25581
17.64777 0.21112 13.25586
17.65077 0.21107 13.25591
17.65377 0.21102 13.25597
17.65677 0.21097 13.25602
17.65977 0.21092 13.25607
17.66277 0.21087 13.25612
17.66577 0.21082 13.25617
17.66877 0.21076 13.25622
17.67177 0.21071 13.25627
17.67477 0.21066 13.25632
17.67777 0.21061 13.25637
17.68077 0.21056 13.25642
17.68377 0.21051 13.25647
17.68677 0.21046 13.25652
17.68977 0.21041 13.25657
17.69277 0.21036 13.25663
17.69577 0.21031 13.25668
17.69877 0.21026 13.25673
17.70177 0.21021 13.25678
17.70477 0.21016 13.25683
17.70777 0.21011 13.25688
17.71077 0.21006 13.25693
17.71377 0.21000 13.25698
17.71677 0.20995 13.25703
17.71977 0.20990 13.25708
17.72277 0.20985 13.25713
17.72577 0.20980 13.25718
17.72877 0.20975 13.25723
17.73177 0.20970 13.25728
17.73477 0.20965 13.25733
17.73777 0.20960 13.25738
17.74077 0.20955 13.25743
17.74377 0.20950 13.25748
17.74678 0.20945 13.25753
17.74978 0.20940 13.25758
17.75278 0.20935 13.25763
17.75578 0.20930 13.25768
17.75878 0.20925 13.25773
17.76178 0.20920 13.25778
17.76478 0.20915 13.25783
17.76778 0.20910 13.25788
17.77078 0.20905 13.25794
17.77378 0.20900 13.25799
17.77678 0.20895 13.25804
17.77978 0.20890 13.25809
17.78278 0.20885 13.25814
17.78578 0.20880 13.25819
17.78878 0.20875 13.25824
17.79178 0.20870 13.25829
17.79478 0.20865 13.25834
17.79778 0.20860 13.25839
17.80078 0.20855 13.25844
17.80378 0.20850 13.25849
17.80678 0.20845 13.25854
17.80978 0.20840 13.25858
17.81278 0.20835 13.25863
17.81578 0.20830 13.25868
17.81878 0.20825 13.25873
17.82178 0.20820 13.25878
17.82478 0.20815 13.25883
17.82778 0.20810 13.25888
17.83078 0.20805 13.25893
17.83378 0.20800 13.25898
17.83678 0.20795 13.25903
17.83978 0.20790 13.25908
17.84278 0.20785 13.25913
17.84578 0.20780 13.25918
17.84879 0.20775 13.25923
17.85179 0.20770 13.25928
17.85479 0.20765 13.25933
17.85779 0.20760 13.25938
17.86079 0.20755 13.25943
17.86379 0.20750 13.25948
17.86679 0.20746 13.25953
17.86979 0.20741 13.25958
17.87279 0.20736 13.25963
17.87579 0.20731 13.25968
17.87879 0.20726 13.25973
17.88179 0.20721 13.25978
17.88479 0.20716 13.25983
17.88779 0.20711 13.25987
17.89079 0.20706 13.25992
17.89379 0.20701 13.25997
17.89679 0.20696 13.26002
17.89979 0.20691 13.26007
17.90279 0.20686 13.26012
17.90579 0.20681 13.26017
17.90879 0.20676 13.26022
17.91179 0.20672 13.26027
17.91479 0.20667 13.26032
17.91779 0.20662 13.26037
17.92079 0.20657 13.26042
17.92379 0.20652 13.26047
17.92679 0.20647 13.26051
17.92979 0.20642 13.26056
17.93279 0.20637 13.26061
17.93579 0.20632 13.26066
17.93879 0.20627 13.26071
17.94179 0.20622 13.26076
17.94479 0.20618 13.26081
17.94780 0.20613 13.26086
17.95080 0.20608 13.26091
17.95380 0.20603 13.26096
17.95680 0.20598 13.26100
17.95980 0.20593 13.26105
17.96280 0.20588 13.26110
17.96580 0.20583 13.26115
17.96880 0.20578 13.26120
17.97180 0.20574 13.26125
17.97480 0.20569 13.26130
17.97780 0.20564 13.26135
17.98080 0.20559 13.26139
17.98380 0.20554 13.26144
17.98680 0.20549 13.26149
17.98980 0.20544 13.26154
17.99280 0.20539 13.26159
17.99580 0.20535 13.26164
17.99880 0.20530 13.26169
18.00180 0.20525 13.26174
18.00480 0.20520 13.26178
18.00780 0.20515 13.26183
18.01080 0.20510 13.26188
18.01380 0.20505 13.26193
18.01680 0.20501 13.26198
18.01980 0.20496 13.26203
18.02280 0.20491 13.26208
18.02580 0.20486 13.26212
18.02880 0.20481 13.26217
18.03180 0.20476 13.26222
18.03480 0.20471 13.26227
18.03780 0.20467 13.26232
18.04080 0.20462 13.26237
18.04380 0.20457 13.26241
18.04681 0.20452 13.26246
18.04981 0.20447 13.26251
18.05281 0.20442 13.26256
18.05581 0.20438 13.26261
18.05881 0.20433 13.26266
18.06181 0.20428 13.26270
18.06481 0.20423 13.26275
18.06781 0.20418 13.26280
18.07081 0.20414 13.26285
18.07381 0.20409 13.26290
18.07681 0.20404 13.26294
18.07981 0.20399 13.26299
18.08281 0.20394 13.26304
18.08581 0.20389 13.26309
18.08881 0.20385 13.26314
18.09181 0.20380 13.26319
18.09481 0.20375 13.26323
18.09781 0.20370 13.26328
18.10081 0.20365 13.26333
18.10381 0.20361 13.26338
18.10681 0.20356 13.26343
18.10981 0.20351 13.26347
18.11281 0.20346 13.26352
18.11581 0.20342 13.26357
18.11881 0.20337 13.26362
18.12181 0.20332 13.26366
18.12481 0.20327 13.26371
18.12781 0.20322 13.26376
18.13081 0.20318 13.26381
18.13381 0.20313 13.26386
18.13681 0.20308 13.26390
18.13981 0.20303 13.26395
18.14281 0.20298 13.26400
18.14581 0.20294 13.26405
18.14882 0.20289 13.26409
18.15182 0.20284 13.26414
18.15482 0.20279 13.26419
18.15782 0.20275 13.26424
18.16082 0.20270 13.26428
18.16382 0.20265 13.26433
18.16682 0.20260 13.26438
18.16982 0.20256 13.26443
18.17282 0.20251 13.26448
18.17582 0.20246 13.26452
18.17882 0.20241 13.26457
18.18182 0.20237 13.26462
18.18482 0.20232 13.26467
18.18782 0.20227 13.26471
18.19082 0.20222 13.26476
18.19382 0.20218 13.26481
18.19682 0.20213 13.26485
18.19982 0.20208 13.26490
18.20282 0.20203 13.26495
18.20582 0.20199 13.26500
18.20882 0.20194 13.26504
18.21182 0.20189 13.26509
18.21482 0.20185 13.26514
18.21782 0.20180 13.26519
18.22082 0.20175 13.26523
18.22382 0.20170 13.26528
18.22682 0.20166 13.26533
18.22982 0.20161 13.26537
18.23282 0.20156 13.26542
18.23582 0.20151 13.26547
18.23882 0.20147 13.26552
18.24182 0.20142 13.26556
18.24482 0.20137 13.26561
18.24783 0.20133 13.26566
18.25083 0.20128 13.26570
18.25383 0.20123 13.26575
18.25683 0.20119 13.26580
18.25983 0.20114 13.26585
18.26283 0.20109 13.26589
18.26583 0.20104 13.26594
18.26883 0.20100 13.26599
18.27183 0.20095 13.26603
18.27483 0.20090 13.26608
18.27783 0.20086 13.26613
18.28083 0.20081 13.26617
18.28383 0.20076 13.26622
18.28683 0.20072 13.26627
18.28983 0.20067 13.26631
18.29283 0.20062 13.26636
18.29583 0.20058 13.26641
18.29883 0.20053 13.26646
18.30183 0.20048 13.26650
18.30483 0.20044 13.26655
18.30783 0.20039 13.26660
18.31083 0.20034 13.26664
18.31383 0.20030 13.26669
18.31683 0.20025 13.26674
18.31983 0.20020 13.26678
18.32283 0.20016 13.26683
18.32583 0.20011 13.26688
18.32883 0.20006 13.26692
18.33183 0.20002 13.26697
18.33483 0.19997 13.26701
18.33783 0.19992 13.26706
18.34083 0.19988 13.26711
18.34383 0.19983 13.26715
18.34684 0.19978 13.26720
18.34984 0.19974 13.26725
18.35284 0.19969 13.26729
18.35584 0.19964 13.26734
18.35884 0.19960 13.26739
18.36184 0.19955 13.26743
18.36484 0.19950 13.26748
18.36784 0.19946 13.26753
18.37084 0.19941 13.26757
18.37384 0.19937 13.26762
18.37684 0.19932 13.26766
18.37984 0.19927 13.26771
18.38284 0.19923 13.26776
18.38584 0.19918 13.26780
18.38884 0.19913 13.26785
18.39184 0.19909 13.26790
18.39484 0.19904 13.26794
18.39784 0.19900 13.26799
18.40084 0.19895 13.26803
18.40384 0.19890 13.26808
18.40684 0.19886 13.26813
18.40984 0.19881 13.26817
18.41284 0.19876 13.26822
18.41584 0.19872 13.26827
18.41884 0.19867 13.26831
18.42184 0.19863 13.26836
18.42484 0.19858 13.26840
18.42784 0.19853 13.26845
18.43084 0.19849 13.26850
18.43384 0.19844 13.26854
18.43684 0.19840 13.26859
18.43984 0.19835 13.26863
18.44284 0.19831 13.26868
18.44584 0.19826 13.26872
18.44885 0.19821 13.26877
18.45185 0.19817 13.26882
18.45485 0.19812 13.26886
18.45785 0.19808 13.26891
18.46085 0.19803 13.26895
18.46385 0.19798 13.26900
18.46685 0.19794 13.26905
18.46985 0.19789 13.26909
18.47285 0.19785 13.26914
18.47585 0.19780 13.26918
18.47885 0.19776 13.26923
18.48185 0.19771 13.26927
18.48485 0.19766 13.26932
18.48785 0.19762 13.26937
18.49085 0.19757 13.26941
18.49385 0.19753 13.26946
18.49685 0.19748 13.26950
18.49985 0.19744 13.26955
18.50285 0.19739 13.26959
18.50585 0.19735 13.26964
18.50885 0.19730 13.26968
18.51185 0.19725 13.26973
18.51485 0.19721 13.26978
18.51785 0.19716 13.26982
18.52085 0.19712 13.26987
18.52385 0.19707 13.26991
18.52685 0.19703 13.26996
18.52985 0.19698 13.27000
18.53285 0.19694 13.27005
18.53585 0.19689 13.27009
18.53885 0.19685 13.27014
18.54185 0.19680 13.27018
18.54485 0.19675 13.27023
18.54786 0.19671 13.27027
18.55086 0.19666 13.27032
18.55386 0.19662 13.27036
18.55686 0.19657 13.27041
18.55986 0.19653 13.27046
18.56286 0.19648 13.27050
18.56586 0.19644 13.27055
18.56886 0.19639 13.27059
18.57186 0.19635 13.27064
18.57486 0.19630 13.27068
18.57786 0.19626 13.27073
18.58086 0.19621 13.27077
18.58386 0.19617 13.27082
18.58686 0.19612 13.27086
18.58986 0.19608 13.27091
18.59286 0.19603 13.27095
18.59586 0.19599 13.27100
18.59886 0.19594 13.27104
18.60186 0.19590 13.27109
18.60486 0.19585 13.27113
18.60786 0.19581 13.27118
18.61086 0.19576 13.27122
18.61386 0.19572 13.27127
18.61686 0.19567 13.27131
18.61986 0.19563 13.27136
18.62286 0.19558 13.27140
18.62586 0.19554 13.27145
18.62886 0.19549 13.27149
18.63186 0.19545 13.27154
18.63486 0.19540 13.27158
18.63786 0.19536 13.27163
18.64086 0.19531 13.27167
18.64386 0.19527 13.27171
18.64687 0.19522 13.27176
18.64987 0.19518 13.27180
18.65287 0.19514 13.27185
18.65587 0.19509 13.27189
18.65887 0.19505 13.27194
18.66187 0.19500 13.27198
18.66487 0.19496 13.27203
18.66787 0.19491 13.27207
18.67087 0.19487 13.27212
18.67387 0.19482 13.27216
18.67687 0.19478 13.27221
18.67987 0.19473 13.27225
18.68287 0.19469 13.27229
18.68587 0.19464 13.27234
18.68887 0.19460 13.27238
18.69187 0.19456 13.27243
18.69487 0.19451 13.27247
18.69787 0.19447 13.27252
18.70087 0.19442 13.27256
18.70387 0.19438 13.27261
18.70687 0.19433 13.27265
18.70987 0.19429 13.27269
18.71287 0.19424 13.27274
18.71587 0.19420 13.27278
18.71887 0.19416 13.27283
18.72187 0.19411 13.27287
18.72487 0.19407 13.27292
18.72787 0.19402 13.27296
18.73087 0.19398 13.27300
18.73387 0.19393 13.27305
18.73687 0.19389 13.27309
18.73987 0.19385 13.27314
18.74287 0.19380 13.27318
18.74587 0.19376 13.27323
18.74888 0.19371 13.27327
18.75188 0.19367 13.27331
18.75488 0.19363 13.27336
18.75788 0.19358 13.27340
18.76088 0.19354 13.27345
18.76388 0.19349 13.27349
18.76688 0.19345 13.27353
18.76988 0.19341 13.27358
18.77288 0.19336 13.27362
18.77588 0.19332 13.27367
18.77888 0.19327 13.27371
18.78188 0.19323 13.27375
18.78488 0.19319 13.27380
18.78788 0.19314 13.27384
18.79088 0.19310 13.27389
18.79388 0.19305 13.27393
18.79688 0.19301 13.27397
18.79988 0.19297 13.27402
18.80288 0.19292 13.27406
18.80588 0.19288 13.27411
18.80888 0.19283 13.27415
18.81188 0.19279 13.27419
18.81488 0.19275 13.27424
18.81788 0.19270 13.27428
18.82088 0.19266 13.27432
18.82388 0.19262 13.27437
18.82688 0.19257 13.27441
18.82988 0.19253 13.27446
18.83288 0.19248 13.27450
18.83588 0.19244 13.27454
18.83888 0.19240 13.27459
18.84188 0.19235 13.27463
18.84488 0.19231 13.27467
18.84789 0.19227 13.27472
18.85089 0.19222 13.27476
18.85389 0.19218 13.27480
18.85689 0.19214 13.27485
18.85989 0.19209 13.27489
18.86289 0.19205 13.27494
18.86589 0.19201 13.27498
18.86889 0.19196 13.27502
18.87189 0.19192 13.27507
18.87489 0.19187 13.27511
18.87789 0.19183 13.27515
18.88089 0.19179 13.27520
18.88389 0.19174 13.27524
18.88689 0.19170 13.27528
18.88989 0.19166 13.27533
18.89289 0.19161 13.27537
18.89589 0.19157 13.27541
18.89889 0.19153 13.27546
18.90189 0.19148 13.27550
18.90489 0.19144 13.27554
18.90789 0.19140 13.27559
18.91089 0.19135 13.27563
18.91389 0.19131 13.27567
18.91689 0.19127 13.27572
18.91989 0.19123 13.27576
18.92289 0.19118 13.27580
18.92589 0.19114 13.27585
18.92889 0.19110 13.27589
18.93189 0.19105 13.27593
18.93489 0.19101 13.27597
18.93789 0.19097 13.27602
18.94089 0.19092 13.27606
18.94389 0.19088 13.27610
18.94690 0.19084 13.27615
18.94990 0.19079 13.27619
18.95290 0.19075 13.27623
18.95590 0.19071 13.27628
18.95890 0.19066 13.27632
18.96190 0.19062 13.27636
18.96490 0.19058 13.27641
18.96790 0.19054 13.27645
18.97090 0.19049 13.27649
18.97390 0.19045 13.27653
18.97690 0.19041 13.27658
18.97990 0.19036 13.27662
18.98290 0.19032 13.27666
18.98590 0.19028 13.27671
18.98890 0.19024 13.27675
18.99190 0.19019 13.27679
18.99490 0.19015 13.27683
18.99790 0.19011 13.27688
19.00090 0.19006 13.27692
19.00390 0.19002 13.27696
19.00690 0.18998 13.27700
19.00990 0.18994 13.27705
19.01290 0.18989 13.27709
19.01590 0.18985 13.27713
19.01890 0.18981 13.27718
19.02190 0.18977 13.27722
19.02490 0.18972 13.27726
19.02790 0.18968 13.27730
19.03090 0.18964 13.27735
19.03390 0.18960 13.27739
19.03690 0.18955 13.27743
19.03990 0.18951 13.27747
19.04290 0.18947 13.27752
19.04590 0.18942 13.27756
19.04891 0.18938 13.27760
19.05191 0.18934 13.27764
19.05491 0.18930 13.27769
19.05791 0.18925 13.27773
19.06091 0.18921 13.27777
19.06391 0.18917 13.27781
19.06691 0.18913 13.27786
19.06991 0.18909 13.27790
19.07291 0.18904 13.27794
19.07591 0.18900 13.27798
19.07891 0.18896 13.27803
19.08191 0.18892 13.27807
19.08491 0.18887 13.27811
19.08791 0.18883 13.27815
19.09091 0.18879 13.27820
19.09391 0.18875 13.27824
19.09691 0.18870 13.27828
19.09991 0.18866 13.27832
19.10291 0.18862 13.27836
19.10591 0.18858 13.27841
19.10891 0.18854 13.27845
19.11191 0.18849 13.27849
19.11491 0.18845 13.27853
19.11791 0.18841 13.27857
19.12091 0.18837 13.27862
19.12391 0.18832 13.27866
19.12691 0.18828 13.27870
19.12991 0.18824 13.27874
19.13291 0.18820 13.27879
19.13591 0.18816 13.27883
19.13891 0.18811 13.27887
19.14191 0.18807 13.27891
19.14491 0.18803 13.27895
19.14792 0.18799 13.27900
19.15092 0.18795 13.27904
19.15392 0.18790 13.27908
19.15692 0.18786 13.27912
19.15992 0.18782 13.27916
19.16292 0.18778 13.27921
19.16592 0.18774 13.27925
19.16892 0.18769 13.27929
19.17192 0.18765 13.27933
19.17492 0.18761 13.27937
19.17792 0.18757 13.27941
19.18092 0.18753 13.27946
19.18392 0.18749 13.27950
19.18692 0.18744 13.27954
19.18992 0.18740 13.27958
19.19292 0.18736 13.27962
19.19592 0.18732 13.27967
19.19892 0.18728 13.27971
19.20192 0.18724 13.27975
19.20492 0.18719 13.27979
19.20792 0.18715 13.27983
19.21092 0.18711 13.27987
19.21392 0.18707 13.27992
19.21692 0.18703 13.27996
19.21992 0.18699 13.28000
19.22292 0.18694 13.28004
19.22592 0.18690 13.28008
19.22892 0.18686 13.28012
19.23192 0.18682 13.28017
19.23492 0.18678 13.28021
19.23792 0.18674 13.28025
19.24092 0.18669 13.28029
19.24392 0.18665 13.28033
19.24693 0.18661 13.28037
19.24993 0.18657 13.28041
19.25293 0.18653 13.28046
19.25593 0.18649 13.28050
19.25893 0.18645 13.28054
19.26193 0.18640 13.28058
19.26493 0.18636 13.28062
19.26793 0.18632 13.28066
19.27093 0.18628 13.28070
19.27393 0.18624 13.28075
19.27693 0.18620 13.28079
19.27993 0.18616 13.28083
19.28293 0.18611 13.28087
19.28593 0.18607 13.28091
19.28893 0.18603 13.28095
19.29193 0.18599 13.28099
19.29493 0.18595 13.28103
19.29793 0.18591 13.28108
19.30093 0.18587 13.28112
19.30393 0.18583 13.28116
19.30693 0.18578 13.28120
19.30993 0.18574 13.28124
19.31293 0.18570 13.28128
19.31593 0.18566 13.28132
19.31893 0.18562 13.28136
19.32193 0.18558 13.28140
19.32493 0.18554 13.28145
19.32793 0.18550 13.28149
19.33093 0.18546 13.28153
19.33393 0.18541 13.28157
19.33693 0.18537 13.28161
19.33993 0.18533 13.28165
19.34293 0.18529 13.28169
19.34593 0.18525 13.28173
19.34894 0.18521 13.28177
19.35194 0.18517 13.28182
19.35494 0.18513 13.28186
19.35794 0.18509 13.28190
19.36094 0.18505 13.28194
19.36394 0.18501 13.28198
19.36694 0.18496 13.28202
19.36994 0.18492 13.28206
19.37294 0.18488 13.28210
19.37594 0.18484 13.28214
19.37894 0.18480 13.28218
19.38194 0.18476 13.28222
19.38494 0.18472 13.28226
19.38794 0.18468 13.28231
19.39094 0.18464 13.28235
19.39394 0.18460 13.28239
19.39694 0.18456 13.28243
19.39994 0.18452 13.28247
19.40294 0.18448 13.28251
19.40594 0.18443 13.28255
19.40894 0.18439 13.28259
19.41194 0.18435 13.28263
19.41494 0.18431 13.28267
19.41794 0.18427 13.28271
19.42094 0.18423 13.28275
19.42394 0.18419 13.28279
19.42694 0.18415 13.28283
19.42994 0.18411 13.28287
19.43294 0.18407 13.28292
19.43594 0.18403 13.28296
19.43894 0.18399 13.28300
19.44194 0.18395 13.28304
19.44494 0.18391 13.28308
19.44795 0.18387 13.28312
19.45095 0.18383 13.28316
19.45395 0.18379 13.28320
19.45695 0.18375 13.28324
19.45995 0.18370 13.28328
19.46295 0.18366 13.28332
19.46595 0.18362 13.28336
19.46895 0.18358 13.28340
19.47195 0.18354 13.28344
19.47495 0.18350 13.28348
19.47795 0.18346 13.28352
19.48095 0.18342 13.28356
19.48395 0.18338 13.28360
19.48695 0.18334 13.28364
19.48995 0.18330 13.28368
19.49295 0.18326 13.28372
19.49595 0.18322 13.28376
19.49895 0.18318 13.28380
19.50195 0.18314 13.28384
19.50495 0.18310 13.28388
19.50795 0.18306 13.28392
19.51095 0.18302 13.28396
19.51395 0.18298 13.28400
19.51695 0.18294 13.28404
19.51995 0.18290 13.28408
19.52295 0.18286 13.28412
19.52595 0.18282 13.28416
19.52895 0.18278 13.28420
19.53195 0.18274 13.28424
19.53495 0.18270 13.28428
19.53795 0.18266 13.28432
19.54095 0.18262 13.28436
19.54395 0.18258 13.28440
19.54696 0.18254 13.28444
19.54996 0.18250 13.28448
19.55296 0.18246 13.28452
19.55596 0.18242 13.28456
19.55896 0.18238 13.28460
19.56196 0.18234 13.28464
19.56496 0.18230 13.28468
19.56796 0.18226 13.28472
19.57096 0.18222 13.28476
19.57396 0.18218 13.28480
19.57696 0.18214 13.28484
19.57996 0.18210 13.28488
19.58296 0.18206 13.28492
19.58596 0.18202 13.28496
19.58896 0.18198 13.28500
19.59196 0.18194 13.28504
19.59496 0.18190 13.28508
19.59796 0.18186 13.28512
19.60096 0.18182 13.28516
19.60396 0.18178 13.28520
19.60696 0.18174 13.28524
19.60996 0.18170 13.28528
19.61296 0.18166 13.28532
19.61596 0.18162 13.28536
19.61896 0.18158 13.28540
19.62196 0.18154 13.28544
19.62496 0.18150 13.28548
19.62796 0.18147 13.28552
19.63096 0.18143 13.28556
19.63396 0.18139 13.28560
19.63696 0.18135 13.28564
19.63996 0.18131 13.28568
19.64296 0.18127 13.28572
19.64596 0.18123 13.28576
19.64897 0.18119 13.28580
19.65197 0.18115 13.28584
19.65497 0.18111 13.28587
19.65797 0.18107 13.28591
19.66097 0.18103 13.28595
19.66397 0.18099 13.28599
19.66697 0.18095 13.28603
19.66997 0.18091 13.28607
19.67297 0.18087 13.28611
19.67597 0.18083 13.28615
19.67897 0.18079 13.28619
19.68197 0.18075 13.28623
19.68497 0.18072 13.28627
19.68797 0.18068 13.28631
19.69097 0.18064 13.28635
19.69397 0.18060 13.28639
19.69697 0.18056 13.28643
19.69997 0.18052 13.28646
19.70297 0.18048 13.28650
19.70597 0.18044 13.28654
19.70897 0.18040 13.28658
19.71197 0.18036 13.28662
19.71497 0.18032 13.28666
19.71797 0.18028 13.28670
19.72097 0.18024 13.28674
19.72397 0.18021 13.28678
19.72697 0.18017 13.28682
19.72997 0.18013 13.28686
19.73297 0.18009 13.28690
19.73597 0.18005 13.28693
19.73897 0.18001 13.28697
19.74197 0.17997 13.28701
19.74497 0.17993 13.28705
19.74798 0.17989 13.28709
19.75098 0.17985 13.28713
19.75398 0.17981 13.28717
19.75698 0.17978 13.28721
19.75998 0.17974 13.28725
19.76298 0.17970 13.28729
19.76598 0.17966 13.28732
19.76898 0.17962 13.28736
19.77198 0.17958 13.28740
19.77498 0.17954 13.28744
19.77798 0.17950 13.28748
19.78098 0.17946 13.28752
19.78398 0.17943 13.28756
19.78698 0.17939 13.28760
19.78998 0.17935 13.28764
19.79298 0.17931 13.28767
19.79598 0.17927 13.28771
19.79898 0.17923 13.28775
19.80198 0.17919 13.28779
19.80498 0.17915 13.28783
19.80798 0.17912 13.28787
19.81098 0.17908 13.28791
19.81398 0.17904 13.28795
19.81698 0.17900 13.28798
19.81998 0.17896 13.28802
19.82298 0.17892 13.28806
19.82598 0.17888 13.28810
19.82898 0.17884 13.28814
19.83198 0.17881 13.28818
19.83498 0.17877 13.28822
19.83798 0.17873 13.28826
19.84098 0.17869 13.28829
19.84398 0.17865 13.28833
19.84699 0.17861 13.28837
19.84999 0.17857 13.28841
19.85299 0.17854 13.28845
19.85599 0.17850 13.28849
19.85899 0.17846 13.28853
19.86199 0.17842 13.28856
19.86499 0.17838 13.28860
19.86799 0.17834 13.28864
19.87099 0.17831 13.28868
19.87399 0.17827 13.28872
19.87699 0.17823 13.28876
19.87999 0.17819 13.28879
19.88299 0.17815 13.28883
19.88599 0.17811 13.28887
19.88899 0.17807 13.28891
19.89199 0.17804 13.28895
19.89499 0.17800 13.28899
19.89799 0.17796 13.28902
19.90099 0.17792 13.28906
19.90399 0.17788 13.28910
19.90699 0.17784 13.28914
19.90999 0.17781 13.28918
19.91299 0.17777 13.28922
19.91599 0.17773 13.28925
19.91899 0.17769 13.28929
19.92199 0.17765 13.28933
19.92499 0.17762 13.28937
19.92799 0.17758 13.28941
19.93099 0.17754 13.28945
19.93399 0.17750 13.28948
19.93699 0.17746 13.28952
19.93999 0.17742 13.28956
19.94299 0.17739 13.28960
19.94599 0.17735 13.28964
19.94900 0.17731 13.28967
19.95200 0.17727 13.28971
19.95500 0.17723 13.28975
19.95800 0.17720 13.28979
19.96100 0.17716 13.28983
19.96400 0.17712 13.28986
19.96700 0.17708 13.28990
19.97000 0.17704 13.28994
19.97300 0.17701 13.28998
19.97600 0.17697 13.29002
19.97900 0.17693 13.29005
19.98200 0.17689 13.29009
19.98500 0.17685 13.29013
19.98800 0.17682 13.29017
19.99100 0.17678 13.29021
19.99400 0.17674 13.29024
19.99700 0.17670 13.29028
20.00000 0.17666 13.29032
20.00300 0.17663 13.29036
20.00600 0.17659 13.29040
20.00900 0.17655 13.29043
20.01200 0.17651 13.29047
20.01500 0.17648 13.29051
20.01800 0.17644 13.29055
20.02100 0.17640 13.29058
20.02400 0.17636 13.29062
20.02700 0.17632 13.29066
20.03000 0.17629 13.29070
20.03300 0.17625 13.29073
20.03600 0.17621 13.29077
20.03900 0.17617 13.29081
20.04200 0.17614 13.29085
20.04500 0.17610 13.29089
20.04801 0.17606 13.29092
20.05101 0.17602 13.29096
20.05401 0.17599 13.29100
20.05701 0.17595 13.29104
20.06001 0.17591 13.29107
20.06301 0.17587 13.29111
20.06601 0.17583 13.29115
20.06901 0.17580 13.29119
20.07201 0.17576 13.29122
20.07501 0.17572 13.29126
20.07801 0.17568 13.29130
20.08101 0.17565 13.29134
20.08401 0.17561 13.29137
20.08701 0.17557 13.29141
20.09001 0.17553 13.29145
20.09301 0.17550 13.29149
20.09601 0.17546 13.29152
20.09901 0.17542 13.29156
20.10201 0.17539 13.29160
20.10501 0.17535 13.29164
20.10801 0.17531 13.29167
20.11101 0.17527 13.29171
20.11401 0.17524 13.29175
20.11701 0.17520 13.29179
20.12001 0.17516 13.29182
20.12301 0.17512 13.29186
20.12601 0.17509 13.29190
20.12901 0.17505 13.29193
20.13201 0.17501 13.29197
20.13501 0.17497 13.29201
20.13801 0.17494 13.29205
20.14101 0.17490 13.29208
20.14401 0.17486 13.29212
20.14702 0.17483 13.29216
20.15002 0.17479 13.29220
20.15302 0.17475 13.29223
20.15602 0.17471 13.29227
20.15902 0.17468 13.29231
20.16202 0.17464 13.29234
20.16502 0.17460 13.29238
20.16802 0.17457 13.29242
20.17102 0.17453 13.29246
20.17402 0.17449 13.29249
20.17702 0.17445 13.29253
20.18002 0.17442 13.29257
20.18302 0.17438 13.29260
20.18602 0.17434 13.29264
20.18902 0.17431 13.29268
20.19202 0.17427 13.29271
20.19502 0.17423 13.29275
20.19802 0.17420 13.29279
20.20102 0.17416 13.29283
20.20402 0.17412 13.29286
20.20702 0.17408 13.29290
20.21002 0.17405 13.29294
20.21302 0.17401 13.29297
20.21602 0.17397 13.29301
20.21902 0.17394 13.29305
20.22202 0.17390 13.29308
20.22502 0.17386 13.29312
20.22802 0.17383 13.29316
20.23102 0.17379 13.29319
20.23402 0.17375 13.29323
20.23702 0.17372 13.29327
20.24002 0.17368 13.29331
20.24302 0.17364 13.29334
20.24602 0.17361 13.29338
20.24903 0.17357 13.29342
20.25203 0.17353 13.29345
20.25503 0.17349 13.29349
20.25803 0.17346 13.29353
20.26103 0.17342 13.29356
20.26403 0.17338 13.29360
20.26703 0.17335 13.29364
20.27003 0.17331 13.29367
20.27303 0.17327 13.29371
20.27603 0.17324 13.29375
20.27903 0.17320 13.29378
20.28203 0.17316 13.29382
20.28503 0.17313 13.29386
20.28803 0.17309 13.29389
20.29103 0.17306 13.29393
20.29403 0.17302 13.29397
20.29703 0.17298 13.29400
20.30003 0.17295 13.29404
20.30303 0.17291 13.29408
20.30603 0.17287 13.29411
20.30903 0.17284 13.29415
20.31203 0.17280 13.29418
20.31503 0.17276 13.29422
20.31803 0.17273 13.29426
20.32103 0.17269 13.29429
20.32403 0.17265 13.29433
20.32703 0.17262 13.29437
20.33003 0.17258 13.29440
20.33303 0.17254 13.29444
20.33603 0.17251 13.29448
20.33903 0.17247 13.29451
20.34203 0.17244 13.29455
20.34503 0.17240 13.29459
20.34804 0.17236 13.29462
20.35104 0.17233 13.29466
20.35404 0.17229 13.29469
20.35704 0.17225 13.29473
20.36004 0.17222 13.29477
20.36304 0.17218 13.29480
20.36604 0.17214 13.29484
20.36904 0.17211 13.29488
20.37204 0.17207 13.29491
20.37504 0.17204 13.29495
20.37804 0.17200 13.29498
20.38104 0.17196 13.29502
20.38404 0.17193 13.29506
20.38704 0.17189 13.29509
20.39004 0.17185 13.29513
20.39304 0.17182 13.29517
20.39604 0.17178 13.29520
20.39904 0.17175 13.29524
20.40204 0.17171 13.29527
20.40504 0.17167 13.29531
20.40804 0.17164 13.29535
20.41104 0.17160 13.29538
20.41404 0.17157 13.29542
20.41704 0.17153 13.29545
20.42004 0.17149 13.29549
20.42304 0.17146 13.29553
20.42604 0.17142 13.29556
20.42904 0.17139 13.29560
20.43204 0.17135 13.29563
20.43504 0.17131 13.29567
20.43804 0.17128 13.29571
20.44104 0.17124 13.29574
20.44404 0.17121 13.29578
20.44705 0.17117 13.29581
20.45005 0.17113 13.29585
20.45305 0.17110 13.29589
20.45605 0.17106 13.29592
20.45905 0.17103 13.29596
20.46205 0.17099 13.29599
20.46505 0.17096 13.29603
20.46805 0.17092 13.29606
20.47105 0.17088 13.29610
20.47405 0.17085 13.29614
20.47705 0.17081 13.29617
20.48005 0.17078 13.29621
20.48305 0.17074 13.29624
20.48605 0.17070 13.29628
20.48905 0.17067 13.29632
20.49205 0.17063 13.29635
20.49505 0.17060 13.29639
20.49805 0.17056 13.29642
20.50105 0.17053 13.29646
20.50405 0.17049 13.29649
20.50705 0.17045 13.29653
20.51005 0.17042 13.29657
20.51305 0.17038 13.29660
20.51605 0.17035 13.29664
20.51905 0.17031 13.29667
20.52205 0.17028 13.29671
20.52505 0.17024 13.29674
20.52805 0.17021 13.29678
20.53105 0.17017 13.29681
20.53405 0.17013 13.29685
20.53705 0.17010 13.29689
20.54005 0.17006 13.29692
20.54305 0.17003 13.29696
20.54605 0.16999 13.29699
20.54906 0.16996 13.29703
20.55206 0.16992 13.29706
20.55506 0.16989 13.29710
20.55806 0.16985 13.29713
20.56106 0.16981 13.29717
20.56406 0.16978 13.29720
20.56706 0.16974 13.29724
20.57006 0.16971 13.29728
20.57306 0.16967 13.29731
20.57606 0.16964 13.29735
20.57906 0.16960 13.29738
20.58206 0.16957 13.29742
20.58506 0.16953 13.29745
20.58806 0.16950 13.29749
20.59106 0.16946 13.29752
20.59406 0.16943 13.29756
20.59706 0.16939 13.29759
20.60006 0.16935 13.29763
20.60306 0.16932 13.29766
20.60606 0.16928 13.29770
20.60906 0.16925 13.29773
20.61206 0.16921 13.29777
20.61506 0.16918 13.29781
20.61806 0.16914 13.29784
20.62106 0.16911 13.29788
20.62406 0.16907 13.29791
20.62706 0.16904 13.29795
20.63006 0.16900 13.29798
20.63306 0.16897 13.29802
20.63606 0.16893 13.29805
20.63906 0.16890 13.29809
20.64206 0.16886 13.29812
20.64506 0.16883 13.29816
20.64807 0.16879 13.29819
20.65107 0.16876 13.29823
20.65407 0.16872 13.29826
20.65707 0.16869 13.29830
20.66007 0.16865 13.29833
20.66307 0.16862 13.29837
20.66607 0.16858 13.29840
20.66907 0.16855 13.29844
20.67207 0.16851 13.29847
20.67507 0.16848 13.29851
20.67807 0.16844 13.29854
20.68107 0.16841 13.29858
20.68407 0.16837 13.29861
20.68707 0.16834 13.29865
20.69007 0.16830 13.29868
20.69307 0.16827 13.29872
20.69607 0.16823 13.29875
20.69907 0.16820 13.29879
20.70207 0.16816 13.29882
20.70507 0.16813 13.29886
20.70807 0.16809 13.29889
20.71107 0.16806 13.29893
20.71407 0.16802 13.29896
20.71707 0.16799 13.29900
20.72007 0.16795 13.29903
20.72307 0.16792 13.29907
20.72607 0.16788 13.29910
20.72907 0.16785 13.29914
20.73207 0.16781 13.29917
20.73507 0.16778 13.29920
20.73807 0.16774 13.29924
20.74107 0.16771 13.29927
20.74407 0.16768 13.29931
20.74708 0.16764 13.29934
20.75008 0.16761 13.29938
20.75308 0.16757 13.29941
20.75608 0.16754 13.29945
20.75908 0.16750 13.29948
20.76208 0.16747 13.29952
20.76508 0.16743 13.29955
20.76808 0.16740 13.29959
20.77108 0.16736 13.29962
20.77408 0.16733 13.29966
20.77708 0.16729 13.29969
20.78008 0.16726 13.29972
20.78308 0.16723 13.29976
20.78608 0.16719 13.29979
20.78908 0.16716 13.29983
20.79208 0.16712 13.29986
20.79508 0.16709 13.29990
20.79808 0.16705 13.29993
20.80108 0.16702 13.29997
20.80408 0.16698 13.30000
20.80708 0.16695 13.30003
20.81008 0.16691 13.30007
20.81308 0.16688 13.30010
20.81608 0.16685 13.30014
20.81908 0.16681 13.30017
20.82208 0.16678 13.30021
20.82508 0.16674 13.30024
20.82808 0.16671 13.30028
20.83108 0.16667 13.30031
20.83408 0.16664 13.30034
20.83708 0.16661 13.30038
20.84008 0.16657 13.30041
20.84308 0.16654 13.30045
20.84608 0.16650 13.30048
20.84909 0.16647 13.30052
20.85209 0.16643 13.30055
20.85509 0.16640 13.30058
20.85809 0.16637 13.30062
20.86109 0.16633 13.30065
20.86409 0.16630 13.30069
20.86709 0.16626 13.30072
20.87009 0.16623 13.30076
20.87309 0.16619 13.30079
20.87609 0.16616 13.30082
20.87909 0.16613 13.30086
20.88209 0.16609 13.30089
20.88509 0.16606 13.30093
20.88809 0.16602 13.30096
20.89109 0.16599 13.30099
20.89409 0.16595 13.30103
20.89709 0.16592 13.30106
20.90009 0.16589 13.30110
20.90309 0.16585 13.30113
20.90609 0.16582 13.30117
20.90909 0.16578 13.30120
20.91209 0.16575 13.30123
20.91509 0.16572 13.30127
20.91809 0.16568 13.30130
20.92109 0.16565 13.30134
20.92409 0.16561 13.30137
20.92709 0.16558 13.30140
20.93009 0.16555 13.30144
20.93309 0.16551 13.30147
20.93609 0.16548 13.30151
20.93909 0.16544 13.30154
20.94209 0.16541 13.30157
20.94509 0.16538 13.30161
20.94810 0.16534 13.30164
20.95110 0.16531 13.30167
20.95410 0.16528 13.30171
20.95710 0.16524 13.30174
20.96010 0.16521 13.30178
20.96310 0.16517 13.30181
20.96610 0.16514 13.30184
20.96910 0.16511 13.30188
20.97210 0.16507 13.30191
20.97510 0.16504 13.30195
20.97810 0.16500 13.30198
20.98110 0.16497 13.30201
20.98410 0.16494 13.30205
20.98710 0.16490 13.30208
20.99010 0.16487 13.30211
20.99310 0.16484 13.30215
20.99610 0.16480 13.30218
20.99910 0.16477 13.30222
21.00210 0.16473 13.30225
21.00510 0.16470 13.30228
21.00810 0.16467 13.30232
21.01110 0.16463 13.30235
21.01410 0.16460 13.30238
21.01710 0.16457 13.30242
21.02010 0.16453 13.30245
21.02310 0.16450 13.30249
21.02610 0.16447 13.30252
21.02910 0.16443 13.30255
21.03210 0.16440 13.30259
21.03510 0.16436 13.30262
21.03810 0.16433 13.30265
21.04110 0.16430 13.30269
21.04410 0.16426 13.30272
21.04711 0.16423 13.30275
21.05011 0.16420 13.30279
21.05311 0.16416 13.30282
21.05611 0.16413 13.30285
21.05911 0.16410 13.30289
21.06211 0.16406 13.30292
21.06511 0.16403 13.30295
21.06811 0.16400 13.30299
21.07111 0.16396 13.30302
21.07411 0.16393 13.30305
21.07711 0.16390 13.30309
21.08011 0.16386 13.30312
21.08311 0.16383 13.30315
21.08611 0.16380 13.30319
21.08911 0.16376 13.30322
21.09211 0.16373 13.30326
21.09511 0.16370 13.30329
21.09811 0.16366 13.30332
21.10111 0.16363 13.30336
21.10411 0.16360 13.30339
21.10711 0.16356 13.30342
21.11011 0.16353 13.30346
21.11311 0.16350 13.30349
21.11611 0.16346 13.30352
21.11911 0.16343 13.30355
21.12211 0.16340 13.30359
21.12511 0.16336 13.30362
21.12811 0.16333 13.30365
21.13111 0.16330 13.30369
21.13411 0.16326 13.30372
21.13711 0.16323 13.30375
21.14011 0.16320 13.30379
21.14311 0.16316 13.30382
21.14611 0.16313 13.30385
21.14912 0.16310 13.30389
21.15212 0.16306 13.30392
21.15512 0.16303 13.30395
21.15812 0.16300 13.30399
21.16112 0.16296 13.30402
21.16412 0.16293 13.30405
21.16712 0.16290 13.30409
21.17012 0.16287 13.30412
21.17312 0.16283 13.30415
21.17612 0.16280 13.30418
21.17912 0.16277 13.30422
21.18212 0.16273 13.30425
21.18512 0.16270 13.30428
21.18812 0.16267 13.30432
21.19112 0.16263 13.30435
21.19412 0.16260 13.30438
21.19712 0.16257 13.30442
21.20012 0.16254 13.30445
21.20312 0.16250 13.30448
21.20612 0.16247 13.30451
21.20912 0.16244 13.30455
21.21212 0.16240 13.30458
21.21512 0.16237 13.30461
21.21812 0.16234 13.30465
21.22112 0.16231 13.30468
21.22412 0.16227 13.30471
21.22712 0.16224 13.30474
21.23012 0.16221 13.30478
21.23312 0.16217 13.30481
21.23612 0.16214 13.30484
21.23912 0.16211 13.30488
21.24212 0.16208 13.30491
21.24512 0.16204 13.30494
21.24813 0.16201 13.30497
21.25113 0.16198 13.30501
21.25413 0.16194 13.30504
21.25713 0.16191 13.30507
21.26013 0.16188 13.30511
21.26313 0.16185 13.30514
21.26613 0.16181 13.30517
21.26913 0.16178 13.30520
21.27213 0.16175 13.30524
21.27513 0.16172 13.30527
21.27813 0.16168 13.30530
21.28113 0.16165 13.30533
21.28413 0.16162 13.30537
21.28713 0.16158 13.30540
21.29013 0.16155 13.30543
21.29313 0.16152 13.30546
21.29613 0.16149 13.30550
21.29913 0.16145 13.30553
21.30213 0.16142 13.30556
21.30513 0.16139 13.30559
21.30813 0.16136 13.30563
21.31113 0.16132 13.30566
21.31413 0.16129 13.30569
21.31713 0.16126 13.30572
21.32013 0.16123 13.30576
21.32313 0.16119 13.30579
21.32613 0.16116 13.30582
21.32913 0.16113 13.30585
21.33213 0.16110 13.30589
21.33513 0.16106 13.30592
21.33813 0.16103 13.30595
21.34113 0.16100 13.30598
21.34413 0.16097 13.30602
21.34714 0.16093 13.30605
21.35014 0.16090 13.30608
21.35314 0.16087 13.30611
21.35614 0.16084 13.30615
21.35914 0.16080 13.30618
21.36214 0.16077 13.30621
21.36514 0.16074 13.30624
21.36814 0.16071 13.30628
21.37114 0.16068 13.30631
21.37414 0.16064 13.30634
21.37714 0.16061 13.30637
21.38014 0.16058 13.30641
21.38314 0.16055 13.30644
21.38614 0.16051 13.30647
21.38914 0.16048 13.30650
21.39214 0.16045 13.30653
21.39514 0.16042 13.30657
21.39814 0.16038 13.30660
21.40114 0.16035 13.30663
21.40414 0.16032 13.30666
21.40714 0.16029 13.30670
21.41014 0.16026 13.30673
21.41314 0.16022 13.30676
21.41614 0.16019 13.30679
21.41914 0.16016 13.30682
21.42214 0.16013 13.30686
21.42514 0.16010 13.30689
21.42814 0.16006 13.30692
21.43114 0.16003 13.30695
21.43414 0.16000 13.30698
21.43714 0.15997 13.30702
21.44014 0.15993 13.30705
21.44314 0.15990 13.30708
21.44614 0.15987 13.30711
21.44915 0.15984 13.30715
21.45215 0.15981 13.30718
21.45515 0.15977 13.30721
21.45815 0.15974 13.30724
21.46115 0.15971 13.30727
21.46415 0.15968 13.30731
21.46715 0.15965 13.30734
21.47015 0.15961 13.30737
21.47315 0.15958 13.30740
21.47615 0.15955 13.30743
21.47915 0.15952 13.30747
21.48215 0.15949 13.30750
21.48515 0.15946 13.30753
21.48815 0.15942 13.30756
21.49115 0.15939 13.30759
21.49415 0.15936 13.30762
21.49715 0.15933 13.30766
21.50015 0.15930 13.30769
21.50315 0.15926 13.30772
21.50615 0.15923 13.30775
21.50915 0.15920 13.30778
21.51215 0.15917 13.30782
21.51515 0.15914 13.30785
21.51815 0.15910 13.30788
21.52115 0.15907 13.30791
21.52415 0.15904 13.30794
21.52715 0.15901 13.30797
21.53015 0.15898 13.30801
21.53315 0.15895 13.30804
21.53615 0.15891 13.30807
21.53915 0.15888 13.30810
21.54215 0.15885 13.30813
21.54515 0.15882 13.30817
21.54816 0.15879 13.30820
21.55116 0.15876 13.30823
21.55416 0.15872 13.30826
21.55716 0.15869 13.30829
21.56016 0.15866 13.30832
21.56316 0.15863 13.30836
21.56616 0.15860 13.30839
21.56916 0.15857 13.30842
21.57216 0.15853 13.30845
21.57516 0.15850 13.30848
21.57816 0.15847 13.30851
21.58116 0.15844 13.30854
21.58416 0.15841 13.30858
21.58716 0.15838 13.30861
21.59016 0.15834 13.30864
21.59316 0.15831 13.30867
21.59616 0.15828 13.30870
21.59916 0.15825 13.30873
21.60216 0.15822 13.30877
21.60516 0.15819 13.30880
21.60816 0.15816 13.30883
21.61116 0.15812 13.30886
21.61416 0.15809 13.30889
21.61716 0.15806 13.30892
21.62016 0.15803 13.30895
21.62316 0.15800 13.30899
21.62616 0.15797 13.30902
21.62916 0.15794 13.30905
21.63216 0.15790 13.30908
21.63516 0.15787 13.30911
21.63816 0.15784 13.30914
21.64116 0.15781 13.30917
21.64416 0.15778 13.30921
21.64716 0.15775 13.30924
21.65017 0.15772 13.30927
21.65317 0.15768 13.30930
21.65617 0.15765 13.30933
21.65917 0.15762 13.30936
21.66217 0.15759 13.30939
21.66517 0.15756 13.30942
21.66817 0.15753 13.30946
21.67117 0.15750 13.30949
21.67417 0.15747 13.30952
21.67717 0.15743 13.30955
21.68017 0.15740 13.30958
21.68317 0.15737 13.30961
21.68617 0.15734 13.30964
21.68917 0.15731 13.30967
21.69217 0.15728 13.30971
21.69517 0.15725 13.30974
21.69817 0.15722 13.30977
21.70117 0.15718 13.30980
21.70417 0.15715 13.30983
21.70717 0.15712 13.30986
21.71017 0.15709 13.30989
21.71317 0.15706 13.30992
21.71617 0.15703 13.30996
21.71917 0.15700 13.30999
21.72217 0.15697 13.31002
21.72517 0.15694 13.31005
21.72817 0.15690 13.31008
21.73117 0.15687 13.31011
21.73417 0.15684 13.31014
21.73717 0.15681 13.31017
21.74017 0.15678 13.31020
21.74317 0.15675 13.31023
21.74617 0.15672 13.31027
21.74918 0.15669 13.31030
21.75218 0.15666 13.31033
21.75518 0.15663 13.31036
21.75818 0.15659 13.31039
21.76118 0.15656 13.31042
21.76418 0.15653 13.31045
21.76718 0.15650 13.31048
21.77018 0.15647 13.31051
21.77318 0.15644 13.31054
21.77618 0.15641 13.31058
21.77918 0.15638 13.31061
21.78218 0.15635 13.31064
21.78518 0.15632 13.31067
21.78818 0.15629 13.31070
21.79118 0.15625 13.31073
21.79418 0.15622 13.31076
21.79718 0.15619 13.31079
21.80018 0.15616 13.31082
21.80318 0.15613 13.31085
21.80618 0.15610 13.31088
21.80918 0.15607 13.31091
21.81218 0.15604 13.31095
21.81518 0.15601 13.31098
21.81818 0.15598 13.31101
21.82118 0.15595 13.31104
21.82418 0.15592 13.31107
21.82718 0.15588 13.31110
21.83018 0.15585 13.31113
21.83318 0.15582 13.31116
21.83618 0.15579 13.31119
21.83918 0.15576 13.31122
21.84218 0.15573 13.31125
21.84518 0.15570 13.31128
21.84819 0.15567 13.31131
21.85119 0.15564 13.31134
21.85419 0.15561 13.31138
21.85719 0.15558 13.31141
21.86019 0.15555 13.31144
21.86319 0.15552 13.31147
21.86619 0.15549 13.31150
21.86919 0.15546 13.31153
21.87219 0.15543 13.31156
21.87519 0.15539 13.31159
21.87819 0.15536 13.31162
21.88119 0.15533 13.31165
21.88419 0.15530 13.31168
21.88719 0.15527 13.31171
21.89019 0.15524 13.31174
21.89319 0.15521 13.31177
21.89619 0.15518 13.31180
21.89919 0.15515 13.31183
21.90219 0.15512 13.31186
21.90519 0.15509 13.31189
21.90819 0.15506 13.31193
21.91119 0.15503 13.31196
21.91419 0.15500 13.31199
21.91719 0.15497 13.31202
21.92019 0.15494 13.31205
21.92319 0.15491 13.31208
21.92619 0.15488 13.31211
21.92919 0.15485 13.31214
21.93219 0.15482 13.31217
21.93519 0.15479 13.31220
21.93819 0.15475 13.31223
21.94119 0.15472 13.31226
21.94419 0.15469 13.31229
21.94719 0.15466 13.31232
21.95020 0.15463 13.31235
21.95320 0.15460 13.31238
21.95620 0.15457 13.31241
21.95920 0.15454 13.31244
21.96220 0.15451 13.31247
21.96520 0.15448 13.31250
21.96820 0.15445 13.31253
21.97120 0.15442 13.31256
21.97420 0.15439 13.31259
21.97720 0.15436 13.31262
21.98020 0.15433 13.31265
21.98320 0.15430 13.31268
21.98620 0.15427 13.31271
21.98920 0.15424 13.31274
21.99220 0.15421 13.31277
21.99520 0.15418 13.31280
21.99820 0.15415 13.31283
22.00120 0.15412 13.31286
22.00420 0.15409 13.31289
22.00720 0.15406 13.31292
22.01020 0.15403 13.31296
22.01320 0.15400 13.31299
22.01620 0.15397 13.31302
22.01920 0.15394 13.31305
22.02220 0.15391 13.31308
22.02520 0.15388 13.31311
22.02820 0.15385 13.31314
22.03120 0.15382 13.31317
22.03420 0.15379 13.31320
22.03720 0.15376 13.31323
22.04020 0.15373 13.31326
22.04320 0.15370 13.31329
22.04620 0.15367 13.31332
22.04921 0.15364 13.31335
22.05221 0.15361 13.31338
22.05521 0.15358 13.31341
22.05821 0.15355 13.31344
22.06121 0.15352 13.31347
22.06421 0.15349 13.31350
22.06721 0.15346 13.31353
22.07021 0.15343 13.31356
22.07321 0.15340 13.31359
22.07621 0.15337 13.31362
22.07921 0.15334 13.31365
22.08221 0.15331 13.31368
22.08521 0.15328 13.31371
22.08821 0.15325 13.31373
22.09121 0.15322 13.31376
22.09421 0.15319 13.31379
22.09721 0.15316 13.31382
22.10021 0.15313 13.31385
22.10321 0.15310 13.31388
22.10621 0.15307 13.31391
22.10921 0.15304 13.31394
22.11221 0.15301 13.31397
22.11521 0.15298 13.31400
22.11821 0.15295 13.31403
22.12121 0.15292 13.31406
22.12421 0.15289 13.31409
22.12721 0.15286 13.31412
22.13021 0.15283 13.31415
22.13321 0.15280 13.31418
22.13621 0.15277 13.31421
22.13921 0.15274 13.31424
22.14221 0.15271 13.31427
22.14521 0.15268 13.31430
22.14822 0.15265 13.31433
22.15122 0.15262 13.31436
22.15422 0.15259 13.31439
22.15722 0.15256 13.31442
22.16022 0.15253 13.31445
22.16322 0.15251 13.31448
22.16622 0.15248 13.31451
22.16922 0.15245 13.31454
22.17222 0.15242 13.31457
22.17522 0.15239 13.31460
22.17822 0.15236 13.31463
22.18122 0.15233 13.31466
22.18422 0.15230 13.31469
22.18722 0.15227 13.31472
22.19022 0.15224 13.31474
22.19322 0.15221 13.31477
22.19622 0.15218 13.31480
22.19922 0.15215 13.31483
22.20222 0.15212 13.31486
22.20522 0.15209 13.31489
22.20822 0.15206 13.31492
22.21122 0.15203 13.31495
22.21422 0.15200 13.31498
22.21722 0.15197 13.31501
22.22022 0.15194 13.31504
22.22322 0.15191 13.31507
22.22622 0.15189 13.31510
22.22922 0.15186 13.31513
22.23222 0.15183 13.31516
22.23522 0.15180 13.31519
22.23822 0.15177 13.31522
22.24122 0.15174 13.31525
22.24422 0.15171 13.31528
22.24722 0.15168 13.31530
22.25023 0.15165 13.31533
22.25323 0.15162 13.31536
22.25623 0.15159 13.31539
22.25923 0.15156 13.31542
22.26223 0.15153 13.31545
22.26523 0.15150 13.31548
22.26823 0.15147 13.31551
22.27123 0.15144 13.31554
22.27423 0.15142 13.31557
22.27723 0.15139 13.31560
22.28023 0.15136 13.31563
22.28323 0.15133 13.31566
22.28623 0.15130 13.31569
22.28923 0.15127 13.31571
22.29223 0.15124 13.31574
22.29523 0.15121 13.31577
22.29823 0.15118 13.31580
22.30123 0.15115 13.31583
22.30423 0.15112 13.31586
22.30723 0.15109 13.31589
22.31023 0.15106 13.31592
22.31323 0.15104 13.31595
22.31623 0.15101 13.31598
22.31923 0.15098 13.31601
22.32223 0.15095 13.31604
22.32523 0.15092 13.31606
22.32823 0.15089 13.31609
22.33123 0.15086 13.31612
22.33423 0.15083 13.31615
22.33723 0.15080 13.31618
22.34023 0.15077 13.31621
22.34323 0.15074 13.31624
22.34623 0.15072 13.31627
22.34924 0.15069 13.31630
22.35224 0.15066 13.31633
22.35524 0.15063 13.31636
22.35824 0.15060 13.31638
22.36124 0.15057 13.31641
22.36424 0.15054 13.31644
22.36724 0.15051 13.31647
22.37024 0.15048 13.31650
22.37324 0.15045 13.31653
22.37624 0.15043 13.31656
22.37924 0.15040 13.31659
22.38224 0.15037 13.31662
22.38524 0.15034 13.31665
22.38824 0.15031 13.31667
22.39124 0.15028 13.31670
22.39424 0.15025 13.31673
22.39724 0.15022 13.31676
22.40024 0.15019 13.31679
22.40324 0.15017 13.31682
22.40624 0.15014 13.31685
22.40924 0.15011 13.31688
22.41224 0.15008 13.31691
22.41524 0.15005 13.31693
22.41824 0.15002 13.31696
22.42124 0.14999 13.31699
22.42424 0.14996 13.31702
22.42724 0.14993 13.31705
22.43024 0.14991 13.31708
22.43324 0.14988 13.31711
22.43624 0.14985 13.31714
22.43924 0.14982 13.31716
22.44224 0.14979 13.31719
22.44524 0.14976 13.31722
22.44825 0.14973 13.31725
22.45125 0.14970 13.31728
22.45425 0.14968 13.31731
22.45725 0.14965 13.31734
22.46025 0.14962 13.31737
22.46325 0.14959 13.31739
22.46625 0.14956 13.31742
22.46925 0.14953 13.31745
22.47225 0.14950 13.31748
22.47525 0.14947 13.31751
22.47825 0.14945 13.31754
22.48125 0.14942 13.31757
22.48425 0.14939 13.31759
22.48725 0.14936 13.31762
22.49025 0.14933 13.31765
22.49325 0.14930 13.31768
22.49625 0.14927 13.31771
22.49925 0.14925 13.31774
22.50225 0.14922 13.31777
22.50525 0.14919 13.31780
22.50825 0.14916 13.31782
22.51125 0.14913 13.31785
22.51425 0.14910 13.31788
22.51725 0.14907 13.31791
22.52025 0.14905 13.31794
22.52325 0.14902 13.31797
22.52625 0.14899 13.31799
22.52925 0.14896 13.31802
22.53225 0.14893 13.31805
22.53525 0.14890 13.31808
22.53825 0.14888 13.31811
22.54125 0.14885 13.31814
22.54425 0.14882 13.31817
22.54725 0.14879 13.31819
22.55026 0.14876 13.31822
22.55326 0.14873 13.31825
22.55626 0.14870 13.31828
22.55926 0.14868 13.31831
22.56226 0.14865 13.31834
22.56526 0.14862 13.31836
22.56826 0.14859 13.31839
22.57126 0.14856 13.31842
22.57426 0.14853 13.31845
22.57726 0.14851 13.31848
22.58026 0.14848 13.31851
22.58326 0.14845 13.31853
22.58626 0.14842 13.31856
22.58926 0.14839 13.31859
22.59226 0.14836 13.31862
22.59526 0.14834 13.31865
22.59826 0.14831 13.31868
22.60126 0.14828 13.31870
22.60426 0.14825 13.31873
22.60726 0.14822 13.31876
22.61026 0.14819 13.31879
22.61326 0.14817 13.31882
22.61626 0.14814 13.31885
22.61926 0.14811 13.31887
22.62226 0.14808 13.31890
22.62526 0.14805 13.31893
22.62826 0.14803 13.31896
22.63126 0.14800 13.31899
22.63426 0.14797 13.31901
22.63726 0.14794 13.31904
22.64026 0.14791 13.31907
22.64326 0.14788 13.31910
22.64626 0.14786 13.31913
22.64927 0.14783 13.31916
22.65227 0.14780 13.31918
22.65527 0.14777 13.31921
22.65827 0.14774 13.31924
22.66127 0.14772 13.31927
22.66427 0.14769 13.31930
22.66727 0.14766 13.31932
22.67027 0.14763 13.31935
22.67327 0.14760 13.31938
22.67627 0.14758 13.31941
22.67927 0.14755 13.31944
22.68227 0.14752 13.31946
22.68527 0.14749 13.31949
22.68827 0.14746 13.31952
22.69127 0.14744 13.31955
22.69427 0.14741 13.31958
22.69727 0.14738 13.31960
22.70027 0.14735 13.31963
22.70327 0.14732 13.31966
22.70627 0.14730 13.31969
22.70927 0.14727 13.31972
22.71227 0.14724 13.31974
22.71527 0.14721 13.31977
22.71827 0.14718 13.31980
22.72127 0.14716 13.31983
22.72427 0.14713 13.31986
22.72727 0.14710 13.31988
22.73027 0.14707 13.31991
22.73327 0.14704 13.31994
22.73627 0.14702 13.31997
22.73927 0.14699 13.32000
22.74227 0.14696 13.32002
22.74527 0.14693 13.32005
22.74828 0.14690 13.32008
22.75128 0.14688 13.32011
22.75428 0.14685 13.32013
22.75728 0.14682 13.32016
22.76028 0.14679 13.32019
22.76328 0.14677 13.32022
22.76628 0.14674 13.32025
22.76928 0.14671 13.32027
22.77228 0.14668 13.32030
22.77528 0.14665 13.32033
22.77828 0.14663 13.32036
22.78128 0.14660 13.32038
22.78428 0.14657 13.32041
22.78728 0.14654 13.32044
22.79028 0.14652 13.32047
22.79328 0.14649 13.32050
22.79628 0.14646 13.32052
22.79928 0.14643 13.32055
22.80228 0.14641 13.32058
22.80528 0.14638 13.32061
22.80828 0.14635 13.32063
22.81128 0.14632 13.32066
22.81428 0.14629 13.32069
22.81728 0.14627 13.32072
22.82028 0.14624 13.32074
22.82328 0.14621 13.32077
22.82628 0.14618 13.32080
22.82928 0.14616 13.32083
22.83228 0.14613 13.32086
22.83528 0.14610 13.32088
22.83828 0.14607 13.32091
22.84128 0.14605 13.32094
22.84428 0.14602 13.32097
22.84728 0.14599 13.32099
22.85029 0.14596 13.32102
22.85329 0.14594 13.32105
22.85629 0.14591 13.32108
22.85929 0.14588 13.32110
22.86229 0.14585 13.32113
22.86529 0.14583 13.32116
22.86829 0.14580 13.32119
22.87129 0.14577 13.32121
22.87429 0.14574 13.32124
22.87729 0.14572 13.32127
22.88029 0.14569 13.32130
22.88329 0.14566 13.32132
22.88629 0.14563 13.32135
22.88929 0.14561 13.32138
22.89229 0.14558 13.32141
22.89529 0.14555 13.32143
22.89829 0.14552 13.32146
22.90129 0.14550 13.32149
22.90429 0.14547 13.32151
22.90729 0.14544 13.32154
22.91029 0.14541 13.32157
22.91329 0.14539 13.32160
22.91629 0.14536 13.32162
22.91929 0.14533 13.32165
22.92229 0.14530 13.32168
22.92529 0.14528 13.32171
22.92829 0.14525 13.32173
22.93129 0.14522 13.32176
22.93429 0.14520 13.32179
22.93729 0.14517 13.32182
22.94029 0.14514 13.32184
22.94329 0.14511 13.32187
22.94629 0.14509 13.32190
22.94930 0.14506 13.32192
22.95230 0.14503 13.32195
22.95530 0.14500 13.32198
22.95830 0.14498 13.32201
22.96130 0.14495 13.32203
22.96430 0.14492 13.32206
22.96730 0.14490 13.32209
22.97030 0.14487 13.32212
22.97330 0.14484 13.32214
22.97630 0.14481 13.32217
22.97930 0.14479 13.32220
22.98230 0.14476 13.32222
22.98530 0.14473 13.32225
22.98830 0.14471 13.32228
22.99130 0.14468 13.32231
22.99430 0.14465 13.32233
22.99730 0.14462 13.32236
23.00030 0.14460 13.32239
23.00330 0.14457 13.32241
23.00630 0.14454 13.32244
23.00930 0.14452 13.32247
23.01230 0.14449 13.32250
23.01530 0.14446 13.32252
23.01830 0.14443 13.32255
23.02130 0.14441 13.32258
23.02430 0.14438 13.32260
23.02730 0.14435 13.32263
23.03030 0.14433 13.32266
23.03330 0.14430 13.32268
23.03630 0.14427 13.32271
23.03930 0.14425 13.32274
23.04230 0.14422 13.32277
23.04530 0.14419 13.32279
23.04831 0.14416 13.32282
23.05131 0.14414 13.32285
23.05431 0.14411 13.32287
23.05731 0.14408 13.32290
23.06031 0.14406 13.32293
23.06331 0.14403 13.32295
23.06631 0.14400 13.32298
23.06931 0.14398 13.32301
23.07231 0.14395 13.32304
23.07531 0.14392 13.32306
23.07831 0.14389 13.32309
23.08131 0.14387 13.32312
23.08431 0.14384 13.32314
23.08731 0.14381 13.32317
23.09031 0.14379 13.32320
23.09331 0.14376 13.32322
23.09631 0.14373 13.32325
23.09931 0.14371 13.32328
23.10231 0.14368 13.32330
23.10531 0.14365 13.32333
23.10831 0.14363 13.32336
23.11131 0.14360 13.32338
23.11431 0.14357 13.32341
23.11731 0.14355 13.32344
23.12031 0.14352 13.32346
23.12331 0.14349 13.32349
23.12631 0.14347 13.32352
23.12931 0.14344 13.32354
23.13231 0.14341 13.32357
23.13531 0.14339 13.32360
23.13831 0.14336 13.32363
23.14131 0.14333 13.32365
23.14431 0.14331 13.32368
23.14731 0.14328 13.32371
23.15032 0.14325 13.32373
23.15332 0.14323 13.32376
23.15632 0.14320 13.32379
23.15932 0.14317 13.32381
23.16232 0.14315 13.32384
23.16532 0.14312 13.32387
23.16832 0.14309 13.32389
23.17132 0.14307 13.32392
23.17432 0.14304 13.32395
23.17732 0.14301 13.32397
23.18032 0.14299 13.32400
23.18332 0.14296 13.32403
23.18632 0.14293 13.32405
23.18932 0.14291 13.32408
23.19232 0.14288 13.32410
23.19532 0.14285 13.32413
23.19832 0.14283 13.32416
23.20132 0.14280 13.32418
23.20432 0.14277 13.32421
23.20732 0.14275 13.32424
23.21032 0.14272 13.32426
23.21332 0.14269 13.32429
23.21632 0.14267 13.32432
23.21932 0.14264 13.32434
23.22232 0.14261 13.32437
23.22532 0.14259 13.32440
23.22832 0.14256 13.32442
23.23132 0.14253 13.32445
23.23432 0.14251 13.32448
23.23732 0.14248 13.32450
23.24032 0.14245 13.32453
23.24332 0.14243 13.32456
23.24632 0.14240 13.32458
23.24933 0.14238 13.32461
23.25233 0.14235 13.32463
23.25533 0.14232 13.32466
23.25833 0.14230 13.32469
23.26133 0.14227 13.32471
23.26433 0.14224 13.32474
23.26733 0.14222 13.32477
23.27033 0.14219 13.32479
23.27333 0.14216 13.32482
23.27633 0.14214 13.32485
23.27933 0.14211 13.32487
23.28233 0.14209 13.32490
23.28533 0.14206 13.32492
23.28833 0.14203 13.32495
23.29133 0.14201 13.32498
23.29433 0.14198 13.32500
23.29733 0.14195 13.32503
23.30033 0.14193 13.32506
23.30333 0.14190 13.32508
23.30633 0.14187 13.32511
23.30933 0.14185 13.32514
23.31233 0.14182 13.32516
23.31533 0.14180 13.32519
23.31833 0.14177 13.32521
23.32133 0.14174 13.32524
23.32433 0.14172 13.32527
23.32733 0.14169 13.32529
23.33033 0.14167 13.32532
23.33333 0.14164 13.32535
23.33633 0.14161 13.32537
23.33933 0.14159 13.32540
23.34233 0.14156 13.32542
23.34533 0.14153 13.32545
23.34834 0.14151 13.32548
23.35134 0.14148 13.32550
23.35434 0.14146 13.32553
23.35734 0.14143 13.32555
23.36034 0.14140 13.32558
23.36334 0.14138 13.32561
23.36634 0.14135 13.32563
23.36934 0.14133 13.32566
23.37234 0.14130 13.32568
23.37534 0.14127 13.32571
23.37834 0.14125 13.32574
23.38134 0.14122 13.32576
23.38434 0.14119 13.32579
23.38734 0.14117 13.32582
23.39034 0.14114 13.32584
23.39334 0.14112 13.32587
23.39634 0.14109 13.32589
23.39934 0.14106 13.32592
23.40234 0.14104 13.32595
23.40534 0.14101 13.32597
23.40834 0.14099 13.32600
23.41134 0.14096 13.32602
23.41434 0.14093 13.32605
23.41734 0.14091 13.32608
23.42034 0.14088 13.32610
23.42334 0.14086 13.32613
23.42634 0.14083 13.32615
23.42934 0.14080 13.32618
23.43234 0.14078 13.32621
23.43534 0.14075 13.32623
23.43834 0.14073 13.32626
23.44134 0.14070 13.32628
23.44434 0.14068 13.32631
23.44734 0.14065 13.32633
23.45035 0.14062 13.32636
23.45335 0.14060 13.32639
23.45635 0.14057 13.32641
23.45935 0.14055 13.32644
23.46235 0.14052 13.32646
23.46535 0.14049 13.32649
23.46835 0.14047 13.32652
23.47135 0.14044 13.32654
23.47435 0.14042 13.32657
23.47735 0.14039 13.32659
23.48035 0.14036 13.32662
23.48335 0.14034 13.32664
23.48635 0.14031 13.32667
23.48935 0.14029 13.32670
23.49235 0.14026 13.32672
23.49535 0.14024 13.32675
23.49835 0.14021 13.32677
23.50135 0.14018 13.32680
23.50435 0.14016 13.32683
23.50735 0.14013 13.32685
23.51035 0.14011 13.32688
23.51335 0.14008 13.32690
23.51635 0.14006 13.32693
23.51935 0.14003 13.32695
23.52235 0.14000 13.32698
23.52535 0.13998 13.32701
23.52835 0.13995 13.32703
23.53135 0.13993 13.32706
23.53435 0.13990 13.32708
23.53735 0.13988 13.32711
23.54035 0.13985 13.32713
23.54335 0.13982 13.32716
23.54635 0.13980 13.32718
23.54936 0.13977 13.32721
23.55236 0.13975 13.32724
23.55536 0.13972 13.32726
23.55836 0.13970 13.32729
23.56136 0.13967 13.32731
23.56436 0.13965 13.32734
23.56736 0.13962 13.32736
23.57036 0.13959 13.32739
23.57336 0.13957 13.32742
23.57636 0.13954 13.32744
23.57936 0.13952 13.32747
23.58236 0.13949 13.32749
23.58536 0.13947 13.32752
23.58836 0.13944 13.32754
23.59136 0.13942 13.32757
23.59436 0.13939 13.32759
23.59736 0.13936 13.32762
23.60036 0.13934 13.32764
23.60336 0.13931 13.32767
23.60636 0.13929 13.32770
23.60936 0.13926 13.32772
23.61236 0.13924 13.32775
23.61536 0.13921 13.32777
23.61836 0.13919 13.32780
23.62136 0.13916 13.32782
23.62436 0.13914 13.32785
23.62736 0.13911 13.32787
23.63036 0.13908 13.32790
23.63336 0.13906 13.32792
23.63636 0.13903 13.32795
23.63936 0.13901 13.32798
23.64236 0.13898 13.32800
23.64536 0.13896 13.32803
23.64837 0.13893 13.32805
23.65137 0.13891 13.32808
23.65437 0.13888 13.32810
23.65737 0.13886 13.32813
23.66037 0.13883 13.32815
23.66337 0.13881 13.32818
23.66637 0.13878 13.32820
23.66937 0.13875 13.32823
23.67237 0.13873 13.32825
23.67537 0.13870 13.32828
23.67837 0.13868 13.32830
23.68137 0.13865 13.32833
23.68437 0.13863 13.32836
23.68737 0.13860 13.32838
23.69037 0.13858 13.32841
23.69337 0.13855 13.32843
23.69637 0.13853 13.32846
23.69937 0.13850 13.32848
23.70237 0.13848 13.32851
23.70537 0.13845 13.32853
23.70837 0.13843 13.32856
23.71137 0.13840 13.32858
23.71437 0.13838 13.32861
23.71737 0.13835 13.32863
23.72037 0.13833 13.32866
23.72337 0.13830 13.32868
23.72637 0.13828 13.32871
23.72937 0.13825 13.32873
23.73237 0.13823 13.32876
23.73537 0.13820 13.32878
23.73837 0.13817 13.32881
23.74137 0.13815 13.32883
23.74437 0.13812 13.32886
23.74737 0.13810 13.32888
23.75038 0.13807 13.32891
23.75338 0.13805 13.32893
23.75638 0.13802 13.32896
23.75938 0.13800 13.32898
23.76238 0.13797 13.32901
23.76538 0.13795 13.32904
23.76838 0.13792 13.32906
23.77138 0.13790 13.32909
23.77438 0.13787 13.32911
23.77738 0.13785 13.32914
23.78038 0.13782 13.32916
23.78338 0.13780 13.32919
23.78638 0.13777 13.32921
23.78938 0.13775 13.32924
23.79238 0.13772 13.32926
23.79538 0.13770 13.32929
23.79838 0.13767 13.32931
23.80138 0.13765 13.32934
23.80438 0.13762 13.32936
23.80738 0.13760 13.32939
23.81038 0.13757 13.32941
23.81338 0.13755 13.32944
23.81638 0.13752 13.32946
23.81938 0.13750 13.32949
23.82238 0.13747 13.32951
23.82538 0.13745 13.32953
23.82838 0.13742 13.32956
23.83138 0.13740 13.32958
23.83438 0.13737 13.32961
23.83738 0.13735 13.32963
23.84038 0.13732 13.32966
23.84338 0.13730 13.32968
23.84638 0.13727 13.32971
23.84939 0.13725 13.32973
23.85239 0.13723 13.32976
23.85539 0.13720 13.32978
23.85839 0.13718 13.32981
23.86139 0.13715 13.32983
23.86439 0.13713 13.32986
23.86739 0.13710 13.32988
23.87039 0.13708 13.32991
23.87339 0.13705 13.32993
23.87639 0.13703 13.32996
23.87939 0.13700 13.32998
23.88239 0.13698 13.33001
23.88539 0.13695 13.33003
23.88839 0.13693 13.33006
23.89139 0.13690 13.33008
23.89439 0.13688 13.33011
23.89739 0.13685 13.33013
23.90039 0.13683 13.33016
23.90339 0.13680 13.33018
23.90639 0.13678 13.33020
23.90939 0.13675 13.33023
23.91239 0.13673 13.33025
23.91539 0.13670 13.33028
23.91839 0.13668 13.33030
23.92139 0.13666 13.33033
23.92439 0.13663 13.33035
23.92739 0.13661 13.33038
23.93039 0.13658 13.33040
23.93339 0.13656 13.33043
23.93639 0.13653 13.33045
23.93939 0.13651 13.33048
23.94239 0.13648 13.33050
23.94539 0.13646 13.33053
23.94840 0.13643 13.33055
23.95140 0.13641 13.33057
23.95440 0.13638 13.33060
23.95740 0.13636 13.33062
23.96040 0.13634 13.33065
23.96340 0.13631 13.33067
23.96640 0.13629 13.33070
23.96940 0.13626 13.33072
23.97240 0.13624 13.33075
23.97540 0.13621 13.33077
23.97840 0.13619 13.33080
23.98140 0.13616 13.33082
23.98440 0.13614 13.33084
23.98740 0.13611 13.33087
23.99040 0.13609 13.33089
23.99340 0.13607 13.33092
23.99640 0.13604 13.33094
23.99940 0.13602 13.33097
24.00240 0.13599 13.33099
24.00540 0.13597 13.33102
24.00840 0.13594 13.33104
24.01140 0.13592 13.33107
24.01440 0.13589 13.33109
24.01740 0.13587 13.33111
24.02040 0.13585 13.33114
24.02340 0.13582 13.33116
24.02640 0.13580 13.33119
24.02940 0.13577 13.33121
24.03240 0.13575 13.33124
24.03540 0.13572 13.33126
24.03840 0.13570 13.33129
24.04140 0.13567 13.33131
24.04440 0.13565 13.33133
24.04740 0.13563 13.33136
24.05041 0.13560 13.33138
24.05341 0.13558 13.33141
24.05641 0.13555 13.33143
24.05941 0.13553 13.33146
24.06241 0.13550 13.33148
24.06541 0.13548 13.33150
24.06841 0.13546 13.33153
24.07141 0.13543 13.33155
24.07441 0.13541 13.33158
24.07741 0.13538 13.33160
24.08041 0.13536 13.33163
24.08341 0.13533 13.33165
24.08641 0.13531 13.33167
24.08941 0.13529 13.33170
24.09241 0.13526 13.33172
24.09541 0.13524 13.33175
24.09841 0.13521 13.33177
24.10141 0.13519 13.33180
24.10441 0.13516 13.33182
24.10741 0.13514 13.33184
24.11041 0.13512 13.33187
24.11341 0.13509 13.33189
24.11641 0.13507 13.33192
24.11941 0.13504 13.33194
24.12241 0.13502 13.33197
24.12541 0.13499 13.33199
24.12841 0.13497 13.33201
24.13141 0.13495 13.33204
24.13441 0.13492 13.33206
24.13741 0.13490 13.33209
24.14041 0.13487 13.33211
24.14341 0.13485 13.33213
24.14641 0.13483 13.33216
24.14942 0.13480 13.33218
24.15242 0.13478 13.33221
24.15542 0.13475 13.33223
24.15842 0.13473 13.33225
24.16142 0.13470 13.33228
24.16442 0.13468 13.33230
24.16742 0.13466 13.33233
24.17042 0.13463 13.33235
24.17342 0.13461 13.33238
24.17642 0.13458 13.33240
24.17942 0.13456 13.33242
24.18242 0.13454 13.33245
24.18542 0.13451 13.33247
24.18842 0.13449 13.33250
24.19142 0.13446 13.33252
24.19442 0.13444 13.33254
24.19742 0.13442 13.33257
24.20042 0.13439 13.33259
24.20342 0.13437 13.33262
24.20642 0.13434 13.33264
24.20942 0.13432 13.33266
24.21242 0.13430 13.33269
24.21542 0.13427 13.33271
24.21842 0.13425 13.33274
24.22142 0.13422 13.33276
24.22442 0.13420 13.33278
24.22742 0.13418 13.33281
24.23042 0.13415 13.33283
24.23342 0.13413 13.33286
24.23642 0.13410 13.33288
24.23942 0.13408 13.33290
24.24242 0.13406 13.33293
24.24542 0.13403 13.33295
24.24843 0.13401 13.33297
24.25143 0.13399 13.33300
24.25443 0.13396 13.33302
24.25743 0.13394 13.33305
24.26043 0.13391 13.33307
24.26343 0.13389 13.33309
24.26643 0.13387 13.33312
24.26943 0.13384 13.33314
24.27243 0.13382 13.33317
24.27543 0.13379 13.33319
24.27843 0.13377 13.33321
24.28143 0.13375 13.33324
24.28443 0.13372 13.33326
24.28743 0.13370 13.33328
24.29043 0.13368 13.33331
24.29343 0.13365 13.33333
24.29643 0.13363 13.33336
24.29943 0.13360 13.33338
24.30243 0.13358 13.33340
24.30543 0.13356 13.33343
24.30843 0.13353 13.33345
24.31143 0.13351 13.33347
24.31443 0.13349 13.33350
24.31743 0.13346 13.33352
24.32043 0.13344 13.33355
24.32343 0.13341 13.33357
24.32643 0.13339 13.33359
24.32943 0.13337 13.33362
24.33243 0.13334 13.33364
24.33543 0.13332 13.33366
24.33843 0.13330 13.33369
24.34143 0.13327 13.33371
24.34443 0.13325 13.33374
24.34743 0.13322 13.33376
24.35044 0.13320 13.33378
24.35344 0.13318 13.33381
24.35644 0.13315 13.33383
24.35944 0.13313 13.33385
24.36244 0.13311 13.33388
24.36544 0.13308 13.33390
24.36844 0.13306 13.33392
24.37144 0.13304 13.33395
24.37444 0.13301 13.33397
24.37744 0.13299 13.33400
24.38044 0.13297 13.33402
24.38344 0.13294 13.33404
24.38644 0.13292 13.33407
24.38944 0.13289 13.33409
24.39244 0.13287 13.33411
24.39544 0.13285 13.33414
24.39844 0.13282 13.33416
24.40144 0.13280 13.33418
24.40444 0.13278 13.33421
24.40744 0.13275 13.33423
24.41044 0.13273 13.33425
24.41344 0.13271 13.33428
24.41644 0.13268 13.33430
24.41944 0.13266 13.33432
24.42244 0.13264 13.33435
24.42544 0.13261 13.33437
24.42844 0.13259 13.33440
24.43144 0.13257 13.33442
24.43444 0.13254 13.33444
24.43744 0.13252 13.33447
24.44044 0.13249 13.33449
24.44344 0.13247 13.33451
24.44644 0.13245 13.33454
24.44945 0.13242 13.33456
24.45245 0.13240 13.33458
24.45545 0.13238 13.33461
24.45845 0.13235 13.33463
24.46145 0.13233 13.33465
24.46445 0.13231 13.33468
24.46745 0.13228 13.33470
24.47045 0.13226 13.33472
24.47345 0.13224 13.33475
24.47645 0.13221 13.33477
24.47945 0.13219 13.33479
24.48245 0.13217 13.33482
24.48545 0.13214 13.33484
24.48845 0.13212 13.33486
24.49145 0.13210 13.33489
24.49445 0.13207 13.33491
24.49745 0.13205 13.33493
24.50045 0.13203 13.33496
24.50345 0.13200 13.33498
24.50645 0.13198 13.33500
24.50945 0.13196 13.33503
24.51245 0.13193 13.33505
24.51545 0.13191 13.33507
24.51845 0.13189 13.33510
24.52145 0.13186 13.33512
24.52445 0.13184 13.33514
24.52745 0.13182 13.33517
24.53045 0.13179 13.33519
24.53345 0.13177 13.33521
24.53645 0.13175 13.33524
24.53945 0.13173 13.33526
24.54245 0.13170 13.33528
24.54545 0.13168 13.33531
24.54846 0.13166 13.33533
24.55146 0.13163 13.33535
24.55446 0.13161 13.33537
24.55746 0.13159 13.33540
24.56046 0.13156 13.33542
24.56346 0.13154 13.33544
24.56646 0.13152 13.33547
24.56946 0.13149 13.33549
24.57246 0.13147 13.33551
24.57546 0.13145 13.33554
24.57846 0.13142 13.33556
24.58146 0.13140 13.33558
24.58446 0.13138 13.33561
24.58746 0.13135 13.33563
24.59046 0.13133 13.33565
24.59346 0.13131 13.33568
24.59646 0.13129 13.33570
24.59946 0.13126 13.33572
24.60246 0.13124 13.33574
24.60546 0.13122 13.33577
24.60846 0.13119 13.33579
24.61146 0.13117 13.33581
24.61446 0.13115 13.33584
24.61746 0.13112 13.33586
24.62046 0.13110 13.33588
24.62346 0.13108 13.33591
24.62646 0.13106 13.33593
24.62946 0.13103 13.33595
24.63246 0.13101 13.33597
24.63546 0.13099 13.33600
24.63846 0.13096 13.33602
24.64146 0.13094 13.33604
24.64446 0.13092 13.33607
24.64746 0.13089 13.33609
24.65047 0.13087 13.33611
24.65347 0.13085 13.33614
24.65647 0.13083 13.33616
24.65947 0.13080 13.33618
24.66247 0.13078 13.33620
24.66547 0.13076 13.33623
24.66847 0.13073 13.33625
24.67147 0.13071 13.33627
24.67447 0.13069 13.33630
24.67747 0.13066 13.33632
24.68047 0.13064 13.33634
24.68347 0.13062 13.33637
24.68647 0.13060 13.33639
24.68947 0.13057 13.33641
24.69247 0.13055 13.33643
24.69547 0.13053 13.33646
24.69847 0.13050 13.33648
24.70147 0.13048 13.33650
24.70447 0.13046 13.33653
24.70747 0.13044 13.33655
24.71047 0.13041 13.33657
24.71347 0.13039 13.33659
24.71647 0.13037 13.33662
24.71947 0.13034 13.33664
24.72247 0.13032 13.33666
24.72547 0.13030 13.33668
24.72847 0.13028 13.33671
24.73147 0.13025 13.33673
24.73447 0.13023 13.33675
24.73747 0.13021 13.33678
24.74047 0.13019 13.33680
24.74347 0.13016 13.33682
24.74647 0.13014 13.33684
24.74948 0.13012 13.33687
24.75248 0.13009 13.33689
24.75548 0.13007 13.33691
24.75848 0.13005 13.33694
24.76148 0.13003 13.33696
24.76448 0.13000 13.33698
24.76748 0.12998 13.33700
24.77048 0.12996 13.33703
24.77348 0.12994 13.33705
24.77648 0.12991 13.33707
24.77948 0.12989 13.33709
24.78248 0.12987 13.33712
24.78548 0.12984 13.33714
24.78848 0.12982 13.33716
24.79148 0.12980 13.33718
24.79448 0.12978 13.33721
24.79748 0.12975 13.33723
24.80048 0.12973 13.33725
24.80348 0.12971 13.33728
24.80648 0.12969 13.33730
24.80948 0.12966 13.33732
24.81248 0.12964 13.33734
24.81548 0.12962 13.33737
24.81848 0.12960 13.33739
24.82148 0.12957 13.33741
24.82448 0.12955 13.33743
24.82748 0.12953 13.33746
24.83048 0.12951 13.33748
24.83348 0.12948 13.33750
24.83648 0.12946 13.33752
24.83948 0.12944 13.33755
24.84248 0.12942 13.33757
24.84548 0.12939 13.33759
24.84849 0.12937 13.33761
24.85149 0.12935 13.33764
24.85449 0.12933 13.33766
24.85749 0.12930 13.33768
24.86049 0.12928 13.33770
24.86349 0.12926 13.33773
24.86649 0.12924 13.33775
24.86949 0.12921 13.33777
24.87249 0.12919 13.33779
24.87549 0.12917 13.33782
24.87849 0.12915 13.33784
24.88149 0.12912 13.33786
24.88449 0.12910 13.33788
24.88749 0.12908 13.33791
24.89049 0.12906 13.33793
24.89349 0.12903 13.33795
24.89649 0.12901 13.33797
24.89949 0.12899 13.33800
24.90249 0.12897 13.33802
24.90549 0.12894 13.33804
24.90849 0.12892 13.33806
24.91149 0.12890 13.33809
24.91449 0.12888 13.33811
24.91749 0.12885 13.33813
24.92049 0.12883 13.33815
24.92349 0.12881 13.33817
24.92649 0.12879 13.33820
24.92949 0.12876 13.33822
24.93249 0.12874 13.33824
24.93549 0.12872 13.33826
24.93849 0.12870 13.33829
24.94149 0.12868 13.33831
24.94449 0.12865 13.33833
24.94749 0.12863 13.33835
24.95050 0.12861 13.33838
24.95350 0.12859 13.33840
24.95650 0.12856 13.33842
24.95950 0.12854 13.33844
24.96250 0.12852 13.33846
24.96550 0.12850 13.33849
24.96850 0.12847 13.33851
24.97150 0.12845 13.33853
24.97450 0.12843 13.33855
24.97750 0.12841 13.33858
24.98050 0.12839 13.33860
24.98350 0.12836 13.33862
24.98650 0.12834 13.33864
24.98950 0.12832 13.33867
24.99250 0.12830 13.33869
24.99550 0.12827 13.33871
24.99850 0.12825 13.33873
25.00150 0.12823 13.33875
25.00450 0.12821 13.33878
25.00750 0.12819 13.33880
25.01050 0.12816 13.33882
25.01350 0.12814 13.33884
25.01650 0.12812 13.33886
25.01950 0.12810 13.33889
25.02250 0.12807 13.33891
25.02550 0.12805 13.33893
25.02850 0.12803 13.33895
25.03150 0.12801 13.33898
25.03450 0.12799 13.33900
25.03750 0.12796 13.33902
25.04050 0.12794 13.33904
25.04350 0.12792 13.33906
25.04650 0.12790 13.33909
25.04951 0.12788 13.33911
25.05251 0.12785 13.33913
25.05551 0.12783 13.33915
25.05851 0.12781 13.33917
25.06151 0.12779 13.33920
25.06451 0.12777 13.33922
25.06751 0.12774 13.33924
25.07051 0.12772 13.33926
25.07351 0.12770 13.33928
25.07651 0.12768 13.33931
25.07951 0.12766 13.33933
25.08251 0.12763 13.33935
25.08551 0.12761 13.33937
25.08851 0.12759 13.33939
25.09151 0.12757 13.33942
25.09451 0.12754 13.33944
25.09751 0.12752 13.33946
25.10051 0.12750 13.33948
25.10351 0.12748 13.33950
25.10651 0.12746 13.33953
25.10951 0.12744 13.33955
25.11251 0.12741 13.33957
25.11551 0.12739 13.33959
25.11851 0.12737 13.33961
25.12151 0.12735 13.33964
25.12451 0.12733 13.33966
25.12751 0.12730 13.33968
25.13051 0.12728 13.33970
25.13351 0.12726 13.33972
25.13651 0.12724 13.33975
25.13951 0.12722 13.33977
25.14251 0.12719 13.33979
25.14551 0.12717 13.33981
25.14852 0.12715 13.33983
25.15152 0.12713 13.33986
25.15452 0.12711 13.33988
25.15752 0.12708 13.33990
25.16052 0.12706 13.33992
25.16352 0.12704 13.33994
25.16652 0.12702 13.33997
25.16952 0.12700 13.33999
25.17252 0.12698 13.34001
25.17552 0.12695 13.34003
25.17852 0.12693 13.34005
25.18152 0.12691 13.34007
25.18452 0.12689 13.34010
25.18752 0.12687 13.34012
25.19052 0.12684 13.34014
25.19352 0.12682 13.34016
25.19652 0.12680 13.34018
25.19952 0.12678 13.34020
25.20252 0.12676 13.34023
25.20552 0.12674 13.34025
25.20852 0.12671 13.34027
25.21152 0.12669 13.34029
25.21452 0.12667 13.34031
25.21752 0.12665 13.34034
25.22052 0.12663 13.34036
25.22352 0.12660 13.34038
25.22652 0.12658 13.34040
25.22952 0.12656 13.34042
25.23252 0.12654 13.34044
25.23552 0.12652 13.34047
25.23852 0.12650 13.34049
25.24152 0.12647 13.34051
25.24452 0.12645 13.34053
25.24752 0.12643 13.34055
25.25053 0.12641 13.34057
25.25353 0.12639 13.34060
25.25653 0.12637 13.34062
25.25953 0.12634 13.34064
25.26253 0.12632 13.34066
25.26553 0.12630 13.34068
25.26853 0.12628 13.34070
25.27153 0.12626 13.34073
25.27453 0.12624 13.34075
25.27753 0.12621 13.34077
25.28053 0.12619 13.34079
25.28353 0.12617 13.34081
25.28653 0.12615 13.34083
25.28953 0.12613 13.34086
25.29253 0.12611 13.34088
25.29553 0.12609 13.34090
25.29853 0.12606 13.34092
25.30153 0.12604 13.34094
25.30453 0.12602 13.34096
25.30753 0.12600 13.34098
25.31053 0.12598 13.34101
25.31353 0.12596 13.34103
25.31653 0.12593 13.34105
25.31953 0.12591 13.34107
25.32253 0.12589 13.34109
25.32553 0.12587 13.34111
25.32853 0.12585 13.34114
25.33153 0.12583 13.34116
25.33453 0.12581 13.34118
25.33753 0.12578 13.34120
25.34053 0.12576 13.34122
25.34353 0.12574 13.34124
25.34653 0.12572 13.34126
25.34954 0.12570 13.34129
25.35254 0.12568 13.34131
25.35554 0.12565 13.34133
25.35854 0.12563 13.34135
25.36154 0.12561 13.34137
25.36454 0.12559 13.34139
25.36754 0.12557 13.34141
25.37054 0.12555 13.34144
25.37354 0.12553 13.34146
25.37654 0.12550 13.34148
25.37954 0.12548 13.34150
25.38254 0.12546 13.34152
25.38554 0.12544 13.34154
25.38854 0.12542 13.34156
25.39154 0.12540 13.34159
25.39454 0.12538 13.34161
25.39754 0.12536 13.34163
25.40054 0.12533 13.34165
25.40354 0.12531 13.34167
25.40654 0.12529 13.34169
25.40954 0.12527 13.34171
25.41254 0.12525 13.34174
25.41554 0.12523 13.34176
25.41854 0.12521 13.34178
25.42154 0.12518 13.34180
25.42454 0.12516 13.34182
25.42754 0.12514 13.34184
25.43054 0.12512 13.34186
25.43354 0.12510 13.34188
25.43654 0.12508 13.34191
25.43954 0.12506 13.34193
25.44254 0.12504 13.34195
25.44554 0.12501 13.34197
25.44855 0.12499 13.34199
25.45155 0.12497 13.34201
25.45455 0.12495 13.34203
25.45755 0.12493 13.34205
25.46055 0.12491 13.34208
25.46355 0.12489 13.34210
25.46655 0.12487 13.34212
25.46955 0.12484 13.34214
25.47255 0.12482 13.34216
25.47555 0.12480 13.34218
25.47855 0.12478 13.34220
25.48155 0.12476 13.34222
25.48455 0.12474 13.34225
25.48755 0.12472 13.34227
25.49055 0.12470 13.34229
25.49355 0.12467 13.34231
25.49655 0.12465 13.34233
25.49955 0.12463 13.34235
25.50255 0.12461 13.34237
25.50555 0.12459 13.34239
25.50855 0.12457 13.34242
25.51155 0.12455 13.34244
25.51455 0.12453 13.34246
25.51755 0.12451 13.34248
25.52055 0.12448 13.34250
25.52355 0.12446 13.34252
25.52655 0.12444 13.34254
25.52955 0.12442 13.34256
25.53255 0.12440 13.34258
25.53555 0.12438 13.34261
25.53855 0.12436 13.34263
25.54155 0.12434 13.34265
25.54455 0.12432 13.34267
25.54755 0.12429 13.34269
25.55056 0.12427 13.34271
25.55356 0.12425 13.34273
25.55656 0.12423 13.34275
25.55956 0.12421 13.34277
25.56256 0.12419 13.34280
25.56556 0.12417 13.34282
25.56856 0.12415 13.34284
25.57156 0.12413 13.34286
25.57456 0.12410 13.34288
25.57756 0.12408 13.34290
25.58056 0.12406 13.34292
25.58356 0.12404 13.34294
25.58656 0.12402 13.34296
25.58956 0.12400 13.34298
25.59256 0.12398 13.34301
25.59556 0.12396 13.34303
25.59856 0.12394 13.34305
25.60156 0.12392 13.34307
25.60456 0.12389 13.34309
25.60756 0.12387 13.34311
25.61056 0.12385 13.34313
25.61356 0.12383 13.34315
25.61656 0.12381 13.34317
25.61956 0.12379 13.34319
25.62256 0.12377 13.34321
25.62556 0.12375 13.34324
25.62856 0.12373 13.34326
25.63156 0.12371 13.34328
25.63456 0.12369 13.34330
25.63756 0.12366 13.34332
25.64056 0.12364 13.34334
25.64356 0.12362 13.34336
25.64656 0.12360 13.34338
25.64957 0.12358 13.34340
25.65257 0.12356 13.34342
25.65557 0.12354 13.34344
25.65857 0.12352 13.34347
25.66157 0.12350 13.34349
25.66457 0.12348 13.34351
25.66757 0.12346 13.34353
25.67057 0.12344 13.34355
25.67357 0.12341 13.34357
25.67657 0.12339 13.34359
25.67957 0.12337 13.34361
25.68257 0.12335 13.34363
25.68557 0.12333 13.34365
25.68857 0.12331 13.34367
25.69157 0.12329 13.34369
25.69457 0.12327 13.34372
25.69757 0.12325 13.34374
25.70057 0.12323 13.34376
25.70357 0.12321 13.34378
25.70657 0.12319 13.34380
25.70957 0.12317 13.34382
25.71257 0.12314 13.34384
25.71557 0.12312 13.34386
25.71857 0.12310 13.34388
25.72157 0.12308 13.34390
25.72457 0.12306 13.34392
25.72757 0.12304 13.34394
25.73057 0.12302 13.34396
25.73357 0.12300 13.34398
25.73657 0.12298 13.34401
25.73957 0.12296 13.34403
25.74257 0.12294 13.34405
25.74557 0.12292 13.34407
25.74857 0.12290 13.34409
25.75158 0.12288 13.34411
25.75458 0.12285 13.34413
25.75758 0.12283 13.34415
25.76058 0.12281 13.34417
25.76358 0.12279 13.34419
25.76658 0.12277 13.34421
25.76958 0.12275 13.34423
25.77258 0.12273 13.34425
25.77558 0.12271 13.34427
25.77858 0.12269 13.34429
25.78158 0.12267 13.34432
25.78458 0.12265 13.34434
25.78758 0.12263 13.34436
25.79058 0.12261 13.34438
25.79358 0.12259 13.34440
25.79658 0.12257 13.34442
25.79958 0.12255 13.34444
25.80258 0.12252 13.34446
25.80558 0.12250 13.34448
25.80858 0.12248 13.34450
25.81158 0.12246 13.34452
25.81458 0.12244 13.34454
25.81758 0.12242 13.34456
25.82058 0.12240 13.34458
25.82358 0.12238 13.34460
25.82658 0.12236 13.34462
25.82958 0.12234 13.34464
25.83258 0.12232 13.34466
25.83558 0.12230 13.34469
25.83858 0.12228 13.34471
25.84158 0.12226 13.34473
25.84458 0.12224 13.34475
25.84758 0.12222 13.34477
25.85059 0.12220 13.34479
25.85359 0.12218 13.34481
25.85659 0.12216 13.34483
25.85959 0.12213 13.34485
25.86259 0.12211 13.34487
25.86559 0.12209 13.34489
25.86859 0.12207 13.34491
25.87159 0.12205 13.34493
25.87459 0.12203 13.34495
25.87759 0.12201 13.34497
25.88059 0.12199 13.34499
25.88359 0.12197 13.34501
25.88659 0.12195 13.34503
25.88959 0.12193 13.34505
25.89259 0.12191 13.34507
25.89559 0.12189 13.34509
25.89859 0.12187 13.34511
25.90159 0.12185 13.34514
25.90459 0.12183 13.34516
25.90759 0.12181 13.34518
25.91059 0.12179 13.34520
25.91359 0.12177 13.34522
25.91659 0.12175 13.34524
25.91959 0.12173 13.34526
25.92259 0.12171 13.34528
25.92559 0.12169 13.34530
25.92859 0.12167 13.34532
25.93159 0.12165 13.34534
25.93459 0.12162 13.34536
25.93759 0.12160 13.34538
25.94059 0.12158 13.34540
25.94359 0.12156 13.34542
25.94659 0.12154 13.34544
25.94960 0.12152 13.34546
25.95260 0.12150 13.34548
25.95560 0.12148 13.34550
25.95860 0.12146 13.34552
25.96160 0.12144 13.34554
25.96460 0.12142 13.34556
25.96760 0.12140 13.34558
25.97060 0.12138 13.34560
25.97360 0.12136 13.34562
25.97660 0.12134 13.34564
25.97960 0.12132 13.34566
25.98260 0.12130 13.34568
25.98560 0.12128 13.34570
25.98860 0.12126 13.34572
25.99160 0.12124 13.34574
25.99460 0.12122 13.34576
25.99760 0.12120 13.34578
26.00060 0.12118 13.34580
26.00360 0.12116 13.34582
26.00660 0.12114 13.34585
26.00960 0.12112 13.34587
26.01260 0.12110 13.34589
26.01560 0.12108 13.34591
26.01860 0.12106 13.34593
26.02160 0.12104 13.34595
26.02460 0.12102 13.34597
26.02760 0.12100 13.34599
26.03060 0.12098 13.34601
26.03360 0.12096 13.34603
26.03660 0.12094 13.34605
26.03960 0.12092 13.34607
26.04260 0.12090 13.34609
26.04560 0.12088 13.34611
26.04860 0.12086 13.34613
26.05161 0.12084 13.34615
26.05461 0.12082 13.34617
26.05761 0.12080 13.34619
26.06061 0.12078 13.34621
26.06361 0.12076 13.34623
26.06661 0.12074 13.34625
26.06961 0.12072 13.34627
26.07261 0.12070 13.34629
26.07561 0.12068 13.34631
26.07861 0.12066 13.34633
26.08161 0.12064 13.34635
26.08461 0.12062 13.34637
26.08761 0.12060 13.34639
26.09061 0.12058 13.34641
26.09361 0.12056 13.34643
26.09661 0.12054 13.34645
26.09961 0.12052 13.34647
26.10261 0.12050 13.34649
26.10561 0.12048 13.34651
26.10861 0.12046 13.34653
26.11161 0.12044 13.34655
26.11461 0.12042 13.34657
26.11761 0.12040 13.34659
26.12061 0.12038 13.34661
26.12361 0.12036 13.34663
26.12661 0.12034 13.34665
26.12961 0.12032 13.34667
26.13261 0.12030 13.34669
26.13561 0.12028 13.34671
26.13861 0.12026 13.34673
26.14161 0.12024 13.34675
26.14461 0.12022 13.34677
26.14761 0.12020 13.34679
26.15062 0.12018 13.34681
26.15362 0.12016 13.34683
26.15662 0.12014 13.34685
26.15962 0.12012 13.34687
26.16262 0.12010 13.34689
26.16562 0.12008 13.34691
26.16862 0.12006 13.34693
26.17162 0.12004 13.34695
26.17462 0.12002 13.34697
26.17762 0.12000 13.34699
26.18062 0.11998 13.34701
26.18362 0.11996 13.34703
26.18662 0.11994 13.34705
26.18962 0.11992 13.34707
26.19262 0.11990 13.34709
26.19562 0.11988 13.34711
26.19862 0.11986 13.34713
26.20162 0.11984 13.34715
26.20462 0.11982 13.34717
26.20762 0.11980 13.34719
26.21062 0.11978 13.34720
26.21362 0.11976 13.34722
26.21662 0.11974 13.34724
26.21962 0.11972 13.34726
26.22262 0.11970 13.34728
26.22562 0.11968 13.34730
26.22862 0.11966 13.34732
26.23162 0.11964 13.34734
26.23462 0.11962 13.34736
26.23762 0.11960 13.34738
26.24062 0.11958 13.34740
26.24362 0.11956 13.34742
26.24662 0.11954 13.34744
26.24963 0.11952 13.34746
26.25263 0.11950 13.34748
26.25563 0.11948 13.34750
26.25863 0.11946 13.34752
26.26163 0.11944 13.34754
26.26463 0.11942 13.34756
26.26763 0.11940 13.34758
26.27063 0.11938 13.34760
26.27363 0.11936 13.34762
26.27663 0.11934 13.34764
26.27963 0.11932 13.34766
26.28263 0.11931 13.34768
26.28563 0.11929 13.34770
26.28863 0.11927 13.34772
26.29163 0.11925 13.34774
26.29463 0.11923 13.34776
26.29763 0.11921 13.34778
26.30063 0.11919 13.34780
26.30363 0.11917 13.34782
26.30663 0.11915 13.34784
26.30963 0.11913 13.34786
26.31263 0.11911 13.34788
26.31563 0.11909 13.34789
26.31863 0.11907 13.34791
26.32163 0.11905 13.34793
26.32463 0.11903 13.34795
26.32763 0.11901 13.34797
26.33063 0.11899 13.34799
26.33363 0.11897 13.34801
26.33663 0.11895 13.34803
26.33963 0.11893 13.34805
26.34263 0.11891 13.34807
26.34563 0.11889 13.34809
26.34863 0.11887 13.34811
26.35164 0.11885 13.34813
26.35464 0.11883 13.34815
26.35764 0.11881 13.34817
26.36064 0.11880 13.34819
26.36364 0.11878 13.34821
26.36664 0.11876 13.34823
26.36964 0.11874 13.34825
26.37264 0.11872 13.34827
26.37564 0.11870 13.34829
26.37864 0.11868 13.34831
26.38164 0.11866 13.34833
26.38464 0.11864 13.34834
26.38764 0.11862 13.34836
26.39064 0.11860 13.34838
26.39364 0.11858 13.34840
26.39664 0.11856 13.34842
26.39964 0.11854 13.34844
26.40264 0.11852 13.34846
26.40564 0.11850 13.34848
26.40864 0.11848 13.34850
26.41164 0.11846 13.34852
26.41464 0.11844 13.34854
26.41764 0.11842 13.34856
26.42064 0.11841 13.34858
26.42364 0.11839 13.34860
26.42664 0.11837 13.34862
26.42964 0.11835 13.34864
26.43264 0.11833 13.34866
26.43564 0.11831 13.34868
26.43864 0.11829 13.34869
26.44164 0.11827 13.34871
26.44464 0.11825 13.34873
26.44764 0.11823 13.34875
26.45065 0.11821 13.34877
26.45365 0.11819 13.34879
26.45665 0.11817 13.34881
26.45965 0.11815 13.34883
26.46265 0.11813 13.34885
26.46565 0.11811 13.34887
26.46865 0.11810 13.34889
26.47165 0.11808 13.34891
26.47465 0.11806 13.34893
26.47765 0.11804 13.34895
26.48065 0.11802 13.34897
26.48365 0.11800 13.34899
26.48665 0.11798 13.34900
26.48965 0.11796 13.34902
26.49265 0.11794 13.34904
26.49565 0.11792 13.34906
26.49865 0.11790 13.34908
26.50165 0.11788 13.34910
26.50465 0.11786 13.34912
26.50765 0.11784 13.34914
26.51065 0.11782 13.34916
26.51365 0.11781 13.34918
26.51665 0.11779 13.34920
26.51965 0.11777 13.34922
26.52265 0.11775 13.34924
26.52565 0.11773 13.34926
26.52865 0.11771 13.34927
26.53165 0.11769 13.34929
26.53465 0.11767 13.34931
26.53765 0.11765 13.34933
26.54065 0.11763 13.34935
26.54365 0.11761 13.34937
26.54665 0.11759 13.34939
26.54966 0.11757 13.34941
26.55266 0.11756 13.34943
26.55566 0.11754 13.34945
26.55866 0.11752 13.34947
26.56166 0.11750 13.34949
26.56466 0.11748 13.34951
26.56766 0.11746 13.34952
26.57066 0.11744 13.34954
26.57366 0.11742 13.34956
26.57666 0.11740 13.34958
26.57966 0.11738 13.34960
26.58266 0.11736 13.34962
26.58566 0.11734 13.34964
26.58866 0.11733 13.34966
26.59166 0.11731 13.34968
26.59466 0.11729 13.34970
26.59766 0.11727 13.34972
26.60066 0.11725 13.34973
26.60366 0.11723 13.34975
26.60666 0.11721 13.34977
26.60966 0.11719 13.34979
26.61266 0.11717 13.34981
26.61566 0.11715 13.34983
26.61866 0.11713 13.34985
26.62166 0.11712 13.34987
26.62466 0.11710 13.34989
26.62766 0.11708 13.34991
26.63066 0.11706 13.34993
26.63366 0.11704 13.34994
26.63666 0.11702 13.34996
26.63966 0.11700 13.34998
26.64266 0.11698 13.35000
26.64566 0.11696 13.35002
26.64866 0.11694 13.35004
26.65167 0.11692 13.35006
26.65467 0.11691 13.35008
26.65767 0.11689 13.35010
26.66067 0.11687 13.35012
26.66367 0.11685 13.35014
26.66667 0.11683 13.35015
26.66967 0.11681 13.35017
26.67267 0.11679 13.35019
26.67567 0.11677 13.35021
26.67867 0.11675 13.35023
26.68167 0.11673 13.35025
26.68467 0.11672 13.35027
26.68767 0.11670 13.35029
26.69067 0.11668 13.35031
26.69367 0.11666 13.35033
26.69667 0.11664 13.35034
26.69967 0.11662 13.35036
26.70267 0.11660 13.35038
26.70567 0.11658 13.35040
26.70867 0.11656 13.35042
26.71167 0.11655 13.35044
26.71467 0.11653 13.35046
26.71767 0.11651 13.35048
26.72067 0.11649 13.35050
26.72367 0.11647 13.35051
26.72667 0.11645 13.35053
26.72967 0.11643 13.35055
26.73267 0.11641 13.35057
26.73567 0.11639 13.35059
26.73867 0.11638 13.35061
26.74167 0.11636 13.35063
26.74467 0.11634 13.35065
26.74767 0.11632 13.35067
26.75068 0.11630 13.35068
26.75368 0.11628 13.35070
26.75668 0.11626 13.35072
26.75968 0.11624 13.35074
26.76268 0.11622 13.35076
26.76568 0.11621 13.35078
26.76868 0.11619 13.35080
26.77168 0.11617 13.35082
26.77468 0.11615 13.35084
26.77768 0.11613 13.35085
26.78068 0.11611 13.35087
26.78368 0.11609 13.35089
26.78668 0.11607 13.35091
26.78968 0.11605 13.35093
26.79268 0.11604 13.35095
26.79568 0.11602 13.35097
26.79868 0.11600 13.35099
26.80168 0.11598 13.35100
26.80468 0.11596 13.35102
26.80768 0.11594 13.35104
26.81068 0.11592 13.35106
26.81368 0.11590 13.35108
26.81668 0.11589 13.35110
26.81968 0.11587 13.35112
26.82268 0.11585 13.35114
26.82568 0.11583 13.35115
26.82868 0.11581 13.35117
26.83168 0.11579 13.35119
26.83468 0.11577 13.35121
26.83768 0.11575 13.35123
26.84068 0.11574 13.35125
26.84368 0.11572 13.35127
26.84668 0.11570 13.35129
26.84969 0.11568 13.35130
26.85269 0.11566 13.35132
26.85569 0.11564 13.35134
26.85869 0.11562 13.35136
26.86169 0.11561 13.35138
26.86469 0.11559 13.35140
26.86769 0.11557 13.35142
26.87069 0.11555 13.35143
26.87369 0.11553 13.35145
26.87669 0.11551 13.35147
26.87969 0.11549 13.35149
26.88269 0.11547 13.35151
26.88569 0.11546 13.35153
26.88869 0.11544 13.35155
26.89169 0.11542 13.35157
26.89469 0.11540 13.35158
26.89769 0.11538 13.35160
26.90069 0.11536 13.35162
26.90369 0.11534 13.35164
26.90669 0.11533 13.35166
26.90969 0.11531 13.35168
26.91269 0.11529 13.35170
26.91569 0.11527 13.35171
26.91869 0.11525 13.35173
26.92169 0.11523 13.35175
26.92469 0.11521 13.35177
26.92769 0.11520 13.35179
26.93069 0.11518 13.35181
26.93369 0.11516 13.35183
26.93669 0.11514 13.35184
26.93969 0.11512 13.35186
26.94269 0.11510 13.35188
26.94569 0.11508 13.35190
26.94869 0.11507 13.35192
26.95170 0.11505 13.35194
26.95470 0.11503 13.35196
26.95770 0.11501 13.35197
26.96070 0.11499 13.35199
26.96370 0.11497 13.35201
26.96670 0.11495 13.35203
26.96970 0.11494 13.35205
26.97270 0.11492 13.35207
26.97570 0.11490 13.35208
26.97870 0.11488 13.35210
26.98170 0.11486 13.35212
26.98470 0.11484 13.35214
26.98770 0.11483 13.35216
26.99070 0.11481 13.35218
26.99370 0.11479 13.35220
26.99670 0.11477 13.35221
26.99970 0.11475 13.35223
27.00270 0.11473 13.35225
27.00570 0.11471 13.35227
27.00870 0.11470 13.35229
27.01170 0.11468 13.35231
27.01470 0.11466 13.35232
27.01770 0.11464 13.35234
27.02070 0.11462 13.35236
27.02370 0.11460 13.35238
27.02670 0.11459 13.35240
27.02970 0.11457 13.35242
27.03270 0.11455 13.35243
27.03570 0.11453 13.35245
27.03870 0.11451 13.35247
27.04170 0.11449 13.35249
27.04470 0.11448 13.35251
27.04770 0.11446 13.35253
27.05071 0.11444 13.35255
27.05371 0.11442 13.35256
27.05671 0.11440 13.35258
27.05971 0.11438 13.35260
27.06271 0.11437 13.35262
27.06571 0.11435 13.35264
27.06871 0.11433 13.35266
27.07171 0.11431 13.35267
27.07471 0.11429 13.35269
27.07771 0.11427 13.35271
27.08071 0.11426 13.35273
27.08371 0.11424 13.35275
27.08671 0.11422 13.35277
27.08971 0.11420 13.35278
27.09271 0.11418 13.35280
27.09571 0.11416 13.35282
27.09871 0.11415 13.35284
27.10171 0.11413 13.35286
27.10471 0.11411 13.35287
27.10771 0.11409 13.35289
27.11071 0.11407 13.35291
27.11371 0.11405 13.35293
27.11671 0.11404 13.35295
27.11971 0.11402 13.35297
27.12271 0.11400 13.35298
27.12571 0.11398 13.35300
27.12871 0.11396 13.35302
27.13171 0.11394 13.35304
27.13471 0.11393 13.35306
27.13771 0.11391 13.35308
27.14071 0.11389 13.35309
27.14371 0.11387 13.35311
27.14671 0.11385 13.35313
27.14972 0.11384 13.35315
27.15272 0.11382 13.35317
27.15572 0.11380 13.35318
27.15872 0.11378 13.35320
27.16172 0.11376 13.35322
27.16472 0.11374 13.35324
27.16772 0.11373 13.35326
27.17072 0.11371 13.35328
27.17372 0.11369 13.35329
27.17672 0.11367 13.35331
27.17972 0.11365 13.35333
27.18272 0.11364 13.35335
27.18572 0.11362 13.35337
27.18872 0.11360 13.35338
27.19172 0.11358 13.35340
27.19472 0.11356 13.35342
27.19772 0.11355 13.35344
27.20072 0.11353 13.35346
27.20372 0.11351 13.35348
27.20672 0.11349 13.35349
27.20972 0.11347 13.35351
27.21272 0.11345 13.35353
27.21572 0.11344 13.35355
27.21872 0.11342 13.35357
27.22172 0.11340 13.35358
27.22472 0.11338 13.35360
27.22772 0.11336 13.35362
27.23072 0.11335 13.35364
27.23372 0.11333 13.35366
27.23672 0.11331 13.35367
27.23972 0.11329 13.35369
27.24272 0.11327 13.35371
27.24572 0.11326 13.35373
27.24872 0.11324 13.35375
27.25173 0.11322 13.35376
27.25473 0.11320 13.35378
27.25773 0.11318 13.35380
27.26073 0.11317 13.35382
27.26373 0.11315 13.35384
27.26673 0.11313 13.35385
27.26973 0.11311 13.35387
27.27273 0.11309 13.35389
27.27573 0.11308 13.35391
27.27873 0.11306 13.35393
27.28173 0.11304 13.35394
27.28473 0.11302 13.35396
27.28773 0.11300 13.35398
27.29073 0.11299 13.35400
27.29373 0.11297 13.35402
27.29673 0.11295 13.35403
27.29973 0.11293 13.35405
27.30273 0.11291 13.35407
27.30573 0.11290 13.35409
27.30873 0.11288 13.35411
27.31173 0.11286 13.35412
27.31473 0.11284 13.35414
27.31773 0.11282 13.35416
27.32073 0.11281 13.35418
27.32373 0.11279 13.35420
27.32673 0.11277 13.35421
27.32973 0.11275 13.35423
27.33273 0.11273 13.35425
27.33573 0.11272 13.35427
27.33873 0.11270 13.35429
27.34173 0.11268 13.35430
27.34473 0.11266 13.35432
27.34773 0.11264 13.35434
27.35074 0.11263 13.35436
27.35374 0.11261 13.35437
27.35674 0.11259 13.35439
27.35974 0.11257 13.35441
27.36274 0.11256 13.35443
27.36574 0.11254 13.35445
27.36874 0.11252 13.35446
27.37174 0.11250 13.35448
27.37474 0.11248 13.35450
27.37774 0.11247 13.35452
27.38074 0.11245 13.35454
27.38374 0.11243 13.35455
27.38674 0.11241 13.35457
27.38974 0.11240 13.35459
27.39274 0.11238 13.35461
27.39574 0.11236 13.35462
27.39874 0.11234 13.35464
27.40174 0.11232 13.35466
27.40474 0.11231 13.35468
27.40774 0.11229 13.35470
27.41074 0.11227 13.35471
27.41374 0.11225 13.35473
27.41674 0.11223 13.35475
27.41974 0.11222 13.35477
27.42274 0.11220 13.35478
27.42574 0.11218 13.35480
27.42874 0.11216 13.35482
27.43174 0.11215 13.35484
27.43474 0.11213 13.35486
27.43774 0.11211 13.35487
27.44074 0.11209 13.35489
27.44374 0.11208 13.35491
27.44674 0.11206 13.35493
27.44975 0.11204 13.35494
27.45275 0.11202 13.35496
27.45575 0.11200 13.35498
27.45875 0.11199 13.35500
27.46175 0.11197 13.35502
27.46475 0.11195 13.35503
27.46775 0.11193 13.35505
27.47075 0.11192 13.35507
27.47375 0.11190 13.35509
27.47675 0.11188 13.35510
27.47975 0.11186 13.35512
27.48275 0.11184 13.35514
27.48575 0.11183 13.35516
27.48875 0.11181 13.35517
27.49175 0.11179 13.35519
27.49475 0.11177 13.35521
27.49775 0.11176 13.35523
27.50075 0.11174 13.35524
27.50375 0.11172 13.35526
27.50675 0.11170 13.35528
27.50975 0.11169 13.35530
27.51275 0.11167 13.35532
27.51575 0.11165 13.35533
27.51875 0.11163 13.35535
27.52175 0.11162 13.35537
27.52475 0.11160 13.35539
27.52775 0.11158 13.35540
27.53075 0.11156 13.35542
27.53375 0.11155 13.35544
27.53675 0.11153 13.35546
27.53975 0.11151 13.35547
27.54275 0.11149 13.35549
27.54575 0.11147 13.35551
27.54875 0.11146 13.35553
27.55176 0.11144 13.35554
27.55476 0.11142 13.35556
27.55776 0.11140 13.35558
27.56076 0.11139 13.35560
27.56376 0.11137 13.35561
27.56676 0.11135 13.35563
27.56976 0.11133 13.35565
27.57276 0.11132 13.35567
27.57576 0.11130 13.35568
27.57876 0.11128 13.35570
27.58176 0.11126 13.35572
27.58476 0.11125 13.35574
27.58776 0.11123 13.35575
27.59076 0.11121 13.35577
27.59376 0.11119 13.35579
27.59676 0.11118 13.35581
27.59976 0.11116 13.35582
27.60276 0.11114 13.35584
27.60576 0.11112 13.35586
27.60876 0.11111 13.35588
27.61176 0.11109 13.35589
27.61476 0.11107 13.35591
27.61776 0.11105 13.35593
27.62076 0.11104 13.35595
27.62376 0.11102 13.35596
27.62676 0.11100 13.35598
27.62976 0.11098 13.35600
27.63276 0.11097 13.35602
27.63576 0.11095 13.35603
27.63876 0.11093 13.35605
27.64176 0.11091 13.35607
27.64476 0.11090 13.35609
27.64776 0.11088 13.35610
27.65077 0.11086 13.35612
27.65377 0.11085 13.35614
27.65677 0.11083 13.35616
27.65977 0.11081 13.35617
27.66277 0.11079 13.35619
27.66577 0.11078 13.35621
27.66877 0.11076 13.35623
27.67177 0.11074 13.35624
27.67477 0.11072 13.35626
27.67777 0.11071 13.35628
27.68077 0.11069 13.35630
27.68377 0.11067 13.35631
27.68677 0.11065 13.35633
27.68977 0.11064 13.35635
27.69277 0.11062 13.35636
27.69577 0.11060 13.35638
27.69877 0.11058 13.35640
27.70177 0.11057 13.35642
27.70477 0.11055 13.35643
27.70777 0.11053 13.35645
27.71077 0.11052 13.35647
27.71377 0.11050 13.35649
27.71677 0.11048 13.35650
27.71977 0.11046 13.35652
27.72277 0.11045 13.35654
27.72577 0.11043 13.35656
27.72877 0.11041 13.35657
27.73177 0.11039 13.35659
27.73477 0.11038 13.35661
27.73777 0.11036 13.35662
27.74077 0.11034 13.35664
27.74377 0.11032 13.35666
27.74677 0.11031 13.35668
27.74978 0.11029 13.35669
27.75278 0.11027 13.35671
27.75578 0.11026 13.35673
27.75878 0.11024 13.35675
27.76178 0.11022 13.35676
27.76478 0.11020 13.35678
27.76778 0.11019 13.35680
27.77078 0.11017 13.35681
27.77378 0.11015 13.35683
27.77678 0.11014 13.35685
27.77978 0.11012 13.35687
27.78278 0.11010 13.35688
27.78578 0.11008 13.35690
27.78878 0.11007 13.35692
27.79178 0.11005 13.35693
27.79478 0.11003 13.35695
27.79778 0.11001 13.35697
27.80078 0.11000 13.35699
27.80378 0.10998 13.35700
27.80678 0.10996 13.35702
27.80978 0.10995 13.35704
27.81278 0.10993 13.35706
27.81578 0.10991 13.35707
27.81878 0.10989 13.35709
27.82178 0.10988 13.35711
27.82478 0.10986 13.35712
27.82778 0.10984 13.35714
27.83078 0.10983 13.35716
27.83378 0.10981 13.35718
27.83678 0.10979 13.35719
27.83978 0.10977 13.35721
27.84278 0.10976 13.35723
27.84578 0.10974 13.35724
27.84878 0.10972 13.35726
27.85179 0.10971 13.35728
27.85479 0.10969 13.35730
27.85779 0.10967 13.35731
27.86079 0.10965 13.35733
27.86379 0.10964 13.35735
27.86679 0.10962 13.35736
27.86979 0.10960 13.35738
27.87279 0.10959 13.35740
27.87579 0.10957 13.35741
27.87879 0.10955 13.35743
27.88179 0.10954 13.35745
27.88479 0.10952 13.35747
27.88779 0.10950 13.35748
27.89079 0.10948 13.35750
27.89379 0.10947 13.35752
27.89679 0.10945 13.35753
27.89979 0.10943 13.35755
27.90279 0.10942 13.35757
27.90579 0.10940 13.35759
27.90879 0.10938 13.35760
27.91179 0.10936 13.35762
27.91479 0.10935 13.35764
27.91779 0.10933 13.35765
27.92079 0.10931 13.35767
27.92379 0.10930 13.35769
27.92679 0.10928 13.35770
27.92979 0.10926 13.35772
27.93279 0.10925 13.35774
27.93579 0.10923 13.35776
27.93879 0.10921 13.35777
27.94179 0.10919 13.35779
27.94479 0.10918 13.35781
27.94779 0.10916 13.35782
27.95080 0.10914 13.35784
27.95380 0.10913 13.35786
27.95680 0.10911 13.35787
27.95980 0.10909 13.35789
27.96280 0.10908 13.35791
27.96580 0.10906 13.35792
27.96880 0.10904 13.35794
27.97180 0.10903 13.35796
27.97480 0.10901 13.35798
27.97780 0.10899 13.35799
27.98080 0.10897 13.35801
27.98380 0.10896 13.35803
27.98680 0.10894 13.35804
27.98980 0.10892 13.35806
27.99280 0.10891 13.35808
27.99580 0.10889 13.35809
27.99880 0.10887 13.35811
28.00180 0.10886 13.35813
28.00480 0.10884 13.35814
28.00780 0.10882 13.35816
28.01080 0.10881 13.35818
28.01380 0.10879 13.35820
28.01680 0.10877 13.35821
28.01980 0.10875 13.35823
28.02280 0.10874 13.35825
28.02580 0.10872 13.35826
28.02880 0.10870 13.35828
28.03180 0.10869 13.35830
28.03480 0.10867 13.35831
28.03780 0.10865 13.35833
28.04080 0.10864 13.35835
28.04380 0.10862 13.35836
28.04680 0.10860 13.35838
28.04981 0.10859 13.35840
28.05281 0.10857 13.35841
28.05581 0.10855 13.35843
28.05881 0.10854 13.35845
28.06181 0.10852 13.35846
28.06481 0.10850 13.35848
28.06781 0.10849 13.35850
28.07081 0.10847 13.35852
28.07381 0.10845 13.35853
28.07681 0.10844 13.35855
28.07981 0.10842 13.35857
28.08281 0.10840 13.35858
28.08581 0.10838 13.35860
28.08881 0.10837 13.35862
28.09181 0.10835 13.35863
28.09481 0.10833 13.35865
28.09781 0.10832 13.35867
28.10081 0.10830 13.35868
28.10381 0.10828 13.35870
28.10681 0.10827 13.35872
28.10981 0.10825 13.35873
28.11281 0.10823 13.35875
28.11581 0.10822 13.35877
28.11881 0.10820 13.35878
28.12181 0.10818 13.35880
28.12481 0.10817 13.35882
28.12781 0.10815 13.35883
28.13081 0.10813 13.35885
28.13381 0.10812 13.35887
28.13681 0.10810 13.35888
28.13981 0.10808 13.35890
28.14281 0.10807 13.35892
28.14581 0.10805 13.35893
28.14881 0.10803 13.35895
28.15182 0.10802 13.35897
28.15482 0.10800 13.35898
28.15782 0.10798 13.35900
28.16082 0.10797 13.35902
28.16382 0.10795 13.35903
28.16682 0.10793 13.35905
28.16982 0.10792 13.35907
28.17282 0.10790 13.35908
28.17582 0.10788 13.35910
28.17882 0.10787 13.35912
28.18182 0.10785 13.35913
28.18482 0.10783 13.35915
28.18782 0.10782 13.35917
28.19082 0.10780 13.35918
28.19382 0.10778 13.35920
28.19682 0.10777 13.35922
28.19982 0.10775 13.35923
28.20282 0.10773 13.35925
28.20582 0.10772 13.35927
28.20882 0.10770 13.35928
28.21182 0.10768 13.35930
28.21482 0.10767 13.35932
28.21782 0.10765 13.35933
28.22082 0.10763 13.35935
28.22382 0.10762 13.35937
28.22682 0.10760 13.35938
28.22982 0.10758 13.35940
28.23282 0.10757 13.35942
28.23582 0.10755 13.35943
28.23882 0.10754 13.35945
28.24182 0.10752 13.35947
28.24482 0.10750 13.35948
28.24782 0.10749 13.35950
28.25083 0.10747 13.35952
28.25383 0.10745 13.35953
28.25683 0.10744 13.35955
28.25983 0.10742 13.35956
28.26283 0.10740 13.35958
28.26583 0.10739 13.35960
28.26883 0.10737 13.35961
28.27183 0.10735 13.35963
28.27483 0.10734 13.35965
28.27783 0.10732 13.35966
28.28083 0.10730 13.35968
28.28383 0.10729 13.35970
28.28683 0.10727 13.35971
28.28983 0.10725 13.35973
28.29283 0.10724 13.35975
28.29583 0.10722 13.35976
28.29883 0.10720 13.35978
28.30183 0.10719 13.35980
28.30483 0.10717 13.35981
28.30783 0.10716 13.35983
28.31083 0.10714 13.35984
28.31383 0.10712 13.35986
28.31683 0.10711 13.35988
28.31983 0.10709 13.35989
28.32283 0.10707 13.35991
28.32583 0.10706 13.35993
28.32883 0.10704 13.35994
28.33183 0.10702 13.35996
28.33483 0.10701 13.35998
28.33783 0.10699 13.35999
28.34083 0.10697 13.36001
28.34383 0.10696 13.36003
28.34683 0.10694 13.36004
28.34984 0.10693 13.36006
28.35284 0.10691 13.36007
28.35584 0.10689 13.36009
28.35884 0.10688 13.36011
28.36184 0.10686 13.36012
28.36484 0.10684 13.36014
28.36784 0.10683 13.36016
28.37084 0.10681 13.36017
28.37384 0.10679 13.36019
28.37684 0.10678 13.36021
28.37984 0.10676 13.36022
28.38284 0.10675 13.36024
28.38584 0.10673 13.36025
28.38884 0.10671 13.36027
28.39184 0.10670 13.36029
28.39484 0.10668 13.36030
28.39784 0.10666 13.36032
28.40084 0.10665 13.36034
28.40384 0.10663 13.36035
28.40684 0.10661 13.36037
28.40984 0.10660 13.36039
28.41284 0.10658 13.36040
28.41584 0.10657 13.36042
28.41884 0.10655 13.36043
28.42184 0.10653 13.36045
28.42484 0.10652 13.36047
28.42784 0.10650 13.36048
28.43084 0.10648 13.36050
28.43384 0.10647 13.36052
28.43684 0.10645 13.36053
28.43984 0.10644 13.36055
28.44284 0.10642 13.36056
28.44584 0.10640 13.36058
28.44884 0.10639 13.36060
28.45185 0.10637 13.36061
28.45485 0.10635 13.36063
28.45785 0.10634 13.36065
28.46085 0.10632 13.36066
28.46385 0.10631 13.36068
28.46685 0.10629 13.36069
28.46985 0.10627 13.36071
28.47285 0.10626 13.36073
28.47585 0.10624 13.36074
28.47885 0.10622 13.36076
28.48185 0.10621 13.36078
28.48485 0.10619 13.36079
28.48785 0.10618 13.36081
28.49085 0.10616 13.36082
28.49385 0.10614 13.36084
28.49685 0.10613 13.36086
28.49985 0.10611 13.36087
28.50285 0.10609 13.36089
28.50585 0.10608 13.36091
28.50885 0.10606 13.36092
28.51185 0.10605 13.36094
28.51485 0.10603 13.36095
28.51785 0.10601 13.36097
28.52085 0.10600 13.36099
28.52385 0.10598 13.36100
28.52685 0.10597 13.36102
28.52985 0.10595 13.36103
28.53285 0.10593 13.36105
28.53585 0.10592 13.36107
28.53885 0.10590 13.36108
28.54185 0.10588 13.36110
28.54485 0.10587 13.36112
28.54785 0.10585 13.36113
28.55086 0.10584 13.36115
28.55386 0.10582 13.36116
28.55686 0.10580 13.36118
28.55986 0.10579 13.36120
28.56286 0.10577 13.36121
28.56586 0.10576 13.36123
28.56886 0.10574 13.36124
28.57186 0.10572 13.36126
28.57486 0.10571 13.36128
28.57786 0.10569 13.36129
28.58086 0.10568 13.36131
28.58386 0.10566 13.36132
28.58686 0.10564 13.36134
28.58986 0.10563 13.36136
28.59286 0.10561 13.36137
28.59586 0.10560 13.36139
28.59886 0.10558 13.36140
28.60186 0.10556 13.36142
28.60486 0.10555 13.36144
28.60786 0.10553 13.36145
28.61086 0.10551 13.36147
28.61386 0.10550 13.36149
28.61686 0.10548 13.36150
28.61986 0.10547 13.36152
28.62286 0.10545 13.36153
28.62586 0.10543 13.36155
28.62886 0.10542 13.36157
28.63186 0.10540 13.36158
28.63486 0.10539 13.36160
28.63786 0.10537 13.36161
28.64086 0.10535 13.36163
28.64386 0.10534 13.36165
28.64686 0.10532 13.36166
28.64987 0.10531 13.36168
28.65287 0.10529 13.36169
28.65587 0.10527 13.36171
28.65887 0.10526 13.36173
28.66187 0.10524 13.36174
28.66487 0.10523 13.36176
28.66787 0.10521 13.36177
28.67087 0.10519 13.36179
28.67387 0.10518 13.36180
28.67687 0.10516 13.36182
28.67987 0.10515 13.36184
28.68287 0.10513 13.36185
28.68587 0.10512 13.36187
28.68887 0.10510 13.36188
28.69187 0.10508 13.36190
28.69487 0.10507 13.36192
28.69787 0.10505 13.36193
28.70087 0.10504 13.36195
28.70387 0.10502 13.36196
28.70687 0.10500 13.36198
28.70987 0.10499 13.36200
28.71287 0.10497 13.36201
28.71587 0.10496 13.36203
28.71887 0.10494 13.36204
28.72187 0.10492 13.36206
28.72487 0.10491 13.36208
28.72787 0.10489 13.36209
28.73087 0.10488 13.36211
28.73387 0.10486 13.36212
28.73687 0.10484 13.36214
28.73987 0.10483 13.36215
28.74287 0.10481 13.36217
28.74587 0.10480 13.36219
28.74887 0.10478 13.36220
28.75188 0.10477 13.36222
28.75488 0.10475 13.36223
28.75788 0.10473 13.36225
28.76088 0.10472 13.36227
28.76388 0.10470 13.36228
28.76688 0.10469 13.36230
28.76988 0.10467 13.36231
28.77288 0.10465 13.36233
28.77588 0.10464 13.36234
28.77888 0.10462 13.36236
28.78188 0.10461 13.36238
28.78488 0.10459 13.36239
28.78788 0.10458 13.36241
28.79088 0.10456 13.36242
28.79388 0.10454 13.36244
28.79688 0.10453 13.36246
28.79988 0.10451 13.36247
28.80288 0.10450 13.36249
28.80588 0.10448 13.36250
28.80888 0.10447 13.36252
28.81188 0.10445 13.36253
28.81488 0.10443 13.36255
28.81788 0.10442 13.36257
28.82088 0.10440 13.36258
28.82388 0.10439 13.36260
28.82688 0.10437 13.36261
28.82988 0.10435 13.36263
28.83288 0.10434 13.36264
28.83588 0.10432 13.36266
28.83888 0.10431 13.36268
28.84188 0.10429 13.36269
28.84488 0.10428 13.36271
28.84788 0.10426 13.36272
28.85089 0.10424 13.36274
28.85389 0.10423 13.36275
28.85689 0.10421 13.36277
28.85989 0.10420 13.36279
28.86289 0.10418 13.36280
28.86589 0.10417 13.36282
28.86889 0.10415 13.36283
28.87189 0.10413 13.36285
28.87489 0.10412 13.36286
28.87789 0.10410 13.36288
28.88089 0.10409 13.36290
28.88389 0.10407 13.36291
28.88689 0.10406 13.36293
28.88989 0.10404 13.36294
28.89289 0.10403 13.36296
28.89589 0.10401 13.36297
28.89889 0.10399 13.36299
28.90189 0.10398 13.36301
28.90489 0.10396 13.36302
28.90789 0.10395 13.36304
28.91089 0.10393 13.36305
28.91389 0.10392 13.36307
28.91689 0.10390 13.36308
28.91989 0.10388 13.36310
28.92289 0.10387 13.36312
28.92589 0.10385 13.36313
28.92889 0.10384 13.36315
28.93189 0.10382 13.36316
28.93489 0.10381 13.36318
28.93789 0.10379 13.36319
28.94089 0.10378 13.36321
28.94389 0.10376 13.36322
28.94689 0.10374 13.36324
28.94990 0.10373 13.36326
28.95290 0.10371 13.36327
28.95590 0.10370 13.36329
28.95890 0.10368 13.36330
28.96190 0.10367 13.36332
28.96490 0.10365 13.36333
28.96790 0.10363 13.36335
28.97090 0.10362 13.36336
28.97390 0.10360 13.36338
28.97690 0.10359 13.36340
28.97990 0.10357 13.36341
28.98290 0.10356 13.36343
28.98590 0.10354 13.36344
28.98890 0.10353 13.36346
28.99190 0.10351 13.36347
28.99490 0.10349 13.36349
28.99790 0.10348 13.36350
29.00090 0.10346 13.36352
29.00390 0.10345 13.36354
29.00690 0.10343 13.36355
29.00990 0.10342 13.36357
29.01290 0.10340 13.36358
29.01590 0.10339 13.36360
29.01890 0.10337 13.36361
29.02190 0.10336 13.36363
29.02490 0.10334 13.36364
29.02790 0.10332 13.36366
29.03090 0.10331 13.36368
29.03390 0.10329 13.36369
29.03690 0.10328 13.36371
29.03990 0.10326 13.36372
29.04290 0.10325 13.36374
29.04590 0.10323 13.36375
29.04890 0.10322 13.36377
29.05191 0.10320 13.36378
29.05491 0.10319 13.36380
29.05791 0.10317 13.36381
29.06091 0.10315 13.36383
29.06391 0.10314 13.36385
29.06691 0.10312 13.36386
29.06991 0.10311 13.36388
29.07291 0.10309 13.36389
29.07591 0.10308 13.36391
29.07891 0.10306 13.36392
29.08191 0.10305 13.36394
29.08491 0.10303 13.36395
29.08791 0.10302 13.36397
29.09091 0.10300 13.36398
29.09391 0.10298 13.36400
29.09691 0.10297 13.36401
29.09991 0.10295 13.36403
29.10291 0.10294 13.36405
29.10591 0.10292 13.36406
29.10891 0.10291 13.36408
29.11191 0.10289 13.36409
29.11491 0.10288 13.36411
29.11791 0.10286 13.36412
29.12091 0.10285 13.36414
29.12391 0.10283 13.36415
29.12691 0.10282 13.36417
29.12991 0.10280 13.36418
29.13291 0.10278 13.36420
29.13591 0.10277 13.36421
29.13891 0.10275 13.36423
29.14191 0.10274 13.36425
29.14491 0.10272 13.36426
29.14791 0.10271 13.36428
29.15092 0.10269 13.36429
29.15392 0.10268 13.36431
29.15692 0.10266 13.36432
29.15992 0.10265 13.36434
29.16292 0.10263 13.36435
29.16592 0.10262 13.36437
29.16892 0.10260 13.36438
29.17192 0.10259 13.36440
29.17492 0.10257 13.36441
29.17792 0.10255 13.36443
29.18092 0.10254 13.36444
29.18392 0.10252 13.36446
29.18692 0.10251 13.36447
29.18992 0.10249 13.36449
29.19292 0.10248 13.36451
29.19592 0.10246 13.36452
29.19892 0.10245 13.36454
29.20192 0.10243 13.36455
29.20492 0.10242 13.36457
29.20792 0.10240 13.36458
29.21092 0.10239 13.36460
29.21392 0.10237 13.36461
29.21692 0.10236 13.36463
29.21992 0.10234 13.36464
29.22292 0.10233 13.36466
29.22592 0.10231 13.36467
29.22892 0.10230 13.36469
29.23192 0.10228 13.36470
29.23492 0.10227 13.36472
29.23792 0.10225 13.36473
29.24092 0.10223 13.36475
29.24392 0.10222 13.36476
29.24692 0.10220 13.36478
29.24993 0.10219 13.36479
29.25293 0.10217 13.36481
29.25593 0.10216 13.36483
29.25893 0.10214 13.36484
29.26193 0.10213 13.36486
29.26493 0.10211 13.36487
29.26793 0.10210 13.36489
29.27093 0.10208 13.36490
29.27393 0.10207 13.36492
29.27693 0.10205 13.36493
29.27993 0.10204 13.36495
29.28293 0.10202 13.36496
29.28593 0.10201 13.36498
29.28893 0.10199 13.36499
29.29193 0.10198 13.36501
29.29493 0.10196 13.36502
29.29793 0.10195 13.36504
29.30093 0.10193 13.36505
29.30393 0.10192 13.36507
29.30693 0.10190 13.36508
29.30993 0.10189 13.36510
29.31293 0.10187 13.36511
29.31593 0.10186 13.36513
29.31893 0.10184 13.36514
29.32193 0.10183 13.36516
29.32493 0.10181 13.36517
29.32793 0.10179 13.36519
29.33093 0.10178 13.36520
29.33393 0.10176 13.36522
29.33693 0.10175 13.36523
29.33993 0.10173 13.36525
29.34293 0.10172 13.36526
29.34593 0.10170 13.36528
29.34893 0.10169 13.36529
29.35194 0.10167 13.36531
29.35494 0.10166 13.36532
29.35794 0.10164 13.36534
29.36094 0.10163 13.36535
29.36394 0.10161 13.36537
29.36694 0.10160 13.36539
29.36994 0.10158 13.36540
29.37294 0.10157 13.36542
29.37594 0.10155 13.36543
29.37894 0.10154 13.36545
29.38194 0.10152 13.36546
29.38494 0.10151 13.36548
29.38794 0.10149 13.36549
29.39094 0.10148 13.36551
29.39394 0.10146 13.36552
29.39694 0.10145 13.36554
29.39994 0.10143 13.36555
29.40294 0.10142 13.36557
29.40594 0.10140 13.36558
29.40894 0.10139 13.36560
29.41194 0.10137 13.36561
29.41494 0.10136 13.36563
29.41794 0.10134 13.36564
29.42094 0.10133 13.36566
29.42394 0.10131 13.36567
29.42694 0.10130 13.36569
29.42994 0.10128 13.36570
29.43294 0.10127 13.36572
29.43594 0.10125 13.36573
29.43894 0.10124 13.36575
29.44194 0.10122 13.36576
29.44494 0.10121 13.36578
29.44794 0.10119 13.36579
29.45095 0.10118 13.36581
29.45395 0.10116 13.36582
29.45695 0.10115 13.36584
29.45995 0.10113 13.36585
29.46295 0.10112 13.36586
29.46595 0.10110 13.36588
29.46895 0.10109 13.36589
29.47195 0.10107 13.36591
29.47495 0.10106 13.36592
29.47795 0.10104 13.36594
29.48095 0.10103 13.36595
29.48395 0.10101 13.36597
29.48695 0.10100 13.36598
29.48995 0.10098 13.36600
29.49295 0.10097 13.36601
29.49595 0.10095 13.36603
29.49895 0.10094 13.36604
29.50195 0.10093 13.36606
29.50495 0.10091 13.36607
29.50795 0.10090 13.36609
29.51095 0.10088 13.36610
29.51395 0.10087 13.36612
29.51695 0.10085 13.36613
29.51995 0.10084 13.36615
29.52295 0.10082 13.36616
29.52595 0.10081 13.36618
29.52895 0.10079 13.36619
29.53195 0.10078 13.36621
29.53495 0.10076 13.36622
29.53795 0.10075 13.36624
29.54095 0.10073 13.36625
29.54395 0.10072 13.36627
29.54695 0.10070 13.36628
29.54996 0.10069 13.36630
29.55296 0.10067 13.36631
29.55596 0.10066 13.36633
29.55896 0.10064 13.36634
29.56196 0.10063 13.36636
29.56496 0.10061 13.36637
29.56796 0.10060 13.36639
29.57096 0.10058 13.36640
29.57396 0.10057 13.36642
29.57696 0.10055 13.36643
29.57996 0.10054 13.36644
29.58296 0.10052 13.36646
29.58596 0.10051 13.36647
29.58896 0.10049 13.36649
29.59196 0.10048 13.36650
29.59496 0.10047 13.36652
29.59796 0.10045 13.36653
29.60096 0.10044 13.36655
29.60396 0.10042 13.36656
29.60696 0.10041 13.36658
29.60996 0.10039 13.36659
29.61296 0.10038 13.36661
29.61596 0.10036 13.36662
29.61896 0.10035 13.36664
29.62196 0.10033 13.36665
29.62496 0.10032 13.36667
29.62796 0.10030 13.36668
29.63096 0.10029 13.36670
29.63396 0.10027 13.36671
29.63696 0.10026 13.36673
29.63996 0.10024 13.36674
29.64296 0.10023 13.36675
29.64596 0.10021 13.36677
29.64896 0.10020 13.36678
29.65197 0.10019 13.36680
29.65497 0.10017 13.36681
29.65797 0.10016 13.36683
29.66097 0.10014 13.36684
29.66397 0.10013 13.36686
29.66697 0.10011 13.36687
29.66997 0.10010 13.36689
29.67297 0.10008 13.36690
29.67597 0.10007 13.36692
29.67897 0.10005 13.36693
29.68197 0.10004 13.36695
29.68497 0.10002 13.36696
29.68797 0.10001 13.36698
29.69097 0.09999 13.36699
29.69397 0.09998 13.36700
29.69697 0.09996 13.36702
29.69997 0.09995 13.36703
29.70297 0.09994 13.36705
29.70597 0.09992 13.36706
29.70897 0.09991 13.36708
29.71197 0.09989 13.36709
29.71497 0.09988 13.36711
29.71797 0.09986 13.36712
29.72097 0.09985 13.36714
29.72397 0.09983 13.36715
29.72697 0.09982 13.36717
29.72997 0.09980 13.36718
29.73297 0.09979 13.36719
29.73597 0.09977 13.36721
29.73897 0.09976 13.36722
29.74197 0.09975 13.36724
29.74497 0.09973 13.36725
29.74797 0.09972 13.36727
29.75098 0.09970 13.36728
29.75398 0.09969 13.36730
29.75698 0.09967 13.36731
29.75998 0.09966 13.36733
29.76298 0.09964 13.36734
29.76598 0.09963 13.36736
29.76898 0.09961 13.36737
29.77198 0.09960 13.36738
29.77498 0.09959 13.36740
29.77798 0.09957 13.36741
29.78098 0.09956 13.36743
29.78398 0.09954 13.36744
29.78698 0.09953 13.36746
29.78998 0.09951 13.36747
29.79298 0.09950 13.36749
29.79598 0.09948 13.36750
29.79898 0.09947 13.36752
29.80198 0.09945 13.36753
29.80498 0.09944 13.36754
29.80798 0.09943 13.36756
29.81098 0.09941 13.36757
29.81398 0.09940 13.36759
29.81698 0.09938 13.36760
29.81998 0.09937 13.36762
29.82298 0.09935 13.36763
29.82598 0.09934 13.36765
29.82898 0.09932 13.36766
29.83198 0.09931 13.36767
29.83498 0.09929 13.36769
29.83798 0.09928 13.36770
29.84098 0.09927 13.36772
29.84398 0.09925 13.36773
29.84698 0.09924 13.36775
29.84999 0.09922 13.36776
29.85299 0.09921 13.36778
29.85599 0.09919 13.36779
29.85899 0.09918 13.36781
29.86199 0.09916 13.36782
29.86499 0.09915 13.36783
29.86799 0.09914 13.36785
29.87099 0.09912 13.36786
29.87399 0.09911 13.36788
29.87699 0.09909 13.36789
29.87999 0.09908 13.36791
29.88299 0.09906 13.36792
29.88599 0.09905 13.36794
29.88899 0.09903 13.36795
29.89199 0.09902 13.36796
29.89499 0.09901 13.36798
29.89799 0.09899 13.36799
29.90099 0.09898 13.36801
29.90399 0.09896 13.36802
29.90699 0.09895 13.36804
29.90999 0.09893 13.36805
29.91299 0.09892 13.36807
29.91599 0.09890 13.36808
29.91899 0.09889 13.36809
29.92199 0.09888 13.36811
29.92499 0.09886 13.36812
29.92799 0.09885 13.36814
29.93099 0.09883 13.36815
29.93399 0.09882 13.36817
29.93699 0.09880 13.36818
29.93999 0.09879 13.36819
29.94299 0.09878 13.36821
29.94599 0.09876 13.36822
29.94899 0.09875 13.36824
29.95200 0.09873 13.36825
29.95500 0.09872 13.36827
29.95800 0.09870 13.36828
29.96100 0.09869 13.36829
29.96400 0.09867 13.36831
29.96700 0.09866 13.36832
29.97000 0.09865 13.36834
29.97300 0.09863 13.36835
29.97600 0.09862 13.36837
29.97900 0.09860 13.36838
29.98200 0.09859 13.36840
29.98500 0.09857 13.36841
29.98800 0.09856 13.36842
29.99100 0.09855 13.36844
29.99400 0.09853 13.36845
29.99700 0.09852 13.36847
30.00000 0.09850 13.36848
